# https://github.com/mikedh/trimesh

o Right_gripper.stl
v -0.00578345 0.02356185 0.01200881 0.70588235 0.70588235 0.70588235
v -0.00600000 0.03696017 0.01179680 0.70588235 0.70588235 0.70588235
v -0.00632463 0.03694631 0.01178383 0.70588235 0.70588235 0.70588235
v -0.00664713 0.02356108 0.01196198 0.70588235 0.70588235 0.70588235
v -0.00492989 0.02355957 0.01186890 0.70588235 0.70588235 0.70588235
v -0.00535287 0.03690487 0.01174498 0.70588235 0.70588235 0.70588235
v -0.00578345 0.03695402 0.01179102 0.70588235 0.70588235 0.70588235
v -0.00412638 0.02355437 0.01154878 0.70588235 0.70588235 0.70588235
v -0.00451946 0.03666203 0.01151751 0.70588235 0.70588235 0.70588235
v -0.00492989 0.03680715 0.01165346 0.70588235 0.70588235 0.70588235
v -0.00341046 0.03596176 0.01086156 0.70588235 0.70588235 0.70588235
v -0.00375526 0.03623684 0.01111922 0.70588235 0.70588235 0.70588235
v -0.00412637 0.03647117 0.01133873 0.70588235 0.70588235 0.70588235
v -0.00341047 0.02354647 0.01106345 0.70588235 0.70588235 0.70588235
v -0.00281562 0.02353626 0.01043559 0.70588235 0.70588235 0.70588235
v -0.00281563 0.03530276 0.01024424 0.70588235 0.70588235 0.70588235
v -0.00236970 0.02352421 0.00969454 0.70588235 0.70588235 0.70588235
v -0.00236971 0.03452496 0.00951564 0.70588235 0.70588235 0.70588235
v -0.00209352 0.02351087 0.00887497 0.70588235 0.70588235 0.70588235
v -0.00209352 0.03366475 0.00870984 0.70588235 0.70588235 0.70588235
v -0.00200000 0.02349690 0.00801521 0.70588235 0.70588235 0.70588235
v -0.00200001 0.03276233 0.00786454 0.70588235 0.70588235 0.70588235
v -0.00209352 0.02348292 0.00715545 0.70588235 0.70588235 0.70588235
v -0.00209353 0.03185993 0.00701921 0.70588235 0.70588235 0.70588235
v -0.00236970 0.02346958 0.00633587 0.70588235 0.70588235 0.70588235
v -0.00236970 0.03099972 0.00621342 0.70588235 0.70588235 0.70588235
v -0.00281563 0.02345754 0.00559484 0.70588235 0.70588235 0.70588235
v -0.00281564 0.03022192 0.00548482 0.70588235 0.70588235 0.70588235
v -0.00341046 0.02344732 0.00496696 0.70588235 0.70588235 0.70588235
v -0.00341046 0.02956292 0.00486751 0.70588235 0.70588235 0.70588235
v -0.00412636 0.02343944 0.00448163 0.70588235 0.70588235 0.70588235
v -0.00492989 0.02343422 0.00416152 0.70588235 0.70588235 0.70588235
v -0.00492990 0.02871752 0.00407560 0.70588235 0.70588235 0.70588235
v -0.00451946 0.02886266 0.00421155 0.70588235 0.70588235 0.70588235
v -0.00412636 0.02905351 0.00439032 0.70588235 0.70588235 0.70588235
v -0.00375526 0.02928784 0.00460984 0.70588235 0.70588235 0.70588235
v -0.00664713 0.02343272 0.00406842 0.70588235 0.70588235 0.70588235
v -0.00621655 0.02857067 0.00393803 0.70588235 0.70588235 0.70588235
v -0.00578344 0.02343196 0.00402159 0.70588235 0.70588235 0.70588235
v -0.00578345 0.02857067 0.00393804 0.70588235 0.70588235 0.70588235
v -0.00535287 0.02861981 0.00398406 0.70588235 0.70588235 0.70588235
v -0.00748055 0.02343647 0.00429979 0.70588235 0.70588235 0.70588235
v -0.00707011 0.02871752 0.00407561 0.70588235 0.70588235 0.70588235
v -0.00664713 0.02861981 0.00398406 0.70588235 0.70588235 0.70588235
v -0.00824475 0.02355073 0.01132552 0.70588235 0.70588235 0.70588235
v -0.00890399 0.03564918 0.01056875 0.70588235 0.70588235 0.70588235
v -0.00890398 0.02354163 0.01076564 0.70588235 0.70588235 0.70588235
v -0.00942744 0.03492655 0.00989182 0.70588235 0.70588235 0.70588235
v -0.00942743 0.02353042 0.01007716 0.70588235 0.70588235 0.70588235
v -0.00979062 0.03410271 0.00912011 0.70588235 0.70588235 0.70588235
v -0.00979061 0.02351767 0.00929224 0.70588235 0.70588235 0.70588235
v -0.00997656 0.03321619 0.00828968 0.70588235 0.70588235 0.70588235
v -0.00997656 0.02350393 0.00844764 0.70588235 0.70588235 0.70588235
v -0.00997655 0.03230847 0.00743938 0.70588235 0.70588235 0.70588235
v -0.00997655 0.02348986 0.00758279 0.70588235 0.70588235 0.70588235
v -0.00979062 0.03142196 0.00660894 0.70588235 0.70588235 0.70588235
v -0.00979061 0.02347612 0.00673818 0.70588235 0.70588235 0.70588235
v -0.00942744 0.03059813 0.00583724 0.70588235 0.70588235 0.70588235
v -0.00942742 0.02346337 0.00595325 0.70588235 0.70588235 0.70588235
v -0.00890398 0.02987549 0.00516032 0.70588235 0.70588235 0.70588235
v -0.00890398 0.02345216 0.00526477 0.70588235 0.70588235 0.70588235
v -0.00824476 0.02928784 0.00460984 0.70588235 0.70588235 0.70588235
v -0.00824476 0.02344306 0.00470490 0.70588235 0.70588235 0.70588235
v -0.00787363 0.02905351 0.00439034 0.70588235 0.70588235 0.70588235
v -0.00748055 0.02886266 0.00421156 0.70588235 0.70588235 0.70588235
v -0.00748056 0.02355732 0.01173062 0.70588235 0.70588235 0.70588235
v -0.00787364 0.03647117 0.01133874 0.70588235 0.70588235 0.70588235
v -0.00824475 0.03623684 0.01111922 0.70588235 0.70588235 0.70588235
v -0.00664713 0.03690487 0.01174499 0.70588235 0.70588235 0.70588235
v -0.00707012 0.03680715 0.01165345 0.70588235 0.70588235 0.70588235
v -0.00748056 0.03666203 0.01151751 0.70588235 0.70588235 0.70588235
v -0.00813222 0.01848587 0.00737817 0.70588235 0.70588235 0.70588235
v -0.00823681 0.01849361 0.00785327 0.70588235 0.70588235 0.70588235
v -0.00823681 0.02349295 0.00777197 0.70588235 0.70588235 0.70588235
v -0.00825001 0.01849756 0.00809651 0.70588235 0.70588235 0.70588235
v -0.00823681 0.02350086 0.00825845 0.70588235 0.70588235 0.70588235
v -0.00823682 0.01850151 0.00833975 0.70588235 0.70588235 0.70588235
v -0.00813223 0.02350858 0.00873354 0.70588235 0.70588235 0.70588235
v -0.00813222 0.01850924 0.00881485 0.70588235 0.70588235 0.70588235
v -0.00792794 0.02351576 0.00917506 0.70588235 0.70588235 0.70588235
v -0.00792793 0.01851642 0.00925636 0.70588235 0.70588235 0.70588235
v -0.00763350 0.02352206 0.00956232 0.70588235 0.70588235 0.70588235
v -0.00763349 0.01852271 0.00964364 0.70588235 0.70588235 0.70588235
v -0.00726268 0.02352718 0.00987727 0.70588235 0.70588235 0.70588235
v -0.00726268 0.01852784 0.00995856 0.70588235 0.70588235 0.70588235
v -0.00683281 0.02353089 0.01010513 0.70588235 0.70588235 0.70588235
v -0.00683282 0.01853155 0.01018643 0.70588235 0.70588235 0.70588235
v -0.00636400 0.02353300 0.01023528 0.70588235 0.70588235 0.70588235
v -0.00636402 0.01853366 0.01031658 0.70588235 0.70588235 0.70588235
v -0.00587818 0.02353343 0.01026161 0.70588235 0.70588235 0.70588235
v -0.00587819 0.01853409 0.01034291 0.70588235 0.70588235 0.70588235
v -0.00539806 0.02353215 0.01018290 0.70588235 0.70588235 0.70588235
v -0.00539807 0.01853281 0.01026422 0.70588235 0.70588235 0.70588235
v -0.00494608 0.02352922 0.01000284 0.70588235 0.70588235 0.70588235
v -0.00494609 0.01852988 0.01008416 0.70588235 0.70588235 0.70588235
v -0.00454339 0.02352478 0.00972983 0.70588235 0.70588235 0.70588235
v -0.00454338 0.01852544 0.00981115 0.70588235 0.70588235 0.70588235
v -0.00420879 0.02351904 0.00937666 0.70588235 0.70588235 0.70588235
v -0.00420879 0.01851970 0.00945798 0.70588235 0.70588235 0.70588235
v -0.00395795 0.02351226 0.00895984 0.70588235 0.70588235 0.70588235
v -0.00395796 0.01851292 0.00904114 0.70588235 0.70588235 0.70588235
v -0.00380261 0.02350476 0.00849882 0.70588235 0.70588235 0.70588235
v -0.00380261 0.01850542 0.00858014 0.70588235 0.70588235 0.70588235
v -0.00375001 0.02349690 0.00801520 0.70588235 0.70588235 0.70588235
v -0.00375000 0.01849756 0.00809651 0.70588235 0.70588235 0.70588235
v -0.00380261 0.02348903 0.00753159 0.70588235 0.70588235 0.70588235
v -0.00380260 0.01848969 0.00761288 0.70588235 0.70588235 0.70588235
v -0.00395796 0.02348153 0.00707059 0.70588235 0.70588235 0.70588235
v -0.00395796 0.01848219 0.00715188 0.70588235 0.70588235 0.70588235
v -0.00420879 0.02347475 0.00665374 0.70588235 0.70588235 0.70588235
v -0.00420880 0.01847541 0.00673505 0.70588235 0.70588235 0.70588235
v -0.00454338 0.02346902 0.00630057 0.70588235 0.70588235 0.70588235
v -0.00454339 0.01846968 0.00638187 0.70588235 0.70588235 0.70588235
v -0.00494608 0.02346458 0.00602757 0.70588235 0.70588235 0.70588235
v -0.00494609 0.01846524 0.00610886 0.70588235 0.70588235 0.70588235
v -0.00539807 0.02346164 0.00584751 0.70588235 0.70588235 0.70588235
v -0.00539806 0.01846230 0.00592881 0.70588235 0.70588235 0.70588235
v -0.00587818 0.02346037 0.00576881 0.70588235 0.70588235 0.70588235
v -0.00587819 0.01846102 0.00585011 0.70588235 0.70588235 0.70588235
v -0.00636401 0.02346079 0.00579514 0.70588235 0.70588235 0.70588235
v -0.00636401 0.01846145 0.00587644 0.70588235 0.70588235 0.70588235
v -0.00683282 0.02346291 0.00592529 0.70588235 0.70588235 0.70588235
v -0.00683281 0.01846357 0.00600658 0.70588235 0.70588235 0.70588235
v -0.00726268 0.02346662 0.00615315 0.70588235 0.70588235 0.70588235
v -0.00726267 0.01846728 0.00623444 0.70588235 0.70588235 0.70588235
v -0.00763350 0.02347174 0.00646809 0.70588235 0.70588235 0.70588235
v -0.00763349 0.01847240 0.00654939 0.70588235 0.70588235 0.70588235
v -0.00792793 0.02347803 0.00685537 0.70588235 0.70588235 0.70588235
v -0.00792793 0.01847869 0.00693667 0.70588235 0.70588235 0.70588235
v -0.00813222 0.02348521 0.00729687 0.70588235 0.70588235 0.70588235
v 0.00621655 0.02356185 0.01200881 0.70588235 0.70588235 0.70588235
v 0.00600000 0.03696017 0.01179680 0.70588235 0.70588235 0.70588235
v 0.00567536 0.03694631 0.01178383 0.70588235 0.70588235 0.70588235
v 0.00535288 0.02356108 0.01196199 0.70588235 0.70588235 0.70588235
v 0.00707012 0.02355957 0.01186890 0.70588235 0.70588235 0.70588235
v 0.00664712 0.03690487 0.01174499 0.70588235 0.70588235 0.70588235
v 0.00621655 0.03695402 0.01179102 0.70588235 0.70588235 0.70588235
v 0.00787362 0.02355437 0.01154878 0.70588235 0.70588235 0.70588235
v 0.00748054 0.03666203 0.01151751 0.70588235 0.70588235 0.70588235
v 0.00707011 0.03680715 0.01165345 0.70588235 0.70588235 0.70588235
v 0.00858954 0.03596176 0.01086156 0.70588235 0.70588235 0.70588235
v 0.00824475 0.03623684 0.01111922 0.70588235 0.70588235 0.70588235
v 0.00787364 0.03647117 0.01133872 0.70588235 0.70588235 0.70588235
v 0.00858954 0.02354647 0.01106346 0.70588235 0.70588235 0.70588235
v 0.00918437 0.02353626 0.01043558 0.70588235 0.70588235 0.70588235
v 0.00918437 0.03530276 0.01024424 0.70588235 0.70588235 0.70588235
v 0.00963030 0.02352421 0.00969454 0.70588235 0.70588235 0.70588235
v 0.00963029 0.03452496 0.00951564 0.70588235 0.70588235 0.70588235
v 0.00990647 0.02351087 0.00887496 0.70588235 0.70588235 0.70588235
v 0.00990648 0.03366475 0.00870984 0.70588235 0.70588235 0.70588235
v 0.00999999 0.02349690 0.00801521 0.70588235 0.70588235 0.70588235
v 0.00999999 0.03276233 0.00786454 0.70588235 0.70588235 0.70588235
v 0.00990649 0.02348292 0.00715545 0.70588235 0.70588235 0.70588235
v 0.00990647 0.03185993 0.00701921 0.70588235 0.70588235 0.70588235
v 0.00963030 0.02346958 0.00633588 0.70588235 0.70588235 0.70588235
v 0.00963030 0.03099972 0.00621342 0.70588235 0.70588235 0.70588235
v 0.00918437 0.02345754 0.00559484 0.70588235 0.70588235 0.70588235
v 0.00918436 0.03022192 0.00548482 0.70588235 0.70588235 0.70588235
v 0.00858954 0.02344732 0.00496695 0.70588235 0.70588235 0.70588235
v 0.00858955 0.02956292 0.00486751 0.70588235 0.70588235 0.70588235
v 0.00787362 0.02343944 0.00448163 0.70588235 0.70588235 0.70588235
v 0.00707011 0.02343422 0.00416152 0.70588235 0.70588235 0.70588235
v 0.00707011 0.02871752 0.00407561 0.70588235 0.70588235 0.70588235
v 0.00748055 0.02886266 0.00421155 0.70588235 0.70588235 0.70588235
v 0.00787362 0.02905351 0.00439032 0.70588235 0.70588235 0.70588235
v 0.00824475 0.02928784 0.00460984 0.70588235 0.70588235 0.70588235
v 0.00535288 0.02343272 0.00406842 0.70588235 0.70588235 0.70588235
v 0.00578343 0.02857067 0.00393802 0.70588235 0.70588235 0.70588235
v 0.00621656 0.02343196 0.00402159 0.70588235 0.70588235 0.70588235
v 0.00621655 0.02857067 0.00393803 0.70588235 0.70588235 0.70588235
v 0.00664713 0.02861981 0.00398407 0.70588235 0.70588235 0.70588235
v 0.00451944 0.02343647 0.00429979 0.70588235 0.70588235 0.70588235
v 0.00492989 0.02871752 0.00407560 0.70588235 0.70588235 0.70588235
v 0.00535287 0.02861981 0.00398407 0.70588235 0.70588235 0.70588235
v 0.00375525 0.02355073 0.01132552 0.70588235 0.70588235 0.70588235
v 0.00309601 0.03564918 0.01056874 0.70588235 0.70588235 0.70588235
v 0.00309601 0.02354163 0.01076565 0.70588235 0.70588235 0.70588235
v 0.00257257 0.03492655 0.00989182 0.70588235 0.70588235 0.70588235
v 0.00257256 0.02353042 0.01007716 0.70588235 0.70588235 0.70588235
v 0.00220939 0.03410271 0.00912011 0.70588235 0.70588235 0.70588235
v 0.00220939 0.02351767 0.00929225 0.70588235 0.70588235 0.70588235
v 0.00202344 0.03321619 0.00828969 0.70588235 0.70588235 0.70588235
v 0.00202344 0.02350393 0.00844764 0.70588235 0.70588235 0.70588235
v 0.00202345 0.03230847 0.00743938 0.70588235 0.70588235 0.70588235
v 0.00202345 0.02348986 0.00758279 0.70588235 0.70588235 0.70588235
v 0.00220937 0.03142196 0.00660895 0.70588235 0.70588235 0.70588235
v 0.00220938 0.02347612 0.00673817 0.70588235 0.70588235 0.70588235
v 0.00257257 0.03059813 0.00583725 0.70588235 0.70588235 0.70588235
v 0.00257256 0.02346337 0.00595327 0.70588235 0.70588235 0.70588235
v 0.00309602 0.02987549 0.00516032 0.70588235 0.70588235 0.70588235
v 0.00309602 0.02345216 0.00526478 0.70588235 0.70588235 0.70588235
v 0.00375524 0.02928784 0.00460984 0.70588235 0.70588235 0.70588235
v 0.00375524 0.02344306 0.00470489 0.70588235 0.70588235 0.70588235
v 0.00412636 0.02905351 0.00439033 0.70588235 0.70588235 0.70588235
v 0.00451944 0.02886266 0.00421155 0.70588235 0.70588235 0.70588235
v 0.00451945 0.02355732 0.01173062 0.70588235 0.70588235 0.70588235
v 0.00412637 0.03647117 0.01133874 0.70588235 0.70588235 0.70588235
v 0.00375524 0.03623684 0.01111922 0.70588235 0.70588235 0.70588235
v 0.00535287 0.03690487 0.01174499 0.70588235 0.70588235 0.70588235
v 0.00492987 0.03680715 0.01165345 0.70588235 0.70588235 0.70588235
v 0.00451944 0.03666203 0.01151751 0.70588235 0.70588235 0.70588235
v 0.00386779 0.01848587 0.00737817 0.70588235 0.70588235 0.70588235
v 0.00376318 0.01849361 0.00785328 0.70588235 0.70588235 0.70588235
v 0.00376318 0.02349295 0.00777197 0.70588235 0.70588235 0.70588235
v 0.00375000 0.01849756 0.00809651 0.70588235 0.70588235 0.70588235
v 0.00376319 0.02350086 0.00825845 0.70588235 0.70588235 0.70588235
v 0.00376319 0.01850151 0.00833975 0.70588235 0.70588235 0.70588235
v 0.00386778 0.02350858 0.00873353 0.70588235 0.70588235 0.70588235
v 0.00386778 0.01850924 0.00881485 0.70588235 0.70588235 0.70588235
v 0.00407206 0.02351576 0.00917506 0.70588235 0.70588235 0.70588235
v 0.00407207 0.01851642 0.00925636 0.70588235 0.70588235 0.70588235
v 0.00436650 0.02352206 0.00956232 0.70588235 0.70588235 0.70588235
v 0.00436650 0.01852271 0.00964363 0.70588235 0.70588235 0.70588235
v 0.00473733 0.02352718 0.00987726 0.70588235 0.70588235 0.70588235
v 0.00473732 0.01852784 0.00995856 0.70588235 0.70588235 0.70588235
v 0.00516719 0.02353089 0.01010513 0.70588235 0.70588235 0.70588235
v 0.00516718 0.01853155 0.01018643 0.70588235 0.70588235 0.70588235
v 0.00563599 0.02353300 0.01023528 0.70588235 0.70588235 0.70588235
v 0.00563599 0.01853366 0.01031658 0.70588235 0.70588235 0.70588235
v 0.00612180 0.02353343 0.01026161 0.70588235 0.70588235 0.70588235
v 0.00612181 0.01853409 0.01034291 0.70588235 0.70588235 0.70588235
v 0.00660194 0.02353215 0.01018290 0.70588235 0.70588235 0.70588235
v 0.00660193 0.01853281 0.01026421 0.70588235 0.70588235 0.70588235
v 0.00705391 0.02352922 0.01000286 0.70588235 0.70588235 0.70588235
v 0.00705391 0.01852988 0.01008415 0.70588235 0.70588235 0.70588235
v 0.00745662 0.02352478 0.00972985 0.70588235 0.70588235 0.70588235
v 0.00745662 0.01852544 0.00981114 0.70588235 0.70588235 0.70588235
v 0.00779120 0.02351904 0.00937666 0.70588235 0.70588235 0.70588235
v 0.00779120 0.01851970 0.00945797 0.70588235 0.70588235 0.70588235
v 0.00804204 0.02351226 0.00895984 0.70588235 0.70588235 0.70588235
v 0.00804204 0.01851292 0.00904113 0.70588235 0.70588235 0.70588235
v 0.00819740 0.02350476 0.00849884 0.70588235 0.70588235 0.70588235
v 0.00819739 0.01850542 0.00858014 0.70588235 0.70588235 0.70588235
v 0.00825000 0.02349690 0.00801521 0.70588235 0.70588235 0.70588235
v 0.00825000 0.01849756 0.00809651 0.70588235 0.70588235 0.70588235
v 0.00819739 0.02348903 0.00753159 0.70588235 0.70588235 0.70588235
v 0.00819740 0.01848969 0.00761289 0.70588235 0.70588235 0.70588235
v 0.00804204 0.02348153 0.00707058 0.70588235 0.70588235 0.70588235
v 0.00804204 0.01848219 0.00715188 0.70588235 0.70588235 0.70588235
v 0.00779121 0.02347475 0.00665374 0.70588235 0.70588235 0.70588235
v 0.00779121 0.01847541 0.00673505 0.70588235 0.70588235 0.70588235
v 0.00745662 0.02346902 0.00630058 0.70588235 0.70588235 0.70588235
v 0.00745661 0.01846968 0.00638188 0.70588235 0.70588235 0.70588235
v 0.00705392 0.02346458 0.00602756 0.70588235 0.70588235 0.70588235
v 0.00705391 0.01846524 0.00610886 0.70588235 0.70588235 0.70588235
v 0.00660193 0.02346164 0.00584751 0.70588235 0.70588235 0.70588235
v 0.00660194 0.01846230 0.00592881 0.70588235 0.70588235 0.70588235
v 0.00612182 0.02346037 0.00576881 0.70588235 0.70588235 0.70588235
v 0.00612180 0.01846102 0.00585010 0.70588235 0.70588235 0.70588235
v 0.00563600 0.02346079 0.00579514 0.70588235 0.70588235 0.70588235
v 0.00563598 0.01846145 0.00587644 0.70588235 0.70588235 0.70588235
v 0.00516717 0.02346291 0.00592529 0.70588235 0.70588235 0.70588235
v 0.00516719 0.01846357 0.00600658 0.70588235 0.70588235 0.70588235
v 0.00473733 0.02346662 0.00615315 0.70588235 0.70588235 0.70588235
v 0.00473731 0.01846728 0.00623445 0.70588235 0.70588235 0.70588235
v 0.00436650 0.02347174 0.00646809 0.70588235 0.70588235 0.70588235
v 0.00436651 0.01847240 0.00654938 0.70588235 0.70588235 0.70588235
v 0.00407207 0.02347803 0.00685537 0.70588235 0.70588235 0.70588235
v 0.00407207 0.01847869 0.00693667 0.70588235 0.70588235 0.70588235
v 0.00386777 0.02348521 0.00729688 0.70588235 0.70588235 0.70588235
v 0.01309999 0.00695571 0.02371151 0.70588235 0.70588235 0.70588235
v 0.01309999 0.00704555 0.02409023 0.70588235 0.70588235 0.70588235
v 0.01650000 0.00704555 0.02409022 0.70588235 0.70588235 0.70588235
v 0.01309999 0.00705927 0.02428464 0.70588235 0.70588235 0.70588235
v 0.01650000 0.00705188 0.02447940 0.70588235 0.70588235 0.70588235
v 0.01310000 0.00705188 0.02447939 0.70588235 0.70588235 0.70588235
v 0.01650000 0.00697440 0.02486083 0.70588235 0.70588235 0.70588235
v 0.01309999 0.00697440 0.02486084 0.70588235 0.70588235 0.70588235
v 0.01649999 0.00681673 0.02521671 0.70588235 0.70588235 0.70588235
v 0.01309999 0.00681673 0.02521670 0.70588235 0.70588235 0.70588235
v 0.01649999 0.00658625 0.02553036 0.70588235 0.70588235 0.70588235
v 0.01310000 0.00658625 0.02553035 0.70588235 0.70588235 0.70588235
v 0.01649999 0.00629374 0.02578713 0.70588235 0.70588235 0.70588235
v 0.01310000 0.00629374 0.02578713 0.70588235 0.70588235 0.70588235
v 0.01650000 0.00595285 0.02597502 0.70588235 0.70588235 0.70588235
v 0.01309999 0.00595285 0.02597501 0.70588235 0.70588235 0.70588235
v 0.01649998 0.00557955 0.02608523 0.70588235 0.70588235 0.70588235
v 0.01310001 0.00557955 0.02608523 0.70588235 0.70588235 0.70588235
v 0.01649999 0.00519129 0.02611261 0.70588235 0.70588235 0.70588235
v 0.01309999 0.00519129 0.02611260 0.70588235 0.70588235 0.70588235
v 0.01650000 0.00480622 0.02605590 0.70588235 0.70588235 0.70588235
v 0.01309999 0.00480622 0.02605590 0.70588235 0.70588235 0.70588235
v 0.01650000 0.00444234 0.02591772 0.70588235 0.70588235 0.70588235
v 0.01309999 0.00444234 0.02591773 0.70588235 0.70588235 0.70588235
v 0.01650000 0.00411667 0.02570456 0.70588235 0.70588235 0.70588235
v 0.01310000 0.00411667 0.02570456 0.70588235 0.70588235 0.70588235
v 0.01649999 0.00384444 0.02542638 0.70588235 0.70588235 0.70588235
v 0.01309999 0.00384444 0.02542637 0.70588235 0.70588235 0.70588235
v 0.01649999 0.00363837 0.02509617 0.70588235 0.70588235 0.70588235
v 0.01309999 0.00363837 0.02509618 0.70588235 0.70588235 0.70588235
v 0.01650000 0.00350811 0.02472938 0.70588235 0.70588235 0.70588235
v 0.01310000 0.00350811 0.02472939 0.70588235 0.70588235 0.70588235
v 0.01650001 0.00345974 0.02434318 0.70588235 0.70588235 0.70588235
v 0.01310000 0.00345974 0.02434318 0.70588235 0.70588235 0.70588235
v 0.01649998 0.00349553 0.02395559 0.70588235 0.70588235 0.70588235
v 0.01310000 0.00349553 0.02395559 0.70588235 0.70588235 0.70588235
v 0.01649999 0.00361380 0.02358478 0.70588235 0.70588235 0.70588235
v 0.01310001 0.00361380 0.02358476 0.70588235 0.70588235 0.70588235
v 0.01650000 0.00380901 0.02324803 0.70588235 0.70588235 0.70588235
v 0.01310000 0.00380901 0.02324802 0.70588235 0.70588235 0.70588235
v 0.01649999 0.00407206 0.02296114 0.70588235 0.70588235 0.70588235
v 0.01310000 0.00407206 0.02296115 0.70588235 0.70588235 0.70588235
v 0.01649999 0.00439062 0.02273750 0.70588235 0.70588235 0.70588235
v 0.01309999 0.00439062 0.02273751 0.70588235 0.70588235 0.70588235
v 0.01649999 0.00474981 0.02258758 0.70588235 0.70588235 0.70588235
v 0.01310000 0.00474981 0.02258758 0.70588235 0.70588235 0.70588235
v 0.01650000 0.00513284 0.02251837 0.70588235 0.70588235 0.70588235
v 0.01310000 0.00513284 0.02251838 0.70588235 0.70588235 0.70588235
v 0.01649999 0.00552179 0.02253311 0.70588235 0.70588235 0.70588235
v 0.01310000 0.00552179 0.02253312 0.70588235 0.70588235 0.70588235
v 0.01649999 0.00589848 0.02263114 0.70588235 0.70588235 0.70588235
v 0.01309999 0.00589848 0.02263113 0.70588235 0.70588235 0.70588235
v 0.01650000 0.00624529 0.02280784 0.70588235 0.70588235 0.70588235
v 0.01310000 0.00624529 0.02280784 0.70588235 0.70588235 0.70588235
v 0.01649999 0.00654600 0.02305496 0.70588235 0.70588235 0.70588235
v 0.01309999 0.00654600 0.02305497 0.70588235 0.70588235 0.70588235
v 0.01649999 0.00678656 0.02336095 0.70588235 0.70588235 0.70588235
v 0.01310000 0.00678656 0.02336094 0.70588235 0.70588235 0.70588235
v 0.01649999 0.00695571 0.02371150 0.70588235 0.70588235 0.70588235
v 0.01309999 0.03695571 0.02371151 0.70588235 0.70588235 0.70588235
v 0.01309999 0.03704555 0.02409023 0.70588235 0.70588235 0.70588235
v 0.01650000 0.03704555 0.02409022 0.70588235 0.70588235 0.70588235
v 0.01309999 0.03705926 0.02428464 0.70588235 0.70588235 0.70588235
v 0.01650000 0.03705189 0.02447940 0.70588235 0.70588235 0.70588235
v 0.01310000 0.03705189 0.02447939 0.70588235 0.70588235 0.70588235
v 0.01650000 0.03697440 0.02486083 0.70588235 0.70588235 0.70588235
v 0.01309999 0.03697440 0.02486084 0.70588235 0.70588235 0.70588235
v 0.01649999 0.03681673 0.02521671 0.70588235 0.70588235 0.70588235
v 0.01309999 0.03681673 0.02521670 0.70588235 0.70588235 0.70588235
v 0.01649999 0.03658625 0.02553036 0.70588235 0.70588235 0.70588235
v 0.01310000 0.03658625 0.02553035 0.70588235 0.70588235 0.70588235
v 0.01649999 0.03629373 0.02578713 0.70588235 0.70588235 0.70588235
v 0.01310000 0.03629373 0.02578713 0.70588235 0.70588235 0.70588235
v 0.01650000 0.03595285 0.02597502 0.70588235 0.70588235 0.70588235
v 0.01309999 0.03595285 0.02597501 0.70588235 0.70588235 0.70588235
v 0.01649998 0.03557955 0.02608523 0.70588235 0.70588235 0.70588235
v 0.01310001 0.03557955 0.02608522 0.70588235 0.70588235 0.70588235
v 0.01649999 0.03519130 0.02611261 0.70588235 0.70588235 0.70588235
v 0.01309999 0.03519130 0.02611260 0.70588235 0.70588235 0.70588235
v 0.01650000 0.03480622 0.02605590 0.70588235 0.70588235 0.70588235
v 0.01309999 0.03480622 0.02605590 0.70588235 0.70588235 0.70588235
v 0.01650000 0.03444234 0.02591772 0.70588235 0.70588235 0.70588235
v 0.01309999 0.03444234 0.02591773 0.70588235 0.70588235 0.70588235
v 0.01650000 0.03411667 0.02570456 0.70588235 0.70588235 0.70588235
v 0.01310000 0.03411667 0.02570456 0.70588235 0.70588235 0.70588235
v 0.01649999 0.03384444 0.02542638 0.70588235 0.70588235 0.70588235
v 0.01309999 0.03384444 0.02542637 0.70588235 0.70588235 0.70588235
v 0.01649999 0.03363837 0.02509617 0.70588235 0.70588235 0.70588235
v 0.01309999 0.03363837 0.02509618 0.70588235 0.70588235 0.70588235
v 0.01650000 0.03350811 0.02472938 0.70588235 0.70588235 0.70588235
v 0.01310000 0.03350811 0.02472939 0.70588235 0.70588235 0.70588235
v 0.01650001 0.03345974 0.02434318 0.70588235 0.70588235 0.70588235
v 0.01310000 0.03345974 0.02434318 0.70588235 0.70588235 0.70588235
v 0.01649999 0.03349553 0.02395560 0.70588235 0.70588235 0.70588235
v 0.01310000 0.03349553 0.02395560 0.70588235 0.70588235 0.70588235
v 0.01649999 0.03361379 0.02358478 0.70588235 0.70588235 0.70588235
v 0.01310001 0.03361379 0.02358476 0.70588235 0.70588235 0.70588235
v 0.01650000 0.03380902 0.02324803 0.70588235 0.70588235 0.70588235
v 0.01310000 0.03380902 0.02324802 0.70588235 0.70588235 0.70588235
v 0.01649999 0.03407206 0.02296114 0.70588235 0.70588235 0.70588235
v 0.01310000 0.03407206 0.02296115 0.70588235 0.70588235 0.70588235
v 0.01649999 0.03439063 0.02273750 0.70588235 0.70588235 0.70588235
v 0.01309999 0.03439063 0.02273751 0.70588235 0.70588235 0.70588235
v 0.01649999 0.03474982 0.02258758 0.70588235 0.70588235 0.70588235
v 0.01310000 0.03474982 0.02258758 0.70588235 0.70588235 0.70588235
v 0.01650000 0.03513284 0.02251837 0.70588235 0.70588235 0.70588235
v 0.01310000 0.03513284 0.02251838 0.70588235 0.70588235 0.70588235
v 0.01649999 0.03552179 0.02253311 0.70588235 0.70588235 0.70588235
v 0.01310000 0.03552179 0.02253312 0.70588235 0.70588235 0.70588235
v 0.01649999 0.03589848 0.02263114 0.70588235 0.70588235 0.70588235
v 0.01309999 0.03589848 0.02263113 0.70588235 0.70588235 0.70588235
v 0.01650000 0.03624529 0.02280784 0.70588235 0.70588235 0.70588235
v 0.01310000 0.03624529 0.02280784 0.70588235 0.70588235 0.70588235
v 0.01649999 0.03654599 0.02305496 0.70588235 0.70588235 0.70588235
v 0.01309999 0.03654599 0.02305497 0.70588235 0.70588235 0.70588235
v 0.01649999 0.03678656 0.02336095 0.70588235 0.70588235 0.70588235
v 0.01310000 0.03678656 0.02336094 0.70588235 0.70588235 0.70588235
v 0.01649999 0.03695571 0.02371150 0.70588235 0.70588235 0.70588235
v 0.01309999 0.03695571 0.05871150 0.70588235 0.70588235 0.70588235
v 0.01310000 0.03704555 0.05909022 0.70588235 0.70588235 0.70588235
v 0.01650000 0.03704555 0.05909021 0.70588235 0.70588235 0.70588235
v 0.01310000 0.03705926 0.05928463 0.70588235 0.70588235 0.70588235
v 0.01649999 0.03705189 0.05947940 0.70588235 0.70588235 0.70588235
v 0.01310000 0.03705189 0.05947940 0.70588235 0.70588235 0.70588235
v 0.01649999 0.03697440 0.05986085 0.70588235 0.70588235 0.70588235
v 0.01310001 0.03697440 0.05986083 0.70588235 0.70588235 0.70588235
v 0.01650000 0.03681673 0.06021671 0.70588235 0.70588235 0.70588235
v 0.01309999 0.03681673 0.06021670 0.70588235 0.70588235 0.70588235
v 0.01650001 0.03658625 0.06053035 0.70588235 0.70588235 0.70588235
v 0.01310000 0.03658625 0.06053035 0.70588235 0.70588235 0.70588235
v 0.01650000 0.03629373 0.06078712 0.70588235 0.70588235 0.70588235
v 0.01310000 0.03629373 0.06078713 0.70588235 0.70588235 0.70588235
v 0.01650000 0.03595285 0.06097502 0.70588235 0.70588235 0.70588235
v 0.01310000 0.03595285 0.06097500 0.70588235 0.70588235 0.70588235
v 0.01650000 0.03557955 0.06108523 0.70588235 0.70588235 0.70588235
v 0.01309999 0.03557955 0.06108523 0.70588235 0.70588235 0.70588235
v 0.01649999 0.03519130 0.06111261 0.70588235 0.70588235 0.70588235
v 0.01310000 0.03519130 0.06111262 0.70588235 0.70588235 0.70588235
v 0.01650000 0.03480622 0.06105590 0.70588235 0.70588235 0.70588235
v 0.01310000 0.03480622 0.06105589 0.70588235 0.70588235 0.70588235
v 0.01650000 0.03444235 0.06091772 0.70588235 0.70588235 0.70588235
v 0.01310000 0.03444235 0.06091773 0.70588235 0.70588235 0.70588235
v 0.01650000 0.03411667 0.06070457 0.70588235 0.70588235 0.70588235
v 0.01310000 0.03411667 0.06070456 0.70588235 0.70588235 0.70588235
v 0.01650000 0.03384444 0.06042638 0.70588235 0.70588235 0.70588235
v 0.01309999 0.03384444 0.06042637 0.70588235 0.70588235 0.70588235
v 0.01649999 0.03363837 0.06009616 0.70588235 0.70588235 0.70588235
v 0.01310000 0.03363837 0.06009617 0.70588235 0.70588235 0.70588235
v 0.01649999 0.03350812 0.05972938 0.70588235 0.70588235 0.70588235
v 0.01309999 0.03350812 0.05972939 0.70588235 0.70588235 0.70588235
v 0.01650000 0.03345974 0.05934318 0.70588235 0.70588235 0.70588235
v 0.01309999 0.03345974 0.05934318 0.70588235 0.70588235 0.70588235
v 0.01650000 0.03349553 0.05895559 0.70588235 0.70588235 0.70588235
v 0.01309999 0.03349553 0.05895560 0.70588235 0.70588235 0.70588235
v 0.01650000 0.03361379 0.05858477 0.70588235 0.70588235 0.70588235
v 0.01309999 0.03361379 0.05858476 0.70588235 0.70588235 0.70588235
v 0.01650000 0.03380902 0.05824803 0.70588235 0.70588235 0.70588235
v 0.01310000 0.03380902 0.05824804 0.70588235 0.70588235 0.70588235
v 0.01650000 0.03407206 0.05796114 0.70588235 0.70588235 0.70588235
v 0.01310000 0.03407206 0.05796115 0.70588235 0.70588235 0.70588235
v 0.01650000 0.03439063 0.05773750 0.70588235 0.70588235 0.70588235
v 0.01309999 0.03439063 0.05773751 0.70588235 0.70588235 0.70588235
v 0.01650001 0.03474982 0.05758757 0.70588235 0.70588235 0.70588235
v 0.01310000 0.03474982 0.05758757 0.70588235 0.70588235 0.70588235
v 0.01649999 0.03513284 0.05751836 0.70588235 0.70588235 0.70588235
v 0.01310001 0.03513284 0.05751837 0.70588235 0.70588235 0.70588235
v 0.01649999 0.03552179 0.05753313 0.70588235 0.70588235 0.70588235
v 0.01309999 0.03552179 0.05753312 0.70588235 0.70588235 0.70588235
v 0.01650000 0.03589848 0.05763113 0.70588235 0.70588235 0.70588235
v 0.01309999 0.03589848 0.05763114 0.70588235 0.70588235 0.70588235
v 0.01649999 0.03624529 0.05780783 0.70588235 0.70588235 0.70588235
v 0.01309999 0.03624529 0.05780783 0.70588235 0.70588235 0.70588235
v 0.01650000 0.03654599 0.05805495 0.70588235 0.70588235 0.70588235
v 0.01309999 0.03654599 0.05805496 0.70588235 0.70588235 0.70588235
v 0.01649999 0.03678656 0.05836095 0.70588235 0.70588235 0.70588235
v 0.01309999 0.03678656 0.05836096 0.70588235 0.70588235 0.70588235
v 0.01650000 0.03695571 0.05871149 0.70588235 0.70588235 0.70588235
v -0.01600000 0.00850907 0.02426106 0.70588235 0.70588235 0.70588235
v -0.01900000 0.00850907 0.02426107 0.70588235 0.70588235 0.70588235
v -0.01600000 0.00844446 0.02496085 0.70588235 0.70588235 0.70588235
v -0.01900000 0.00844446 0.02496085 0.70588235 0.70588235 0.70588235
v -0.01600001 0.00823092 0.02563040 0.70588235 0.70588235 0.70588235
v -0.01899999 0.00823092 0.02563041 0.70588235 0.70588235 0.70588235
v -0.01600001 0.00787844 0.02623839 0.70588235 0.70588235 0.70588235
v -0.01899999 0.00787844 0.02623839 0.70588235 0.70588235 0.70588235
v -0.01600001 0.00740351 0.02675640 0.70588235 0.70588235 0.70588235
v -0.01900000 0.00740351 0.02675639 0.70588235 0.70588235 0.70588235
v -0.01600000 0.00682832 0.02716019 0.70588235 0.70588235 0.70588235
v -0.01900000 0.00682832 0.02716019 0.70588235 0.70588235 0.70588235
v -0.01600001 0.00617977 0.02743088 0.70588235 0.70588235 0.70588235
v -0.01900000 0.00617977 0.02743088 0.70588235 0.70588235 0.70588235
v -0.01600000 0.00548820 0.02755585 0.70588235 0.70588235 0.70588235
v -0.01900000 0.00548820 0.02755584 0.70588235 0.70588235 0.70588235
v -0.01600001 0.00478593 0.02752922 0.70588235 0.70588235 0.70588235
v -0.01900000 0.00478593 0.02752921 0.70588235 0.70588235 0.70588235
v -0.01600001 0.00410581 0.02735223 0.70588235 0.70588235 0.70588235
v -0.01900000 0.00410581 0.02735223 0.70588235 0.70588235 0.70588235
v -0.01600001 0.00347962 0.02703320 0.70588235 0.70588235 0.70588235
v -0.01900000 0.00347962 0.02703320 0.70588235 0.70588235 0.70588235
v -0.01600001 0.00293668 0.02658699 0.70588235 0.70588235 0.70588235
v -0.01900000 0.00293668 0.02658699 0.70588235 0.70588235 0.70588235
v -0.01600001 0.00250233 0.02603452 0.70588235 0.70588235 0.70588235
v -0.01900000 0.00250233 0.02603452 0.70588235 0.70588235 0.70588235
v -0.01600001 0.00219691 0.02540158 0.70588235 0.70588235 0.70588235
v -0.01900001 0.00219691 0.02540158 0.70588235 0.70588235 0.70588235
v -0.01600000 0.00203469 0.02471779 0.70588235 0.70588235 0.70588235
v -0.01900001 0.00203469 0.02471779 0.70588235 0.70588235 0.70588235
v -0.01600000 0.00202326 0.02401510 0.70588235 0.70588235 0.70588235
v -0.01900001 0.00202326 0.02401510 0.70588235 0.70588235 0.70588235
v -0.01600001 0.00216316 0.02332638 0.70588235 0.70588235 0.70588235
v -0.01900000 0.00216316 0.02332640 0.70588235 0.70588235 0.70588235
v -0.01600001 0.00244784 0.02268387 0.70588235 0.70588235 0.70588235
v -0.01900000 0.00244784 0.02268386 0.70588235 0.70588235 0.70588235
v -0.01599999 0.00286399 0.02211755 0.70588235 0.70588235 0.70588235
v -0.01900000 0.00286399 0.02211755 0.70588235 0.70588235 0.70588235
v -0.01600001 0.00339215 0.02165393 0.70588235 0.70588235 0.70588235
v -0.01900000 0.00339215 0.02165393 0.70588235 0.70588235 0.70588235
v -0.01600001 0.00400762 0.02131469 0.70588235 0.70588235 0.70588235
v -0.01900000 0.00400762 0.02131469 0.70588235 0.70588235 0.70588235
v -0.01600001 0.00468163 0.02111569 0.70588235 0.70588235 0.70588235
v -0.01900000 0.00468163 0.02111569 0.70588235 0.70588235 0.70588235
v -0.01600000 0.00538266 0.02106623 0.70588235 0.70588235 0.70588235
v -0.01900001 0.00538266 0.02106625 0.70588235 0.70588235 0.70588235
v -0.01600000 0.00607794 0.02116864 0.70588235 0.70588235 0.70588235
v -0.01900000 0.00607794 0.02116865 0.70588235 0.70588235 0.70588235
v -0.01600001 0.00673494 0.02141812 0.70588235 0.70588235 0.70588235
v -0.01900000 0.00673494 0.02141812 0.70588235 0.70588235 0.70588235
v -0.01600001 0.00732295 0.02180300 0.70588235 0.70588235 0.70588235
v -0.01900000 0.00732295 0.02180299 0.70588235 0.70588235 0.70588235
v -0.01600001 0.00781448 0.02230528 0.70588235 0.70588235 0.70588235
v -0.01900001 0.00781448 0.02230529 0.70588235 0.70588235 0.70588235
v -0.01600001 0.00818655 0.02290149 0.70588235 0.70588235 0.70588235
v -0.01900001 0.00818655 0.02290148 0.70588235 0.70588235 0.70588235
v -0.01600000 0.00842173 0.02356375 0.70588235 0.70588235 0.70588235
v -0.01900001 0.00842173 0.02356374 0.70588235 0.70588235 0.70588235
v -0.01600001 0.00345974 0.02434318 0.70588235 0.70588235 0.70588235
v -0.01310000 0.00345974 0.02434318 0.70588235 0.70588235 0.70588235
v -0.01600001 0.00350811 0.02472938 0.70588235 0.70588235 0.70588235
v -0.01310001 0.00350811 0.02472938 0.70588235 0.70588235 0.70588235
v -0.01600000 0.00363837 0.02509617 0.70588235 0.70588235 0.70588235
v -0.01310000 0.00363837 0.02509617 0.70588235 0.70588235 0.70588235
v -0.01600001 0.00384444 0.02542638 0.70588235 0.70588235 0.70588235
v -0.01309999 0.00384444 0.02542638 0.70588235 0.70588235 0.70588235
v -0.01600000 0.00411667 0.02570457 0.70588235 0.70588235 0.70588235
v -0.01310001 0.00411667 0.02570456 0.70588235 0.70588235 0.70588235
v -0.01600000 0.00444234 0.02591772 0.70588235 0.70588235 0.70588235
v -0.01310000 0.00444234 0.02591773 0.70588235 0.70588235 0.70588235
v -0.01600001 0.00480622 0.02605589 0.70588235 0.70588235 0.70588235
v -0.01310000 0.00480622 0.02605590 0.70588235 0.70588235 0.70588235
v -0.01600000 0.00519129 0.02611262 0.70588235 0.70588235 0.70588235
v -0.01310001 0.00519129 0.02611261 0.70588235 0.70588235 0.70588235
v -0.01600000 0.00557955 0.02608523 0.70588235 0.70588235 0.70588235
v -0.01310000 0.00557955 0.02608523 0.70588235 0.70588235 0.70588235
v -0.01599999 0.00595285 0.02597501 0.70588235 0.70588235 0.70588235
v -0.01310000 0.00595285 0.02597502 0.70588235 0.70588235 0.70588235
v -0.01600001 0.00629374 0.02578713 0.70588235 0.70588235 0.70588235
v -0.01309999 0.00629374 0.02578712 0.70588235 0.70588235 0.70588235
v -0.01600001 0.00658625 0.02553036 0.70588235 0.70588235 0.70588235
v -0.01310001 0.00658625 0.02553036 0.70588235 0.70588235 0.70588235
v -0.01600001 0.00681673 0.02521670 0.70588235 0.70588235 0.70588235
v -0.01310000 0.00681673 0.02521670 0.70588235 0.70588235 0.70588235
v -0.01600001 0.00697440 0.02486083 0.70588235 0.70588235 0.70588235
v -0.01310001 0.00697440 0.02486083 0.70588235 0.70588235 0.70588235
v -0.01600000 0.00705188 0.02447940 0.70588235 0.70588235 0.70588235
v -0.01310001 0.00705188 0.02447939 0.70588235 0.70588235 0.70588235
v -0.01600001 0.00705927 0.02428465 0.70588235 0.70588235 0.70588235
v -0.01310001 0.00705927 0.02428464 0.70588235 0.70588235 0.70588235
v -0.01600001 0.00704555 0.02409022 0.70588235 0.70588235 0.70588235
v -0.01310000 0.00704555 0.02409023 0.70588235 0.70588235 0.70588235
v -0.01600000 0.00695571 0.02371150 0.70588235 0.70588235 0.70588235
v -0.01310000 0.00695571 0.02371150 0.70588235 0.70588235 0.70588235
v -0.01600000 0.00678656 0.02336095 0.70588235 0.70588235 0.70588235
v -0.01310001 0.00678656 0.02336095 0.70588235 0.70588235 0.70588235
v -0.01600000 0.00654600 0.02305496 0.70588235 0.70588235 0.70588235
v -0.01310000 0.00654600 0.02305496 0.70588235 0.70588235 0.70588235
v -0.01600000 0.00624529 0.02280784 0.70588235 0.70588235 0.70588235
v -0.01310001 0.00624529 0.02280784 0.70588235 0.70588235 0.70588235
v -0.01600000 0.00589848 0.02263114 0.70588235 0.70588235 0.70588235
v -0.01310000 0.00589848 0.02263114 0.70588235 0.70588235 0.70588235
v -0.01600000 0.00552179 0.02253311 0.70588235 0.70588235 0.70588235
v -0.01310001 0.00552179 0.02253312 0.70588235 0.70588235 0.70588235
v -0.01600001 0.00513284 0.02251837 0.70588235 0.70588235 0.70588235
v -0.01310000 0.00513284 0.02251837 0.70588235 0.70588235 0.70588235
v -0.01600001 0.00474981 0.02258758 0.70588235 0.70588235 0.70588235
v -0.01310001 0.00474981 0.02258758 0.70588235 0.70588235 0.70588235
v -0.01600001 0.00439062 0.02273750 0.70588235 0.70588235 0.70588235
v -0.01310000 0.00439062 0.02273750 0.70588235 0.70588235 0.70588235
v -0.01600001 0.00407206 0.02296114 0.70588235 0.70588235 0.70588235
v -0.01309999 0.00407206 0.02296114 0.70588235 0.70588235 0.70588235
v -0.01600001 0.00380901 0.02324804 0.70588235 0.70588235 0.70588235
v -0.01310001 0.00380901 0.02324804 0.70588235 0.70588235 0.70588235
v -0.01600000 0.00361380 0.02358478 0.70588235 0.70588235 0.70588235
v -0.01310000 0.00361380 0.02358477 0.70588235 0.70588235 0.70588235
v -0.01600001 0.00349553 0.02395559 0.70588235 0.70588235 0.70588235
v -0.01310000 0.00349553 0.02395559 0.70588235 0.70588235 0.70588235
v -0.01600000 0.03850907 0.02426106 0.70588235 0.70588235 0.70588235
v -0.01900000 0.03850907 0.02426107 0.70588235 0.70588235 0.70588235
v -0.01600000 0.03844446 0.02496085 0.70588235 0.70588235 0.70588235
v -0.01900000 0.03844446 0.02496085 0.70588235 0.70588235 0.70588235
v -0.01600001 0.03823093 0.02563040 0.70588235 0.70588235 0.70588235
v -0.01899999 0.03823093 0.02563041 0.70588235 0.70588235 0.70588235
v -0.01600001 0.03787844 0.02623839 0.70588235 0.70588235 0.70588235
v -0.01899999 0.03787844 0.02623839 0.70588235 0.70588235 0.70588235
v -0.01600001 0.03740351 0.02675640 0.70588235 0.70588235 0.70588235
v -0.01900000 0.03740351 0.02675639 0.70588235 0.70588235 0.70588235
v -0.01600000 0.03682832 0.02716019 0.70588235 0.70588235 0.70588235
v -0.01900000 0.03682832 0.02716019 0.70588235 0.70588235 0.70588235
v -0.01600001 0.03617978 0.02743088 0.70588235 0.70588235 0.70588235
v -0.01900000 0.03617978 0.02743088 0.70588235 0.70588235 0.70588235
v -0.01600000 0.03548820 0.02755586 0.70588235 0.70588235 0.70588235
v -0.01900000 0.03548820 0.02755585 0.70588235 0.70588235 0.70588235
v -0.01600001 0.03478594 0.02752922 0.70588235 0.70588235 0.70588235
v -0.01900000 0.03478594 0.02752921 0.70588235 0.70588235 0.70588235
v -0.01600001 0.03410581 0.02735223 0.70588235 0.70588235 0.70588235
v -0.01900000 0.03410581 0.02735223 0.70588235 0.70588235 0.70588235
v -0.01600001 0.03347963 0.02703320 0.70588235 0.70588235 0.70588235
v -0.01900000 0.03347963 0.02703320 0.70588235 0.70588235 0.70588235
v -0.01600001 0.03293668 0.02658699 0.70588235 0.70588235 0.70588235
v -0.01900000 0.03293668 0.02658699 0.70588235 0.70588235 0.70588235
v -0.01600001 0.03250234 0.02603452 0.70588235 0.70588235 0.70588235
v -0.01900000 0.03250234 0.02603452 0.70588235 0.70588235 0.70588235
v -0.01600001 0.03219691 0.02540157 0.70588235 0.70588235 0.70588235
v -0.01900001 0.03219691 0.02540158 0.70588235 0.70588235 0.70588235
v -0.01600000 0.03203470 0.02471779 0.70588235 0.70588235 0.70588235
v -0.01900001 0.03203470 0.02471779 0.70588235 0.70588235 0.70588235
v -0.01600000 0.03202327 0.02401510 0.70588235 0.70588235 0.70588235
v -0.01900001 0.03202327 0.02401510 0.70588235 0.70588235 0.70588235
v -0.01600001 0.03216317 0.02332638 0.70588235 0.70588235 0.70588235
v -0.01900000 0.03216317 0.02332640 0.70588235 0.70588235 0.70588235
v -0.01600001 0.03244784 0.02268387 0.70588235 0.70588235 0.70588235
v -0.01900000 0.03244784 0.02268386 0.70588235 0.70588235 0.70588235
v -0.01599999 0.03286399 0.02211755 0.70588235 0.70588235 0.70588235
v -0.01900000 0.03286399 0.02211755 0.70588235 0.70588235 0.70588235
v -0.01600001 0.03339215 0.02165393 0.70588235 0.70588235 0.70588235
v -0.01900000 0.03339215 0.02165393 0.70588235 0.70588235 0.70588235
v -0.01600001 0.03400762 0.02131469 0.70588235 0.70588235 0.70588235
v -0.01900000 0.03400762 0.02131469 0.70588235 0.70588235 0.70588235
v -0.01600001 0.03468163 0.02111569 0.70588235 0.70588235 0.70588235
v -0.01900000 0.03468163 0.02111569 0.70588235 0.70588235 0.70588235
v -0.01600000 0.03538266 0.02106623 0.70588235 0.70588235 0.70588235
v -0.01900001 0.03538266 0.02106625 0.70588235 0.70588235 0.70588235
v -0.01600000 0.03607793 0.02116864 0.70588235 0.70588235 0.70588235
v -0.01900000 0.03607793 0.02116865 0.70588235 0.70588235 0.70588235
v -0.01600001 0.03673494 0.02141812 0.70588235 0.70588235 0.70588235
v -0.01900000 0.03673494 0.02141812 0.70588235 0.70588235 0.70588235
v -0.01600001 0.03732295 0.02180300 0.70588235 0.70588235 0.70588235
v -0.01900000 0.03732295 0.02180299 0.70588235 0.70588235 0.70588235
v -0.01600001 0.03781448 0.02230528 0.70588235 0.70588235 0.70588235
v -0.01900001 0.03781448 0.02230529 0.70588235 0.70588235 0.70588235
v -0.01600001 0.03818655 0.02290149 0.70588235 0.70588235 0.70588235
v -0.01900001 0.03818655 0.02290148 0.70588235 0.70588235 0.70588235
v -0.01600000 0.03842175 0.02356373 0.70588235 0.70588235 0.70588235
v -0.01900001 0.03842175 0.02356374 0.70588235 0.70588235 0.70588235
v -0.01600001 0.03345974 0.02434318 0.70588235 0.70588235 0.70588235
v -0.01310000 0.03345974 0.02434318 0.70588235 0.70588235 0.70588235
v -0.01600001 0.03350811 0.02472938 0.70588235 0.70588235 0.70588235
v -0.01310001 0.03350811 0.02472938 0.70588235 0.70588235 0.70588235
v -0.01600000 0.03363837 0.02509617 0.70588235 0.70588235 0.70588235
v -0.01310000 0.03363837 0.02509617 0.70588235 0.70588235 0.70588235
v -0.01600001 0.03384444 0.02542638 0.70588235 0.70588235 0.70588235
v -0.01310000 0.03384444 0.02542637 0.70588235 0.70588235 0.70588235
v -0.01600000 0.03411667 0.02570456 0.70588235 0.70588235 0.70588235
v -0.01310001 0.03411667 0.02570456 0.70588235 0.70588235 0.70588235
v -0.01600000 0.03444234 0.02591772 0.70588235 0.70588235 0.70588235
v -0.01310000 0.03444234 0.02591773 0.70588235 0.70588235 0.70588235
v -0.01600001 0.03480622 0.02605589 0.70588235 0.70588235 0.70588235
v -0.01310000 0.03480622 0.02605590 0.70588235 0.70588235 0.70588235
v -0.01600000 0.03519130 0.02611262 0.70588235 0.70588235 0.70588235
v -0.01310001 0.03519130 0.02611261 0.70588235 0.70588235 0.70588235
v -0.01600000 0.03557955 0.02608523 0.70588235 0.70588235 0.70588235
v -0.01310000 0.03557955 0.02608523 0.70588235 0.70588235 0.70588235
v -0.01599999 0.03595285 0.02597501 0.70588235 0.70588235 0.70588235
v -0.01310000 0.03595285 0.02597502 0.70588235 0.70588235 0.70588235
v -0.01600001 0.03629373 0.02578713 0.70588235 0.70588235 0.70588235
v -0.01309999 0.03629373 0.02578712 0.70588235 0.70588235 0.70588235
v -0.01600001 0.03658625 0.02553036 0.70588235 0.70588235 0.70588235
v -0.01310001 0.03658625 0.02553035 0.70588235 0.70588235 0.70588235
v -0.01600001 0.03681673 0.02521670 0.70588235 0.70588235 0.70588235
v -0.01310000 0.03681673 0.02521670 0.70588235 0.70588235 0.70588235
v -0.01600001 0.03697440 0.02486083 0.70588235 0.70588235 0.70588235
v -0.01310001 0.03697440 0.02486083 0.70588235 0.70588235 0.70588235
v -0.01600000 0.03705189 0.02447940 0.70588235 0.70588235 0.70588235
v -0.01310001 0.03705189 0.02447939 0.70588235 0.70588235 0.70588235
v -0.01600001 0.03705926 0.02428465 0.70588235 0.70588235 0.70588235
v -0.01310001 0.03705926 0.02428464 0.70588235 0.70588235 0.70588235
v -0.01600001 0.03704555 0.02409022 0.70588235 0.70588235 0.70588235
v -0.01310000 0.03704555 0.02409023 0.70588235 0.70588235 0.70588235
v -0.01600000 0.03695571 0.02371150 0.70588235 0.70588235 0.70588235
v -0.01310000 0.03695571 0.02371150 0.70588235 0.70588235 0.70588235
v -0.01600000 0.03678656 0.02336095 0.70588235 0.70588235 0.70588235
v -0.01310001 0.03678656 0.02336095 0.70588235 0.70588235 0.70588235
v -0.01600000 0.03654599 0.02305496 0.70588235 0.70588235 0.70588235
v -0.01310000 0.03654599 0.02305496 0.70588235 0.70588235 0.70588235
v -0.01600000 0.03624529 0.02280784 0.70588235 0.70588235 0.70588235
v -0.01310001 0.03624529 0.02280784 0.70588235 0.70588235 0.70588235
v -0.01600000 0.03589848 0.02263114 0.70588235 0.70588235 0.70588235
v -0.01310000 0.03589848 0.02263114 0.70588235 0.70588235 0.70588235
v -0.01600000 0.03552179 0.02253311 0.70588235 0.70588235 0.70588235
v -0.01310001 0.03552179 0.02253312 0.70588235 0.70588235 0.70588235
v -0.01600001 0.03513284 0.02251837 0.70588235 0.70588235 0.70588235
v -0.01310000 0.03513284 0.02251837 0.70588235 0.70588235 0.70588235
v -0.01600001 0.03474982 0.02258758 0.70588235 0.70588235 0.70588235
v -0.01310001 0.03474982 0.02258758 0.70588235 0.70588235 0.70588235
v -0.01600001 0.03439063 0.02273750 0.70588235 0.70588235 0.70588235
v -0.01310000 0.03439063 0.02273750 0.70588235 0.70588235 0.70588235
v -0.01600001 0.03407206 0.02296114 0.70588235 0.70588235 0.70588235
v -0.01309999 0.03407206 0.02296114 0.70588235 0.70588235 0.70588235
v -0.01600001 0.03380902 0.02324804 0.70588235 0.70588235 0.70588235
v -0.01310000 0.03380902 0.02324804 0.70588235 0.70588235 0.70588235
v -0.01600000 0.03361379 0.02358478 0.70588235 0.70588235 0.70588235
v -0.01310000 0.03361379 0.02358477 0.70588235 0.70588235 0.70588235
v -0.01600001 0.03349553 0.02395560 0.70588235 0.70588235 0.70588235
v -0.01310000 0.03349553 0.02395561 0.70588235 0.70588235 0.70588235
v -0.01600000 0.03850907 0.05926106 0.70588235 0.70588235 0.70588235
v -0.01900000 0.03850907 0.05926106 0.70588235 0.70588235 0.70588235
v -0.01600000 0.03844446 0.05996085 0.70588235 0.70588235 0.70588235
v -0.01900001 0.03844446 0.05996087 0.70588235 0.70588235 0.70588235
v -0.01600000 0.03823093 0.06063041 0.70588235 0.70588235 0.70588235
v -0.01900001 0.03823093 0.06063040 0.70588235 0.70588235 0.70588235
v -0.01600000 0.03787844 0.06123839 0.70588235 0.70588235 0.70588235
v -0.01900000 0.03787844 0.06123839 0.70588235 0.70588235 0.70588235
v -0.01600000 0.03740351 0.06175639 0.70588235 0.70588235 0.70588235
v -0.01900001 0.03740351 0.06175639 0.70588235 0.70588235 0.70588235
v -0.01600001 0.03682832 0.06216019 0.70588235 0.70588235 0.70588235
v -0.01900000 0.03682832 0.06216019 0.70588235 0.70588235 0.70588235
v -0.01600000 0.03617978 0.06243090 0.70588235 0.70588235 0.70588235
v -0.01900001 0.03617978 0.06243090 0.70588235 0.70588235 0.70588235
v -0.01600000 0.03548820 0.06255585 0.70588235 0.70588235 0.70588235
v -0.01900000 0.03548820 0.06255585 0.70588235 0.70588235 0.70588235
v -0.01600000 0.03478594 0.06252921 0.70588235 0.70588235 0.70588235
v -0.01900001 0.03478594 0.06252921 0.70588235 0.70588235 0.70588235
v -0.01600000 0.03410581 0.06235225 0.70588235 0.70588235 0.70588235
v -0.01900001 0.03410581 0.06235225 0.70588235 0.70588235 0.70588235
v -0.01600001 0.03347963 0.06203319 0.70588235 0.70588235 0.70588235
v -0.01899999 0.03347963 0.06203319 0.70588235 0.70588235 0.70588235
v -0.01600000 0.03293666 0.06158701 0.70588235 0.70588235 0.70588235
v -0.01900001 0.03293666 0.06158700 0.70588235 0.70588235 0.70588235
v -0.01600001 0.03250234 0.06103451 0.70588235 0.70588235 0.70588235
v -0.01900000 0.03250234 0.06103452 0.70588235 0.70588235 0.70588235
v -0.01600001 0.03219691 0.06040158 0.70588235 0.70588235 0.70588235
v -0.01900000 0.03219691 0.06040157 0.70588235 0.70588235 0.70588235
v -0.01600000 0.03203470 0.05971778 0.70588235 0.70588235 0.70588235
v -0.01900000 0.03203470 0.05971778 0.70588235 0.70588235 0.70588235
v -0.01600000 0.03202327 0.05901510 0.70588235 0.70588235 0.70588235
v -0.01900001 0.03202327 0.05901511 0.70588235 0.70588235 0.70588235
v -0.01600001 0.03216317 0.05832638 0.70588235 0.70588235 0.70588235
v -0.01900001 0.03216317 0.05832640 0.70588235 0.70588235 0.70588235
v -0.01600000 0.03244784 0.05768386 0.70588235 0.70588235 0.70588235
v -0.01900001 0.03244784 0.05768385 0.70588235 0.70588235 0.70588235
v -0.01600000 0.03286399 0.05711755 0.70588235 0.70588235 0.70588235
v -0.01900000 0.03286399 0.05711755 0.70588235 0.70588235 0.70588235
v -0.01600000 0.03339215 0.05665393 0.70588235 0.70588235 0.70588235
v -0.01900001 0.03339215 0.05665393 0.70588235 0.70588235 0.70588235
v -0.01600001 0.03400762 0.05631468 0.70588235 0.70588235 0.70588235
v -0.01900000 0.03400762 0.05631468 0.70588235 0.70588235 0.70588235
v -0.01600000 0.03468163 0.05611570 0.70588235 0.70588235 0.70588235
v -0.01900000 0.03468163 0.05611569 0.70588235 0.70588235 0.70588235
v -0.01600001 0.03538266 0.05606623 0.70588235 0.70588235 0.70588235
v -0.01900000 0.03538266 0.05606624 0.70588235 0.70588235 0.70588235
v -0.01600000 0.03607793 0.05616865 0.70588235 0.70588235 0.70588235
v -0.01900000 0.03607793 0.05616864 0.70588235 0.70588235 0.70588235
v -0.01600000 0.03673494 0.05641812 0.70588235 0.70588235 0.70588235
v -0.01900000 0.03673494 0.05641811 0.70588235 0.70588235 0.70588235
v -0.01600001 0.03732295 0.05680299 0.70588235 0.70588235 0.70588235
v -0.01899999 0.03732295 0.05680299 0.70588235 0.70588235 0.70588235
v -0.01600001 0.03781448 0.05730527 0.70588235 0.70588235 0.70588235
v -0.01900000 0.03781448 0.05730528 0.70588235 0.70588235 0.70588235
v -0.01600001 0.03818655 0.05790148 0.70588235 0.70588235 0.70588235
v -0.01899999 0.03818655 0.05790148 0.70588235 0.70588235 0.70588235
v -0.01600000 0.03842175 0.05856374 0.70588235 0.70588235 0.70588235
v -0.01900000 0.03842175 0.05856374 0.70588235 0.70588235 0.70588235
v -0.01600000 0.03345974 0.05934318 0.70588235 0.70588235 0.70588235
v -0.01310000 0.03345974 0.05934318 0.70588235 0.70588235 0.70588235
v -0.01600000 0.03350812 0.05972939 0.70588235 0.70588235 0.70588235
v -0.01310000 0.03350812 0.05972938 0.70588235 0.70588235 0.70588235
v -0.01600001 0.03363837 0.06009616 0.70588235 0.70588235 0.70588235
v -0.01309999 0.03363837 0.06009616 0.70588235 0.70588235 0.70588235
v -0.01600001 0.03384444 0.06042638 0.70588235 0.70588235 0.70588235
v -0.01310000 0.03384444 0.06042638 0.70588235 0.70588235 0.70588235
v -0.01600000 0.03411667 0.06070457 0.70588235 0.70588235 0.70588235
v -0.01310001 0.03411667 0.06070456 0.70588235 0.70588235 0.70588235
v -0.01600001 0.03444235 0.06091772 0.70588235 0.70588235 0.70588235
v -0.01310001 0.03444235 0.06091773 0.70588235 0.70588235 0.70588235
v -0.01600000 0.03480622 0.06105591 0.70588235 0.70588235 0.70588235
v -0.01310001 0.03480622 0.06105589 0.70588235 0.70588235 0.70588235
v -0.01600001 0.03519130 0.06111261 0.70588235 0.70588235 0.70588235
v -0.01310001 0.03519130 0.06111261 0.70588235 0.70588235 0.70588235
v -0.01600000 0.03557955 0.06108523 0.70588235 0.70588235 0.70588235
v -0.01310000 0.03557955 0.06108523 0.70588235 0.70588235 0.70588235
v -0.01600000 0.03595285 0.06097501 0.70588235 0.70588235 0.70588235
v -0.01310001 0.03595285 0.06097502 0.70588235 0.70588235 0.70588235
v -0.01600001 0.03629373 0.06078712 0.70588235 0.70588235 0.70588235
v -0.01310001 0.03629373 0.06078712 0.70588235 0.70588235 0.70588235
v -0.01600001 0.03658625 0.06053036 0.70588235 0.70588235 0.70588235
v -0.01310000 0.03658625 0.06053035 0.70588235 0.70588235 0.70588235
v -0.01600001 0.03681673 0.06021671 0.70588235 0.70588235 0.70588235
v -0.01310000 0.03681673 0.06021670 0.70588235 0.70588235 0.70588235
v -0.01600000 0.03697440 0.05986085 0.70588235 0.70588235 0.70588235
v -0.01310000 0.03697440 0.05986085 0.70588235 0.70588235 0.70588235
v -0.01600000 0.03705189 0.05947940 0.70588235 0.70588235 0.70588235
v -0.01310001 0.03705189 0.05947940 0.70588235 0.70588235 0.70588235
v -0.01600001 0.03705926 0.05928465 0.70588235 0.70588235 0.70588235
v -0.01310000 0.03705926 0.05928463 0.70588235 0.70588235 0.70588235
v -0.01600000 0.03704555 0.05909022 0.70588235 0.70588235 0.70588235
v -0.01310001 0.03704555 0.05909022 0.70588235 0.70588235 0.70588235
v -0.01600001 0.03695571 0.05871149 0.70588235 0.70588235 0.70588235
v -0.01310002 0.03695571 0.05871149 0.70588235 0.70588235 0.70588235
v -0.01600000 0.03678656 0.05836095 0.70588235 0.70588235 0.70588235
v -0.01310000 0.03678656 0.05836095 0.70588235 0.70588235 0.70588235
v -0.01600001 0.03654599 0.05805496 0.70588235 0.70588235 0.70588235
v -0.01310001 0.03654599 0.05805495 0.70588235 0.70588235 0.70588235
v -0.01600000 0.03624529 0.05780784 0.70588235 0.70588235 0.70588235
v -0.01310000 0.03624529 0.05780783 0.70588235 0.70588235 0.70588235
v -0.01600001 0.03589848 0.05763113 0.70588235 0.70588235 0.70588235
v -0.01310001 0.03589848 0.05763113 0.70588235 0.70588235 0.70588235
v -0.01599999 0.03552179 0.05753313 0.70588235 0.70588235 0.70588235
v -0.01310000 0.03552179 0.05753311 0.70588235 0.70588235 0.70588235
v -0.01600000 0.03513284 0.05751836 0.70588235 0.70588235 0.70588235
v -0.01310000 0.03513284 0.05751836 0.70588235 0.70588235 0.70588235
v -0.01600001 0.03474982 0.05758758 0.70588235 0.70588235 0.70588235
v -0.01310001 0.03474982 0.05758758 0.70588235 0.70588235 0.70588235
v -0.01600001 0.03439063 0.05773750 0.70588235 0.70588235 0.70588235
v -0.01310000 0.03439063 0.05773750 0.70588235 0.70588235 0.70588235
v -0.01600001 0.03407206 0.05796114 0.70588235 0.70588235 0.70588235
v -0.01310000 0.03407206 0.05796114 0.70588235 0.70588235 0.70588235
v -0.01600000 0.03380902 0.05824803 0.70588235 0.70588235 0.70588235
v -0.01310001 0.03380902 0.05824804 0.70588235 0.70588235 0.70588235
v -0.01600000 0.03361379 0.05858477 0.70588235 0.70588235 0.70588235
v -0.01310000 0.03361379 0.05858477 0.70588235 0.70588235 0.70588235
v -0.01600000 0.03349553 0.05895559 0.70588235 0.70588235 0.70588235
v -0.01310000 0.03349553 0.05895560 0.70588235 0.70588235 0.70588235
v -0.01520001 0.00000000 0.00839732 0.70588235 0.70588235 0.70588235
v -0.01900000 0.00000000 0.00839732 0.70588235 0.70588235 0.70588235
v -0.01520001 0.00017887 0.01939586 0.70588235 0.70588235 0.70588235
v -0.01900001 0.00031843 0.02797790 0.70588235 0.70588235 0.70588235
v -0.01310000 0.00017887 0.01939587 0.70588235 0.70588235 0.70588235
v -0.01310001 0.00031843 0.02797789 0.70588235 0.70588235 0.70588235
v 0.01519999 0.00411329 0.01533136 0.70588235 0.70588235 0.70588235
v 0.01519999 0.01861137 0.01509558 0.70588235 0.70588235 0.70588235
v -0.01520001 0.00411329 0.01533136 0.70588235 0.70588235 0.70588235
v -0.01520000 0.01861137 0.01509558 0.70588235 0.70588235 0.70588235
v 0.01024999 0.01843251 0.00409704 0.70588235 0.70588235 0.70588235
v -0.01520000 0.01843251 0.00409703 0.70588235 0.70588235 0.70588235
v -0.01024999 0.01843251 0.00409703 0.70588235 0.70588235 0.70588235
v -0.01025001 0.01838374 0.00109743 0.70588235 0.70588235 0.70588235
v 0.01025000 0.01838374 0.00109744 0.70588235 0.70588235 0.70588235
v 0.01519999 0.01843251 0.00409704 0.70588235 0.70588235 0.70588235
v -0.01900000 0.04010853 0.01474600 0.70588235 0.70588235 0.70588235
v -0.01900001 0.04085325 0.06053994 0.70588235 0.70588235 0.70588235
v -0.01900000 0.03182699 0.06468726 0.70588235 0.70588235 0.70588235
v -0.01900000 0.04057370 0.06207541 0.70588235 0.70588235 0.70588235
v -0.01900001 0.02856451 0.00393228 0.70588235 0.70588235 0.70588235
v -0.01900000 0.00393444 0.00433280 0.70588235 0.70588235 0.70588235
v -0.01900000 0.00125108 0.03048084 0.70588235 0.70588235 0.70588235
v -0.01900000 0.02869514 0.06325577 0.70588235 0.70588235 0.70588235
v -0.01900001 0.02919826 0.06375820 0.70588235 0.70588235 0.70588235
v -0.01900001 0.03691882 0.06460446 0.70588235 0.70588235 0.70588235
v -0.01900000 0.04078908 0.06132143 0.70588235 0.70588235 0.70588235
v -0.01900001 0.00240885 0.00466214 0.70588235 0.70588235 0.70588235
v -0.01900000 0.00315543 0.00442234 0.70588235 0.70588235 0.70588235
v -0.01900001 0.03111784 0.06463557 0.70588235 0.70588235 0.70588235
v -0.01900000 0.03042905 0.06445918 0.70588235 0.70588235 0.70588235
v -0.01900001 0.02978238 0.06416359 0.70588235 0.70588235 0.70588235
v -0.01900001 0.03769784 0.06451492 0.70588235 0.70588235 0.70588235
v -0.01900001 0.00086040 0.02992425 0.70588235 0.70588235 0.70588235
v -0.01899999 0.00027955 0.00686183 0.70588235 0.70588235 0.70588235
v -0.01900000 0.00063790 0.00616436 0.70588235 0.70588235 0.70588235
v -0.01900000 0.04021536 0.06277288 0.70588235 0.70588235 0.70588235
v -0.01900001 0.03972782 0.06338704 0.70588235 0.70588235 0.70588235
v -0.01900001 0.03912985 0.06389428 0.70588235 0.70588235 0.70588235
v -0.01899999 0.03844440 0.06427512 0.70588235 0.70588235 0.70588235
v -0.01900001 0.00112543 0.00555022 0.70588235 0.70588235 0.70588235
v -0.01900001 0.00172341 0.00504298 0.70588235 0.70588235 0.70588235
v -0.01900000 0.00006416 0.00761583 0.70588235 0.70588235 0.70588235
v -0.01900001 0.00038724 0.02865443 0.70588235 0.70588235 0.70588235
v -0.01900000 0.00056966 0.02930951 0.70588235 0.70588235 0.70588235
v -0.01310001 0.04085325 0.06053994 0.70588235 0.70588235 0.70588235
v -0.01310000 0.04016382 0.01814554 0.70588235 0.70588235 0.70588235
v 0.01310000 0.04016382 0.01814555 0.70588235 0.70588235 0.70588235
v 0.01900001 0.04010853 0.01474599 0.70588235 0.70588235 0.70588235
v 0.01310000 0.04085325 0.06053993 0.70588235 0.70588235 0.70588235
v 0.01899999 0.04085325 0.06053993 0.70588235 0.70588235 0.70588235
v 0.01309999 0.00017887 0.01939587 0.70588235 0.70588235 0.70588235
v 0.01309999 0.00031843 0.02797789 0.70588235 0.70588235 0.70588235
v 0.01519999 0.00017887 0.01939586 0.70588235 0.70588235 0.70588235
v 0.01900000 0.00031843 0.02797790 0.70588235 0.70588235 0.70588235
v 0.01520000 0.00000000 0.00839732 0.70588235 0.70588235 0.70588235
v 0.01900000 0.00000000 0.00839732 0.70588235 0.70588235 0.70588235
v 0.01900000 0.00520036 0.02067708 0.70588235 0.70588235 0.70588235
v 0.01900000 0.00837952 0.02244427 0.70588235 0.70588235 0.70588235
v 0.01900000 0.03208035 0.02254670 0.70588235 0.70588235 0.70588235
v 0.01900000 0.00038724 0.02865443 0.70588235 0.70588235 0.70588235
v 0.01900000 0.00531865 0.02795073 0.70588235 0.70588235 0.70588235
v 0.01900000 0.00056966 0.02930951 0.70588235 0.70588235 0.70588235
v 0.01899999 0.00086040 0.02992424 0.70588235 0.70588235 0.70588235
v 0.01900000 0.00125108 0.03048085 0.70588235 0.70588235 0.70588235
v 0.01899999 0.00393444 0.00433281 0.70588235 0.70588235 0.70588235
v 0.01900000 0.00315543 0.00442235 0.70588235 0.70588235 0.70588235
v 0.01899999 0.00240885 0.00466214 0.70588235 0.70588235 0.70588235
v 0.01899999 0.02856451 0.00393227 0.70588235 0.70588235 0.70588235
v 0.01900000 0.03520036 0.02067708 0.70588235 0.70588235 0.70588235
v 0.01900000 0.03837952 0.02244427 0.70588235 0.70588235 0.70588235
v 0.01899999 0.03843866 0.02608110 0.70588235 0.70588235 0.70588235
v 0.01900000 0.03837952 0.05744427 0.70588235 0.70588235 0.70588235
v 0.01900000 0.03520036 0.05567708 0.70588235 0.70588235 0.70588235
v 0.01900000 0.03531864 0.02795073 0.70588235 0.70588235 0.70588235
v 0.01900000 0.04078908 0.06132143 0.70588235 0.70588235 0.70588235
v 0.01900000 0.03843866 0.06108110 0.70588235 0.70588235 0.70588235
v 0.01899999 0.04057370 0.06207542 0.70588235 0.70588235 0.70588235
v 0.01900001 0.03844440 0.06427511 0.70588235 0.70588235 0.70588235
v 0.01899999 0.03912985 0.06389429 0.70588235 0.70588235 0.70588235
v 0.01899999 0.00843866 0.02608110 0.70588235 0.70588235 0.70588235
v 0.01899999 0.03208035 0.05754672 0.70588235 0.70588235 0.70588235
v 0.01900000 0.03213950 0.06118354 0.70588235 0.70588235 0.70588235
v 0.01900000 0.02869514 0.06325576 0.70588235 0.70588235 0.70588235
v 0.01900000 0.03213950 0.02618354 0.70588235 0.70588235 0.70588235
v 0.01900000 0.00172341 0.00504297 0.70588235 0.70588235 0.70588235
v 0.01899999 0.00112543 0.00555022 0.70588235 0.70588235 0.70588235
v 0.01900000 0.00063790 0.00616436 0.70588235 0.70588235 0.70588235
v 0.01899999 0.00027955 0.00686184 0.70588235 0.70588235 0.70588235
v 0.01899999 0.00006416 0.00761582 0.70588235 0.70588235 0.70588235
v 0.01900000 0.00208035 0.02254670 0.70588235 0.70588235 0.70588235
v 0.01900000 0.00213949 0.02618354 0.70588235 0.70588235 0.70588235
v 0.01900000 0.03972782 0.06338704 0.70588235 0.70588235 0.70588235
v 0.01900000 0.04021536 0.06277288 0.70588235 0.70588235 0.70588235
v 0.01899999 0.02919826 0.06375820 0.70588235 0.70588235 0.70588235
v 0.01900000 0.02978238 0.06416359 0.70588235 0.70588235 0.70588235
v 0.01900000 0.03042905 0.06445917 0.70588235 0.70588235 0.70588235
v 0.01899999 0.03111784 0.06463558 0.70588235 0.70588235 0.70588235
v 0.01900000 0.03182699 0.06468726 0.70588235 0.70588235 0.70588235
v 0.01900000 0.03531864 0.06295072 0.70588235 0.70588235 0.70588235
v 0.01899999 0.03691882 0.06460445 0.70588235 0.70588235 0.70588235
v 0.01900000 0.03769784 0.06451491 0.70588235 0.70588235 0.70588235
v -0.01310000 0.03691882 0.06460444 0.70588235 0.70588235 0.70588235
v -0.01310000 0.03182699 0.06468725 0.70588235 0.70588235 0.70588235
v -0.01310001 0.02869514 0.06325577 0.70588235 0.70588235 0.70588235
v -0.01310001 0.00125108 0.03048084 0.70588235 0.70588235 0.70588235
v -0.01310000 0.00021436 0.01879521 0.70588235 0.70588235 0.70588235
v -0.01310000 0.00038724 0.02865442 0.70588235 0.70588235 0.70588235
v -0.01310000 0.00086040 0.02992425 0.70588235 0.70588235 0.70588235
v -0.01310001 0.00056966 0.02930952 0.70588235 0.70588235 0.70588235
v -0.01310000 0.02919826 0.06375821 0.70588235 0.70588235 0.70588235
v -0.01310000 0.03912985 0.06389427 0.70588235 0.70588235 0.70588235
v -0.01310000 0.03769784 0.06451491 0.70588235 0.70588235 0.70588235
v -0.01310000 0.03844440 0.06427511 0.70588235 0.70588235 0.70588235
v -0.01310000 0.04078908 0.06132144 0.70588235 0.70588235 0.70588235
v -0.01310001 0.04057370 0.06207542 0.70588235 0.70588235 0.70588235
v -0.01310000 0.04021536 0.06277289 0.70588235 0.70588235 0.70588235
v -0.01310000 0.03972782 0.06338703 0.70588235 0.70588235 0.70588235
v -0.01310001 0.03111784 0.06463559 0.70588235 0.70588235 0.70588235
v -0.01310000 0.03042905 0.06445916 0.70588235 0.70588235 0.70588235
v -0.01309999 0.02978238 0.06416360 0.70588235 0.70588235 0.70588235
v 0.01309999 0.00021436 0.01879522 0.70588235 0.70588235 0.70588235
v 0.01309999 0.02869514 0.06325577 0.70588235 0.70588235 0.70588235
v 0.01310000 0.00125108 0.03048085 0.70588235 0.70588235 0.70588235
v 0.01309999 0.00086040 0.02992426 0.70588235 0.70588235 0.70588235
v 0.01310000 0.04021536 0.06277288 0.70588235 0.70588235 0.70588235
v 0.01310001 0.04078908 0.06132144 0.70588235 0.70588235 0.70588235
v 0.01310000 0.04057370 0.06207542 0.70588235 0.70588235 0.70588235
v 0.01310001 0.00038724 0.02865441 0.70588235 0.70588235 0.70588235
v 0.01310000 0.00056966 0.02930952 0.70588235 0.70588235 0.70588235
v 0.01309999 0.03972782 0.06338703 0.70588235 0.70588235 0.70588235
v 0.01309999 0.03912985 0.06389428 0.70588235 0.70588235 0.70588235
v 0.01309999 0.03844440 0.06427511 0.70588235 0.70588235 0.70588235
v 0.01309999 0.03769784 0.06451491 0.70588235 0.70588235 0.70588235
v 0.01310000 0.03691882 0.06460445 0.70588235 0.70588235 0.70588235
v 0.01309999 0.02919826 0.06375820 0.70588235 0.70588235 0.70588235
v 0.01310000 0.03182699 0.06468725 0.70588235 0.70588235 0.70588235
v 0.01309999 0.03111784 0.06463559 0.70588235 0.70588235 0.70588235
v 0.01310000 0.03042905 0.06445917 0.70588235 0.70588235 0.70588235
v 0.01310000 0.02978238 0.06416360 0.70588235 0.70588235 0.70588235
v 0.01650000 0.03208035 0.05754671 0.70588235 0.70588235 0.70588235
v 0.01650000 0.03520036 0.05567709 0.70588235 0.70588235 0.70588235
v 0.01650000 0.03837952 0.05744428 0.70588235 0.70588235 0.70588235
v 0.01650000 0.03843866 0.06108111 0.70588235 0.70588235 0.70588235
v 0.01650000 0.03531864 0.06295073 0.70588235 0.70588235 0.70588235
v 0.01649999 0.03213950 0.06118354 0.70588235 0.70588235 0.70588235
v 0.01649999 0.03208035 0.02254671 0.70588235 0.70588235 0.70588235
v 0.01649999 0.03520036 0.02067709 0.70588235 0.70588235 0.70588235
v 0.01649999 0.03837952 0.02244426 0.70588235 0.70588235 0.70588235
v 0.01650000 0.03843866 0.02608109 0.70588235 0.70588235 0.70588235
v 0.01649999 0.03531864 0.02795074 0.70588235 0.70588235 0.70588235
v 0.01649999 0.03213950 0.02618353 0.70588235 0.70588235 0.70588235
v 0.01049999 0.01947495 0.00032959 0.70588235 0.70588235 0.70588235
v 0.01049999 0.01863539 0.00119691 0.70588235 0.70588235 0.70588235
v 0.01049999 0.02462904 0.00024578 0.70588235 0.70588235 0.70588235
v 0.01050000 0.01868248 0.00409297 0.70588235 0.70588235 0.70588235
v 0.01049999 0.02856451 0.00393228 0.70588235 0.70588235 0.70588235
v 0.01519999 0.00393444 0.00433281 0.70588235 0.70588235 0.70588235
v -0.01520000 0.00024302 0.01861437 0.70588235 0.70588235 0.70588235
v -0.01520001 0.00045842 0.01786039 0.70588235 0.70588235 0.70588235
v -0.01519999 0.00081676 0.01716292 0.70588235 0.70588235 0.70588235
v -0.01520000 0.00130429 0.01654876 0.70588235 0.70588235 0.70588235
v -0.01520001 0.00315543 0.00442234 0.70588235 0.70588235 0.70588235
v -0.01520000 0.00393444 0.00433281 0.70588235 0.70588235 0.70588235
v -0.01520000 0.00190227 0.01604152 0.70588235 0.70588235 0.70588235
v -0.01520000 0.00258771 0.01566069 0.70588235 0.70588235 0.70588235
v -0.01520000 0.00006416 0.00761582 0.70588235 0.70588235 0.70588235
v -0.01520000 0.00333428 0.01542089 0.70588235 0.70588235 0.70588235
v -0.01520000 0.00027955 0.00686184 0.70588235 0.70588235 0.70588235
v -0.01520001 0.00063790 0.00616436 0.70588235 0.70588235 0.70588235
v -0.01520000 0.00240885 0.00466214 0.70588235 0.70588235 0.70588235
v -0.01520001 0.00172341 0.00504297 0.70588235 0.70588235 0.70588235
v -0.01520001 0.00112543 0.00555022 0.70588235 0.70588235 0.70588235
v 0.01519999 0.00258771 0.01566069 0.70588235 0.70588235 0.70588235
v 0.01520000 0.00190227 0.01604152 0.70588235 0.70588235 0.70588235
v 0.01520000 0.00130429 0.01654877 0.70588235 0.70588235 0.70588235
v 0.01520000 0.00081676 0.01716292 0.70588235 0.70588235 0.70588235
v 0.01520000 0.00045842 0.01786038 0.70588235 0.70588235 0.70588235
v 0.01519999 0.00024302 0.01861436 0.70588235 0.70588235 0.70588235
v 0.01519999 0.00315543 0.00442235 0.70588235 0.70588235 0.70588235
v 0.01520000 0.00240885 0.00466214 0.70588235 0.70588235 0.70588235
v 0.01520000 0.00027955 0.00686184 0.70588235 0.70588235 0.70588235
v 0.01519999 0.00063790 0.00616438 0.70588235 0.70588235 0.70588235
v 0.01520000 0.00333428 0.01542090 0.70588235 0.70588235 0.70588235
v 0.01520000 0.00112543 0.00555021 0.70588235 0.70588235 0.70588235
v 0.01519999 0.00172341 0.00504297 0.70588235 0.70588235 0.70588235
v 0.01519999 0.00006416 0.00761582 0.70588235 0.70588235 0.70588235
v -0.01025001 0.01936735 0.00008130 0.70588235 0.70588235 0.70588235
v 0.01025000 0.01936735 0.00008130 0.70588235 0.70588235 0.70588235
v 0.01025000 0.02436668 0.00000000 0.70588235 0.70588235 0.70588235
v -0.01050000 0.01947495 0.00032960 0.70588235 0.70588235 0.70588235
v -0.01050001 0.02462904 0.00024577 0.70588235 0.70588235 0.70588235
v -0.01025000 0.02436668 0.00000000 0.70588235 0.70588235 0.70588235
v -0.01050000 0.01863539 0.00119691 0.70588235 0.70588235 0.70588235
v -0.01050001 0.01868248 0.00409297 0.70588235 0.70588235 0.70588235
v -0.01050001 0.02856451 0.00393227 0.70588235 0.70588235 0.70588235
v 0.01649999 0.00520036 0.02067709 0.70588235 0.70588235 0.70588235
v 0.01650000 0.00837952 0.02244428 0.70588235 0.70588235 0.70588235
v 0.01649999 0.00531865 0.02795074 0.70588235 0.70588235 0.70588235
v 0.01649999 0.00213949 0.02618353 0.70588235 0.70588235 0.70588235
v 0.01649999 0.00208035 0.02254671 0.70588235 0.70588235 0.70588235
v 0.01650000 0.00843866 0.02608109 0.70588235 0.70588235 0.70588235
v -0.01310001 0.03525950 0.02631391 0.70588235 0.70588235 0.70588235
v 0.01270000 0.03525950 0.02631390 0.70588235 0.70588235 0.70588235
v -0.01310001 0.03568944 0.02626715 0.70588235 0.70588235 0.70588235
v 0.01269999 0.03568944 0.02626714 0.70588235 0.70588235 0.70588235
v -0.01310000 0.03609928 0.02612906 0.70588235 0.70588235 0.70588235
v 0.01269999 0.03609928 0.02612905 0.70588235 0.70588235 0.70588235
v -0.01310001 0.03646985 0.02590609 0.70588235 0.70588235 0.70588235
v 0.01270000 0.03646985 0.02590609 0.70588235 0.70588235 0.70588235
v -0.01310001 0.03678383 0.02560868 0.70588235 0.70588235 0.70588235
v 0.01270000 0.03678383 0.02560868 0.70588235 0.70588235 0.70588235
v -0.01310000 0.03702652 0.02525071 0.70588235 0.70588235 0.70588235
v 0.01269999 0.03702652 0.02525073 0.70588235 0.70588235 0.70588235
v -0.01310000 0.03718661 0.02484896 0.70588235 0.70588235 0.70588235
v 0.01270000 0.03718661 0.02484897 0.70588235 0.70588235 0.70588235
v -0.01310001 0.03725657 0.02442219 0.70588235 0.70588235 0.70588235
v 0.01269999 0.03725657 0.02442218 0.70588235 0.70588235 0.70588235
v -0.01310000 0.03723316 0.02399035 0.70588235 0.70588235 0.70588235
v 0.01269999 0.03723316 0.02399035 0.70588235 0.70588235 0.70588235
v -0.01310000 0.03711747 0.02357363 0.70588235 0.70588235 0.70588235
v 0.01269999 0.03711747 0.02357362 0.70588235 0.70588235 0.70588235
v -0.01310000 0.03691489 0.02319153 0.70588235 0.70588235 0.70588235
v 0.01269999 0.03691489 0.02319152 0.70588235 0.70588235 0.70588235
v -0.01310000 0.03663491 0.02286191 0.70588235 0.70588235 0.70588235
v 0.01269999 0.03663491 0.02286191 0.70588235 0.70588235 0.70588235
v -0.01310000 0.03629062 0.02260019 0.70588235 0.70588235 0.70588235
v 0.01269999 0.03629062 0.02260019 0.70588235 0.70588235 0.70588235
v -0.01310000 0.03589810 0.02241860 0.70588235 0.70588235 0.70588235
v 0.01270000 0.03589810 0.02241860 0.70588235 0.70588235 0.70588235
v -0.01310000 0.03547575 0.02232563 0.70588235 0.70588235 0.70588235
v 0.01270000 0.03547575 0.02232563 0.70588235 0.70588235 0.70588235
v -0.01310000 0.03525950 0.02231391 0.70588235 0.70588235 0.70588235
v 0.01269999 0.03525950 0.02231390 0.70588235 0.70588235 0.70588235
v -0.01310000 0.03504327 0.02232563 0.70588235 0.70588235 0.70588235
v 0.01270000 0.03504327 0.02232563 0.70588235 0.70588235 0.70588235
v -0.01310000 0.03462090 0.02241860 0.70588235 0.70588235 0.70588235
v 0.01270000 0.03462090 0.02241860 0.70588235 0.70588235 0.70588235
v -0.01310000 0.03422840 0.02260019 0.70588235 0.70588235 0.70588235
v 0.01269999 0.03422840 0.02260019 0.70588235 0.70588235 0.70588235
v -0.01310000 0.03388411 0.02286191 0.70588235 0.70588235 0.70588235
v 0.01269999 0.03388411 0.02286191 0.70588235 0.70588235 0.70588235
v -0.01310000 0.03360413 0.02319153 0.70588235 0.70588235 0.70588235
v 0.01269999 0.03360413 0.02319152 0.70588235 0.70588235 0.70588235
v -0.01310000 0.03340155 0.02357363 0.70588235 0.70588235 0.70588235
v 0.01269999 0.03340155 0.02357362 0.70588235 0.70588235 0.70588235
v -0.01310000 0.03328586 0.02399035 0.70588235 0.70588235 0.70588235
v 0.01269999 0.03328586 0.02399035 0.70588235 0.70588235 0.70588235
v -0.01310001 0.03326243 0.02442219 0.70588235 0.70588235 0.70588235
v 0.01269999 0.03326243 0.02442218 0.70588235 0.70588235 0.70588235
v -0.01310000 0.03333241 0.02484896 0.70588235 0.70588235 0.70588235
v 0.01270000 0.03333241 0.02484897 0.70588235 0.70588235 0.70588235
v -0.01310000 0.03349248 0.02525071 0.70588235 0.70588235 0.70588235
v 0.01269999 0.03349248 0.02525073 0.70588235 0.70588235 0.70588235
v -0.01310001 0.03373519 0.02560868 0.70588235 0.70588235 0.70588235
v 0.01270000 0.03373519 0.02560868 0.70588235 0.70588235 0.70588235
v -0.01310001 0.03404915 0.02590609 0.70588235 0.70588235 0.70588235
v 0.01270000 0.03404915 0.02590609 0.70588235 0.70588235 0.70588235
v -0.01310000 0.03441973 0.02612906 0.70588235 0.70588235 0.70588235
v 0.01269999 0.03441973 0.02612905 0.70588235 0.70588235 0.70588235
v -0.01310001 0.03482957 0.02626715 0.70588235 0.70588235 0.70588235
v 0.01269999 0.03482957 0.02626714 0.70588235 0.70588235 0.70588235
v -0.01310001 0.00525951 0.02631391 0.70588235 0.70588235 0.70588235
v 0.01270000 0.00525951 0.02631390 0.70588235 0.70588235 0.70588235
v -0.01310001 0.00568944 0.02626715 0.70588235 0.70588235 0.70588235
v 0.01269999 0.00568944 0.02626714 0.70588235 0.70588235 0.70588235
v -0.01310000 0.00609928 0.02612906 0.70588235 0.70588235 0.70588235
v 0.01269999 0.00609928 0.02612905 0.70588235 0.70588235 0.70588235
v -0.01310001 0.00646985 0.02590609 0.70588235 0.70588235 0.70588235
v 0.01270000 0.00646985 0.02590609 0.70588235 0.70588235 0.70588235
v -0.01310001 0.00678383 0.02560868 0.70588235 0.70588235 0.70588235
v 0.01270000 0.00678383 0.02560868 0.70588235 0.70588235 0.70588235
v -0.01310000 0.00702653 0.02525071 0.70588235 0.70588235 0.70588235
v 0.01269999 0.00702653 0.02525073 0.70588235 0.70588235 0.70588235
v -0.01310000 0.00718661 0.02484896 0.70588235 0.70588235 0.70588235
v 0.01270000 0.00718661 0.02484897 0.70588235 0.70588235 0.70588235
v -0.01310001 0.00725657 0.02442219 0.70588235 0.70588235 0.70588235
v 0.01269999 0.00725657 0.02442218 0.70588235 0.70588235 0.70588235
v -0.01310000 0.00723316 0.02399035 0.70588235 0.70588235 0.70588235
v 0.01269999 0.00723316 0.02399035 0.70588235 0.70588235 0.70588235
v -0.01310000 0.00711746 0.02357363 0.70588235 0.70588235 0.70588235
v 0.01269999 0.00711746 0.02357362 0.70588235 0.70588235 0.70588235
v -0.01310000 0.00691488 0.02319153 0.70588235 0.70588235 0.70588235
v 0.01269999 0.00691488 0.02319152 0.70588235 0.70588235 0.70588235
v -0.01310000 0.00663491 0.02286191 0.70588235 0.70588235 0.70588235
v 0.01269999 0.00663491 0.02286191 0.70588235 0.70588235 0.70588235
v -0.01310000 0.00629061 0.02260019 0.70588235 0.70588235 0.70588235
v 0.01269999 0.00629061 0.02260019 0.70588235 0.70588235 0.70588235
v -0.01310000 0.00589811 0.02241860 0.70588235 0.70588235 0.70588235
v 0.01270000 0.00589811 0.02241860 0.70588235 0.70588235 0.70588235
v -0.01310000 0.00547574 0.02232563 0.70588235 0.70588235 0.70588235
v 0.01270000 0.00547574 0.02232563 0.70588235 0.70588235 0.70588235
v -0.01310000 0.00525951 0.02231391 0.70588235 0.70588235 0.70588235
v 0.01269999 0.00525951 0.02231390 0.70588235 0.70588235 0.70588235
v -0.01310000 0.00504327 0.02232563 0.70588235 0.70588235 0.70588235
v 0.01270000 0.00504327 0.02232563 0.70588235 0.70588235 0.70588235
v -0.01310000 0.00462090 0.02241860 0.70588235 0.70588235 0.70588235
v 0.01270000 0.00462090 0.02241860 0.70588235 0.70588235 0.70588235
v -0.01310000 0.00422840 0.02260019 0.70588235 0.70588235 0.70588235
v 0.01269999 0.00422840 0.02260019 0.70588235 0.70588235 0.70588235
v -0.01310000 0.00388411 0.02286191 0.70588235 0.70588235 0.70588235
v 0.01269999 0.00388411 0.02286191 0.70588235 0.70588235 0.70588235
v -0.01310000 0.00360413 0.02319153 0.70588235 0.70588235 0.70588235
v 0.01269999 0.00360413 0.02319152 0.70588235 0.70588235 0.70588235
v -0.01310000 0.00340155 0.02357363 0.70588235 0.70588235 0.70588235
v 0.01269999 0.00340155 0.02357362 0.70588235 0.70588235 0.70588235
v -0.01310000 0.00328586 0.02399035 0.70588235 0.70588235 0.70588235
v 0.01269999 0.00328586 0.02399035 0.70588235 0.70588235 0.70588235
v -0.01310001 0.00326244 0.02442219 0.70588235 0.70588235 0.70588235
v 0.01269999 0.00326244 0.02442218 0.70588235 0.70588235 0.70588235
v -0.01310000 0.00333241 0.02484896 0.70588235 0.70588235 0.70588235
v 0.01270000 0.00333241 0.02484897 0.70588235 0.70588235 0.70588235
v -0.01310000 0.00349248 0.02525071 0.70588235 0.70588235 0.70588235
v 0.01269999 0.00349248 0.02525073 0.70588235 0.70588235 0.70588235
v -0.01310001 0.00373518 0.02560868 0.70588235 0.70588235 0.70588235
v 0.01270000 0.00373518 0.02560868 0.70588235 0.70588235 0.70588235
v -0.01310001 0.00404916 0.02590609 0.70588235 0.70588235 0.70588235
v 0.01270000 0.00404916 0.02590609 0.70588235 0.70588235 0.70588235
v -0.01310000 0.00441973 0.02612906 0.70588235 0.70588235 0.70588235
v 0.01269999 0.00441973 0.02612905 0.70588235 0.70588235 0.70588235
v -0.01310001 0.00482956 0.02626715 0.70588235 0.70588235 0.70588235
v 0.01269999 0.00482956 0.02626714 0.70588235 0.70588235 0.70588235
v -0.01310001 0.03525950 0.06131391 0.70588235 0.70588235 0.70588235
v 0.01270000 0.03525950 0.06131390 0.70588235 0.70588235 0.70588235
v -0.01310000 0.03568944 0.06126715 0.70588235 0.70588235 0.70588235
v 0.01270000 0.03568944 0.06126714 0.70588235 0.70588235 0.70588235
v -0.01310001 0.03609928 0.06112905 0.70588235 0.70588235 0.70588235
v 0.01270001 0.03609928 0.06112906 0.70588235 0.70588235 0.70588235
v -0.01310001 0.03646985 0.06090608 0.70588235 0.70588235 0.70588235
v 0.01270000 0.03646985 0.06090609 0.70588235 0.70588235 0.70588235
v -0.01310001 0.03678383 0.06060867 0.70588235 0.70588235 0.70588235
v 0.01269999 0.03678383 0.06060867 0.70588235 0.70588235 0.70588235
v -0.01310000 0.03702652 0.06025073 0.70588235 0.70588235 0.70588235
v 0.01270000 0.03702652 0.06025072 0.70588235 0.70588235 0.70588235
v -0.01310000 0.03718661 0.05984897 0.70588235 0.70588235 0.70588235
v 0.01270000 0.03718661 0.05984896 0.70588235 0.70588235 0.70588235
v -0.01309999 0.03725657 0.05942219 0.70588235 0.70588235 0.70588235
v 0.01270000 0.03725657 0.05942218 0.70588235 0.70588235 0.70588235
v -0.01309999 0.03723316 0.05899034 0.70588235 0.70588235 0.70588235
v 0.01270000 0.03723316 0.05899034 0.70588235 0.70588235 0.70588235
v -0.01310000 0.03711747 0.05857363 0.70588235 0.70588235 0.70588235
v 0.01269999 0.03711747 0.05857362 0.70588235 0.70588235 0.70588235
v -0.01310000 0.03691489 0.05819153 0.70588235 0.70588235 0.70588235
v 0.01269999 0.03691489 0.05819154 0.70588235 0.70588235 0.70588235
v -0.01310000 0.03663491 0.05786191 0.70588235 0.70588235 0.70588235
v 0.01270000 0.03663491 0.05786192 0.70588235 0.70588235 0.70588235
v -0.01310001 0.03629062 0.05760020 0.70588235 0.70588235 0.70588235
v 0.01270001 0.03629062 0.05760019 0.70588235 0.70588235 0.70588235
v -0.01310000 0.03589810 0.05741859 0.70588235 0.70588235 0.70588235
v 0.01270000 0.03589810 0.05741860 0.70588235 0.70588235 0.70588235
v -0.01310001 0.03547575 0.05732563 0.70588235 0.70588235 0.70588235
v 0.01270001 0.03547575 0.05732563 0.70588235 0.70588235 0.70588235
v -0.01310000 0.03525950 0.05731390 0.70588235 0.70588235 0.70588235
v 0.01269999 0.03525950 0.05731390 0.70588235 0.70588235 0.70588235
v -0.01310001 0.03504327 0.05732563 0.70588235 0.70588235 0.70588235
v 0.01270001 0.03504327 0.05732563 0.70588235 0.70588235 0.70588235
v -0.01310000 0.03462090 0.05741859 0.70588235 0.70588235 0.70588235
v 0.01270000 0.03462090 0.05741860 0.70588235 0.70588235 0.70588235
v -0.01310001 0.03422840 0.05760020 0.70588235 0.70588235 0.70588235
v 0.01270001 0.03422840 0.05760019 0.70588235 0.70588235 0.70588235
v -0.01310000 0.03388411 0.05786191 0.70588235 0.70588235 0.70588235
v 0.01270000 0.03388411 0.05786192 0.70588235 0.70588235 0.70588235
v -0.01310000 0.03360413 0.05819153 0.70588235 0.70588235 0.70588235
v 0.01269999 0.03360413 0.05819154 0.70588235 0.70588235 0.70588235
v -0.01310000 0.03340155 0.05857363 0.70588235 0.70588235 0.70588235
v 0.01269999 0.03340155 0.05857362 0.70588235 0.70588235 0.70588235
v -0.01309999 0.03328586 0.05899034 0.70588235 0.70588235 0.70588235
v 0.01270000 0.03328586 0.05899034 0.70588235 0.70588235 0.70588235
v -0.01309999 0.03326243 0.05942219 0.70588235 0.70588235 0.70588235
v 0.01270000 0.03326243 0.05942218 0.70588235 0.70588235 0.70588235
v -0.01310000 0.03333241 0.05984897 0.70588235 0.70588235 0.70588235
v 0.01270000 0.03333241 0.05984896 0.70588235 0.70588235 0.70588235
v -0.01310000 0.03349248 0.06025073 0.70588235 0.70588235 0.70588235
v 0.01270000 0.03349248 0.06025072 0.70588235 0.70588235 0.70588235
v -0.01310001 0.03373519 0.06060867 0.70588235 0.70588235 0.70588235
v 0.01269999 0.03373519 0.06060867 0.70588235 0.70588235 0.70588235
v -0.01310001 0.03404915 0.06090608 0.70588235 0.70588235 0.70588235
v 0.01270000 0.03404915 0.06090609 0.70588235 0.70588235 0.70588235
v -0.01310001 0.03441973 0.06112905 0.70588235 0.70588235 0.70588235
v 0.01270001 0.03441973 0.06112906 0.70588235 0.70588235 0.70588235
v -0.01310000 0.03482957 0.06126715 0.70588235 0.70588235 0.70588235
v 0.01270000 0.03482957 0.06126714 0.70588235 0.70588235 0.70588235
v -0.01310001 0.00210521 0.14221223 0.70588235 0.70588235 0.70588235
v 0.01269999 0.00210521 0.14221223 0.70588235 0.70588235 0.70588235
v 0.01269999 0.00180595 0.14251608 0.70588235 0.70588235 0.70588235
v -0.01310000 0.00180595 0.14251607 0.70588235 0.70588235 0.70588235
v 0.01270000 0.00140729 0.14266759 0.70588235 0.70588235 0.70588235
v -0.01310000 0.00140729 0.14266760 0.70588235 0.70588235 0.70588235
v 0.01270000 0.00098175 0.14263923 0.70588235 0.70588235 0.70588235
v -0.01310000 0.00098175 0.14263923 0.70588235 0.70588235 0.70588235
v 0.01270001 0.00060674 0.14243613 0.70588235 0.70588235 0.70588235
v -0.01309999 0.00060674 0.14243613 0.70588235 0.70588235 0.70588235
v 0.01270000 0.00035045 0.14209524 0.70588235 0.70588235 0.70588235
v -0.01310001 0.00035045 0.14209525 0.70588235 0.70588235 0.70588235
v 0.01270000 0.00025950 0.14167858 0.70588235 0.70588235 0.70588235
v -0.01310001 0.00025950 0.14167858 0.70588235 0.70588235 0.70588235
v -0.01310000 0.00025950 0.02231391 0.70588235 0.70588235 0.70588235
v 0.01269999 0.00025950 0.02231390 0.70588235 0.70588235 0.70588235
v 0.01270000 0.00031715 0.02172864 0.70588235 0.70588235 0.70588235
v -0.01310001 0.00031715 0.02172863 0.70588235 0.70588235 0.70588235
v 0.01269999 0.00048786 0.02116585 0.70588235 0.70588235 0.70588235
v -0.01310000 0.00048786 0.02116586 0.70588235 0.70588235 0.70588235
v 0.01270000 0.00076509 0.02064720 0.70588235 0.70588235 0.70588235
v -0.01310000 0.00076509 0.02064719 0.70588235 0.70588235 0.70588235
v 0.01270000 0.00113818 0.02019258 0.70588235 0.70588235 0.70588235
v -0.01310000 0.00113818 0.02019259 0.70588235 0.70588235 0.70588235
v 0.01270000 0.00159279 0.01981950 0.70588235 0.70588235 0.70588235
v -0.01310000 0.00159279 0.01981950 0.70588235 0.70588235 0.70588235
v 0.01269999 0.00211146 0.01954226 0.70588235 0.70588235 0.70588235
v -0.01310001 0.00211146 0.01954226 0.70588235 0.70588235 0.70588235
v 0.01270000 0.00267424 0.01937154 0.70588235 0.70588235 0.70588235
v -0.01310000 0.00267424 0.01937155 0.70588235 0.70588235 0.70588235
v 0.01270000 0.00325950 0.01931391 0.70588235 0.70588235 0.70588235
v -0.01310000 0.00325950 0.01931390 0.70588235 0.70588235 0.70588235
v 0.01270000 0.03698353 0.01931391 0.70588235 0.70588235 0.70588235
v -0.01310000 0.03698353 0.01931390 0.70588235 0.70588235 0.70588235
v 0.01270000 0.03317064 0.01931391 0.70588235 0.70588235 0.70588235
v -0.01310000 0.03317064 0.01931390 0.70588235 0.70588235 0.70588235
v 0.01270000 0.03272508 0.01931391 0.70588235 0.70588235 0.70588235
v -0.01310000 0.03272508 0.01931390 0.70588235 0.70588235 0.70588235
v 0.01270000 0.03194754 0.01931391 0.70588235 0.70588235 0.70588235
v -0.01310000 0.03194754 0.01931390 0.70588235 0.70588235 0.70588235
v 0.01270000 0.02744241 0.01931391 0.70588235 0.70588235 0.70588235
v -0.01310000 0.02744241 0.01931390 0.70588235 0.70588235 0.70588235
v 0.01270000 0.02590425 0.01931391 0.70588235 0.70588235 0.70588235
v -0.01310000 0.02590425 0.01931390 0.70588235 0.70588235 0.70588235
v 0.01269999 0.03758709 0.01937524 0.70588235 0.70588235 0.70588235
v -0.01310001 0.03758709 0.01937525 0.70588235 0.70588235 0.70588235
v 0.01270000 0.03816596 0.01955676 0.70588235 0.70588235 0.70588235
v -0.01310000 0.03816596 0.01955676 0.70588235 0.70588235 0.70588235
v 0.01270001 0.03869648 0.01985103 0.70588235 0.70588235 0.70588235
v -0.01310001 0.03869648 0.01985102 0.70588235 0.70588235 0.70588235
v 0.01269999 0.03915696 0.02024599 0.70588235 0.70588235 0.70588235
v -0.01310000 0.03915696 0.02024600 0.70588235 0.70588235 0.70588235
v 0.01270001 0.03952855 0.02072554 0.70588235 0.70588235 0.70588235
v -0.01310001 0.03952855 0.02072553 0.70588235 0.70588235 0.70588235
v 0.01270000 0.03979607 0.02127004 0.70588235 0.70588235 0.70588235
v -0.01310000 0.03979607 0.02127005 0.70588235 0.70588235 0.70588235
v 0.01270000 0.03994857 0.02185722 0.70588235 0.70588235 0.70588235
v -0.01310001 0.03994857 0.02185722 0.70588235 0.70588235 0.70588235
v 0.01270000 0.03997982 0.02246308 0.70588235 0.70588235 0.70588235
v -0.01310000 0.03997982 0.02246309 0.70588235 0.70588235 0.70588235
v -0.01310000 0.03965470 0.02782219 0.70588235 0.70588235 0.70588235
v 0.01270000 0.03965470 0.02782219 0.70588235 0.70588235 0.70588235
v -0.01310001 0.03878826 0.03734250 0.70588235 0.70588235 0.70588235
v 0.01269999 0.03878826 0.03734250 0.70588235 0.70588235 0.70588235
v -0.01310000 0.03842765 0.04042770 0.70588235 0.70588235 0.70588235
v 0.01269999 0.03842765 0.04042769 0.70588235 0.70588235 0.70588235
v -0.01310000 0.03773692 0.04558494 0.70588235 0.70588235 0.70588235
v 0.01270000 0.03773692 0.04558495 0.70588235 0.70588235 0.70588235
v -0.01310000 0.03729083 0.04854247 0.70588235 0.70588235 0.70588235
v 0.01270000 0.03729083 0.04854248 0.70588235 0.70588235 0.70588235
v -0.01310000 0.03670171 0.05212300 0.70588235 0.70588235 0.70588235
v 0.01270000 0.03670171 0.05212301 0.70588235 0.70588235 0.70588235
v -0.01310001 0.03665903 0.05270004 0.70588235 0.70588235 0.70588235
v 0.01270000 0.03665903 0.05270005 0.70588235 0.70588235 0.70588235
v -0.01310000 0.03672792 0.05327454 0.70588235 0.70588235 0.70588235
v 0.01270000 0.03672792 0.05327454 0.70588235 0.70588235 0.70588235
v -0.01310001 0.03690583 0.05382513 0.70588235 0.70588235 0.70588235
v 0.01270001 0.03690583 0.05382514 0.70588235 0.70588235 0.70588235
v -0.01310000 0.03718610 0.05433132 0.70588235 0.70588235 0.70588235
v 0.01269999 0.03718610 0.05433132 0.70588235 0.70588235 0.70588235
v -0.01310001 0.03755836 0.05477429 0.70588235 0.70588235 0.70588235
v 0.01269999 0.03755836 0.05477430 0.70588235 0.70588235 0.70588235
v -0.01310000 0.03800872 0.05513756 0.70588235 0.70588235 0.70588235
v 0.01269999 0.03800872 0.05513755 0.70588235 0.70588235 0.70588235
v 0.01270000 0.03884035 0.05582427 0.70588235 0.70588235 0.70588235
v -0.01309999 0.03884035 0.05582427 0.70588235 0.70588235 0.70588235
v 0.01270001 0.03950538 0.05667335 0.70588235 0.70588235 0.70588235
v -0.01310001 0.03950538 0.05667334 0.70588235 0.70588235 0.70588235
v 0.01269999 0.03997286 0.05764527 0.70588235 0.70588235 0.70588235
v -0.01310000 0.03997286 0.05764527 0.70588235 0.70588235 0.70588235
v 0.01270000 0.04022104 0.05869484 0.70588235 0.70588235 0.70588235
v -0.01310000 0.04022104 0.05869483 0.70588235 0.70588235 0.70588235
v 0.01270000 0.04023837 0.05977320 0.70588235 0.70588235 0.70588235
v -0.01310000 0.04023837 0.05977320 0.70588235 0.70588235 0.70588235
v 0.01270001 0.04002404 0.06083020 0.70588235 0.70588235 0.70588235
v -0.01310001 0.04002404 0.06083021 0.70588235 0.70588235 0.70588235
v 0.01270000 0.03958805 0.06181666 0.70588235 0.70588235 0.70588235
v -0.01310000 0.03958805 0.06181666 0.70588235 0.70588235 0.70588235
v 0.01269999 0.03895065 0.06268666 0.70588235 0.70588235 0.70588235
v -0.01310001 0.03895065 0.06268667 0.70588235 0.70588235 0.70588235
v 0.01270001 0.03814152 0.06339974 0.70588235 0.70588235 0.70588235
v -0.01310001 0.03814152 0.06339973 0.70588235 0.70588235 0.70588235
v 0.01270000 0.03719829 0.06392270 0.70588235 0.70588235 0.70588235
v -0.01310001 0.03719829 0.06392271 0.70588235 0.70588235 0.70588235
v 0.01270000 0.03616485 0.06423127 0.70588235 0.70588235 0.70588235
v -0.01310000 0.03616485 0.06423126 0.70588235 0.70588235 0.70588235
v -0.01310000 0.03560856 0.06439042 0.70588235 0.70588235 0.70588235
v 0.01269999 0.03560856 0.06439041 0.70588235 0.70588235 0.70588235
v -0.01310000 0.03509317 0.06465340 0.70588235 0.70588235 0.70588235
v 0.01270000 0.03509317 0.06465341 0.70588235 0.70588235 0.70588235
v -0.01310001 0.03463785 0.06501045 0.70588235 0.70588235 0.70588235
v 0.01270000 0.03463785 0.06501044 0.70588235 0.70588235 0.70588235
v -0.01310000 0.03425954 0.06544826 0.70588235 0.70588235 0.70588235
v 0.01270000 0.03425954 0.06544825 0.70588235 0.70588235 0.70588235
v -0.01310000 0.03397231 0.06595055 0.70588235 0.70588235 0.70588235
v 0.01270000 0.03397231 0.06595054 0.70588235 0.70588235 0.70588235
v -0.01310000 0.03378686 0.06649862 0.70588235 0.70588235 0.70588235
v 0.01269999 0.03378686 0.06649863 0.70588235 0.70588235 0.70588235
v -0.01310000 0.03325264 0.06873642 0.70588235 0.70588235 0.70588235
v 0.01270000 0.03325264 0.06873641 0.70588235 0.70588235 0.70588235
v -0.01310001 0.03287385 0.07026972 0.70588235 0.70588235 0.70588235
v 0.01270001 0.03287385 0.07026972 0.70588235 0.70588235 0.70588235
v -0.01310000 0.03285353 0.07035084 0.70588235 0.70588235 0.70588235
v 0.01270000 0.03285353 0.07035084 0.70588235 0.70588235 0.70588235
v -0.01310000 0.03213124 0.07316108 0.70588235 0.70588235 0.70588235
v 0.01269999 0.03213124 0.07316107 0.70588235 0.70588235 0.70588235
v -0.01310001 0.03117692 0.07668030 0.70588235 0.70588235 0.70588235
v 0.01270001 0.03117692 0.07668030 0.70588235 0.70588235 0.70588235
v -0.01310001 0.03024511 0.07993291 0.70588235 0.70588235 0.70588235
v 0.01269999 0.03024511 0.07993291 0.70588235 0.70588235 0.70588235
v -0.01310001 0.02826335 0.08635259 0.70588235 0.70588235 0.70588235
v 0.01269999 0.02826335 0.08635259 0.70588235 0.70588235 0.70588235
v -0.01310001 0.02752419 0.08859977 0.70588235 0.70588235 0.70588235
v 0.01269999 0.02752419 0.08859977 0.70588235 0.70588235 0.70588235
v -0.01310000 0.02694935 0.09029917 0.70588235 0.70588235 0.70588235
v 0.01270000 0.02694935 0.09029916 0.70588235 0.70588235 0.70588235
v -0.01310001 0.02608217 0.09278908 0.70588235 0.70588235 0.70588235
v 0.01270001 0.02608217 0.09278908 0.70588235 0.70588235 0.70588235
v -0.01310001 0.02404533 0.09832793 0.70588235 0.70588235 0.70588235
v 0.01269999 0.02404533 0.09832794 0.70588235 0.70588235 0.70588235
v -0.01310001 0.02110697 0.10567809 0.70588235 0.70588235 0.70588235
v 0.01270000 0.02110697 0.10567810 0.70588235 0.70588235 0.70588235
v -0.01310001 0.01417607 0.12079423 0.70588235 0.70588235 0.70588235
v 0.01270001 0.01417607 0.12079423 0.70588235 0.70588235 0.70588235
v -0.01310000 0.01236740 0.12434111 0.70588235 0.70588235 0.70588235
v 0.01270000 0.01236740 0.12434112 0.70588235 0.70588235 0.70588235
v 0.01269999 0.00025950 0.02781390 0.70588235 0.70588235 0.70588235
v -0.01310001 0.00025950 0.02781391 0.70588235 0.70588235 0.70588235
v 0.01269999 0.00025950 0.03629175 0.70588235 0.70588235 0.70588235
v -0.01310001 0.00025950 0.03629174 0.70588235 0.70588235 0.70588235
v 0.01270000 0.00025950 0.04041733 0.70588235 0.70588235 0.70588235
v -0.01310000 0.00025950 0.04041732 0.70588235 0.70588235 0.70588235
v 0.01270000 0.00025950 0.04556941 0.70588235 0.70588235 0.70588235
v -0.01309999 0.00025950 0.04556941 0.70588235 0.70588235 0.70588235
v 0.01269999 0.00025950 0.04853088 0.70588235 0.70588235 0.70588235
v -0.01310000 0.00025950 0.04853089 0.70588235 0.70588235 0.70588235
v 0.01269999 0.00025950 0.05722242 0.70588235 0.70588235 0.70588235
v -0.01310001 0.00025950 0.05722241 0.70588235 0.70588235 0.70588235
v 0.01270000 0.00025950 0.05861566 0.70588235 0.70588235 0.70588235
v -0.01310001 0.00025950 0.05861566 0.70588235 0.70588235 0.70588235
v 0.01269999 0.00025950 0.06423222 0.70588235 0.70588235 0.70588235
v -0.01310000 0.00025950 0.06423222 0.70588235 0.70588235 0.70588235
v 0.01269999 0.00025950 0.07023455 0.70588235 0.70588235 0.70588235
v -0.01310000 0.00025950 0.07023456 0.70588235 0.70588235 0.70588235
v 0.01270000 0.00025950 0.07662279 0.70588235 0.70588235 0.70588235
v -0.01310000 0.00025950 0.07662280 0.70588235 0.70588235 0.70588235
v 0.01269999 0.00025950 0.07988236 0.70588235 0.70588235 0.70588235
v -0.01310000 0.00025950 0.07988235 0.70588235 0.70588235 0.70588235
v 0.01270000 0.00025950 0.09025115 0.70588235 0.70588235 0.70588235
v -0.01310001 0.00025950 0.09025115 0.70588235 0.70588235 0.70588235
v 0.01270001 0.00025950 0.09825742 0.70588235 0.70588235 0.70588235
v -0.01310001 0.00025950 0.09825741 0.70588235 0.70588235 0.70588235
v 0.01269999 0.00025950 0.12073749 0.70588235 0.70588235 0.70588235
v -0.01310000 0.00025950 0.12073749 0.70588235 0.70588235 0.70588235
v -0.01310000 0.02744241 0.07988235 0.70588235 0.70588235 0.70588235
v -0.01310001 0.02590425 0.09025115 0.70588235 0.70588235 0.70588235
v -0.01310001 0.02590425 0.04005643 0.70588235 0.70588235 0.70588235
v -0.01310000 0.02590425 0.03805082 0.70588235 0.70588235 0.70588235
v -0.01310001 0.02744241 0.03816609 0.70588235 0.70588235 0.70588235
v -0.01310001 0.02783349 0.05861566 0.70588235 0.70588235 0.70588235
v -0.01310000 0.02744241 0.05849502 0.70588235 0.70588235 0.70588235
v -0.01310001 0.02744241 0.05722241 0.70588235 0.70588235 0.70588235
v -0.01310001 0.02331653 0.05722241 0.70588235 0.70588235 0.70588235
v -0.01310001 0.02590425 0.05722241 0.70588235 0.70588235 0.70588235
v -0.01309999 0.02590425 0.05802058 0.70588235 0.70588235 0.70588235
v -0.01310000 0.02590425 0.06450750 0.70588235 0.70588235 0.70588235
v -0.01310000 0.02590425 0.06423222 0.70588235 0.70588235 0.70588235
v -0.01310000 0.02744241 0.06423222 0.70588235 0.70588235 0.70588235
v -0.01310000 0.02520283 0.06423222 0.70588235 0.70588235 0.70588235
v -0.01310001 0.00734139 0.05722241 0.70588235 0.70588235 0.70588235
v -0.01310001 0.01281592 0.05722241 0.70588235 0.70588235 0.70588235
v -0.01310001 0.01636599 0.05861566 0.70588235 0.70588235 0.70588235
v -0.01310000 0.02348422 0.07023456 0.70588235 0.70588235 0.70588235
v -0.01310000 0.02590425 0.07023456 0.70588235 0.70588235 0.70588235
v -0.01310000 0.02590425 0.07139995 0.70588235 0.70588235 0.70588235
v -0.01310000 0.00205950 0.05991740 0.70588235 0.70588235 0.70588235
v -0.01310000 0.00205950 0.06274582 0.70588235 0.70588235 0.70588235
v -0.01310001 0.02672139 0.07179343 0.70588235 0.70588235 0.70588235
v -0.01310000 0.02508713 0.07834962 0.70588235 0.70588235 0.70588235
v -0.01310000 0.02590425 0.07662280 0.70588235 0.70588235 0.70588235
v -0.01310000 0.02590425 0.07988235 0.70588235 0.70588235 0.70588235
v -0.01310001 0.02380842 0.08307809 0.70588235 0.70588235 0.70588235
v -0.01310000 0.00205950 0.08285850 0.70588235 0.70588235 0.70588235
v -0.01310001 0.00205950 0.08869327 0.70588235 0.70588235 0.70588235
v -0.01310000 0.00205950 0.09044117 0.70588235 0.70588235 0.70588235
v -0.01310000 0.00205950 0.09729171 0.70588235 0.70588235 0.70588235
v -0.01309999 0.00205950 0.13851163 0.70588235 0.70588235 0.70588235
v -0.01310000 0.00205950 0.12179105 0.70588235 0.70588235 0.70588235
v -0.01310000 0.00281624 0.12073749 0.70588235 0.70588235 0.70588235
v -0.01310000 0.00666410 0.12916165 0.70588235 0.70588235 0.70588235
v -0.01310000 0.01020186 0.12073749 0.70588235 0.70588235 0.70588235
v -0.01310001 0.01036820 0.12096830 0.70588235 0.70588235 0.70588235
v -0.01310000 0.00726984 0.12786640 0.70588235 0.70588235 0.70588235
v -0.01310001 0.00205950 0.10944015 0.70588235 0.70588235 0.70588235
v -0.01310001 0.00205950 0.11952617 0.70588235 0.70588235 0.70588235
v -0.01310001 0.01362045 0.11316571 0.70588235 0.70588235 0.70588235
v -0.01310001 0.01092173 0.11968394 0.70588235 0.70588235 0.70588235
v -0.01310000 0.00205950 0.10738780 0.70588235 0.70588235 0.70588235
v -0.01310001 0.00205950 0.09917552 0.70588235 0.70588235 0.70588235
v -0.01310000 0.01412591 0.11189359 0.70588235 0.70588235 0.70588235
v -0.01310001 0.01648347 0.10571731 0.70588235 0.70588235 0.70588235
v -0.01310000 0.01901037 0.09858597 0.70588235 0.70588235 0.70588235
v -0.01310000 0.01694477 0.10445795 0.70588235 0.70588235 0.70588235
v -0.01310001 0.01109011 0.09825741 0.70588235 0.70588235 0.70588235
v -0.01310001 0.00943972 0.09825741 0.70588235 0.70588235 0.70588235
v -0.01310001 0.00205950 0.08122154 0.70588235 0.70588235 0.70588235
v -0.01310001 0.01002721 0.09025115 0.70588235 0.70588235 0.70588235
v -0.01310001 0.01943101 0.09733929 0.70588235 0.70588235 0.70588235
v -0.01310001 0.01865625 0.09825741 0.70588235 0.70588235 0.70588235
v -0.01310000 0.00205950 0.07690622 0.70588235 0.70588235 0.70588235
v -0.01310000 0.00205950 0.07988235 0.70588235 0.70588235 0.70588235
v -0.01310000 0.02176394 0.09006113 0.70588235 0.70588235 0.70588235
v -0.01310000 0.02112770 0.09211181 0.70588235 0.70588235 0.70588235
v -0.01310000 0.00899951 0.07988235 0.70588235 0.70588235 0.70588235
v -0.01310000 0.00579166 0.07988235 0.70588235 0.70588235 0.70588235
v -0.01310000 0.00205950 0.07434818 0.70588235 0.70588235 0.70588235
v -0.01310001 0.02323374 0.08510688 0.70588235 0.70588235 0.70588235
v -0.01310001 0.00205950 0.07067120 0.70588235 0.70588235 0.70588235
v -0.01310000 0.00496954 0.07023456 0.70588235 0.70588235 0.70588235
v -0.01310000 0.01433980 0.07662280 0.70588235 0.70588235 0.70588235
v -0.01310000 0.01078930 0.07662280 0.70588235 0.70588235 0.70588235
v -0.01310000 0.01912093 0.07988235 0.70588235 0.70588235 0.70588235
v -0.01310001 0.00205950 0.06825062 0.70588235 0.70588235 0.70588235
v -0.01309999 0.00205950 0.06505520 0.70588235 0.70588235 0.70588235
v -0.01310000 0.02744241 0.07023456 0.70588235 0.70588235 0.70588235
v -0.01310000 0.02744241 0.07662280 0.70588235 0.70588235 0.70588235
v -0.01310000 0.02560526 0.07633937 0.70588235 0.70588235 0.70588235
v -0.01310001 0.00396597 0.05861566 0.70588235 0.70588235 0.70588235
v -0.01310000 0.01101971 0.06423222 0.70588235 0.70588235 0.70588235
v -0.01310000 0.01562940 0.06423222 0.70588235 0.70588235 0.70588235
v -0.01310000 0.02590425 0.06918013 0.70588235 0.70588235 0.70588235
v -0.01310000 0.02718717 0.06979792 0.70588235 0.70588235 0.70588235
v -0.01310000 0.00205950 0.05300099 0.70588235 0.70588235 0.70588235
v -0.01310000 0.00205950 0.05514952 0.70588235 0.70588235 0.70588235
v -0.01310001 0.00205950 0.05722241 0.70588235 0.70588235 0.70588235
v -0.01310000 0.00205950 0.05769759 0.70588235 0.70588235 0.70588235
v -0.01310001 0.03194754 0.05861566 0.70588235 0.70588235 0.70588235
v -0.01310000 0.03194754 0.06423222 0.70588235 0.70588235 0.70588235
v -0.01310000 0.02858035 0.06340925 0.70588235 0.70588235 0.70588235
v -0.01310000 0.02744241 0.06296264 0.70588235 0.70588235 0.70588235
v -0.01310000 0.02590425 0.06235899 0.70588235 0.70588235 0.70588235
v -0.01310001 0.01089147 0.05861566 0.70588235 0.70588235 0.70588235
v -0.01310001 0.00205950 0.05066574 0.70588235 0.70588235 0.70588235
v -0.01310000 0.00205950 0.04857276 0.70588235 0.70588235 0.70588235
v -0.01310001 0.02590425 0.05592760 0.70588235 0.70588235 0.70588235
v -0.01310001 0.02744241 0.05013787 0.70588235 0.70588235 0.70588235
v -0.01310001 0.03087835 0.05092207 0.70588235 0.70588235 0.70588235
v -0.01310000 0.03055160 0.05289893 0.70588235 0.70588235 0.70588235
v -0.01310001 0.02943464 0.05910953 0.70588235 0.70588235 0.70588235
v -0.01310001 0.03194754 0.05722241 0.70588235 0.70588235 0.70588235
v -0.01310000 0.02980544 0.05713092 0.70588235 0.70588235 0.70588235
v -0.01310000 0.00205950 0.04639605 0.70588235 0.70588235 0.70588235
v -0.01310000 0.00205950 0.04853089 0.70588235 0.70588235 0.70588235
v -0.01309999 0.00742590 0.04556941 0.70588235 0.70588235 0.70588235
v -0.01310000 0.02040149 0.04853089 0.70588235 0.70588235 0.70588235
v -0.01310000 0.01141325 0.04853089 0.70588235 0.70588235 0.70588235
v -0.01310000 0.02590425 0.05183825 0.70588235 0.70588235 0.70588235
v -0.01310001 0.02744241 0.05218931 0.70588235 0.70588235 0.70588235
v -0.01310000 0.02590425 0.04978682 0.70588235 0.70588235 0.70588235
v -0.01310000 0.03194754 0.04853089 0.70588235 0.70588235 0.70588235
v -0.01310000 0.03152667 0.04672255 0.70588235 0.70588235 0.70588235
v -0.01309999 0.03194754 0.04556941 0.70588235 0.70588235 0.70588235
v -0.01309999 0.02744241 0.04556941 0.70588235 0.70588235 0.70588235
v -0.01310001 0.00205950 0.04434462 0.70588235 0.70588235 0.70588235
v -0.01310000 0.00205950 0.04228125 0.70588235 0.70588235 0.70588235
v -0.01310001 0.02744241 0.04610697 0.70588235 0.70588235 0.70588235
v -0.01310001 0.02590425 0.04587513 0.70588235 0.70588235 0.70588235
v -0.01309999 0.02590425 0.04556941 0.70588235 0.70588235 0.70588235
v -0.01309999 0.02387585 0.04556941 0.70588235 0.70588235 0.70588235
v -0.01309999 0.03272508 0.04556941 0.70588235 0.70588235 0.70588235
v -0.01310001 0.03181079 0.04474277 0.70588235 0.70588235 0.70588235
v -0.01310000 0.03272508 0.04041732 0.70588235 0.70588235 0.70588235
v -0.01310000 0.03236841 0.04054084 0.70588235 0.70588235 0.70588235
v -0.01310000 0.03194754 0.04041732 0.70588235 0.70588235 0.70588235
v -0.01310000 0.03194754 0.04050931 0.70588235 0.70588235 0.70588235
v -0.01310000 0.03072010 0.04041732 0.70588235 0.70588235 0.70588235
v -0.01310001 0.00243006 0.03629174 0.70588235 0.70588235 0.70588235
v -0.01310000 0.00205950 0.03826958 0.70588235 0.70588235 0.70588235
v -0.01310000 0.00205950 0.04025866 0.70588235 0.70588235 0.70588235
v -0.01310000 0.00311217 0.04041732 0.70588235 0.70588235 0.70588235
v -0.01310000 0.03317064 0.04041732 0.70588235 0.70588235 0.70588235
v -0.01310000 0.03261070 0.03855338 0.70588235 0.70588235 0.70588235
v -0.01310001 0.03317064 0.03629174 0.70588235 0.70588235 0.70588235
v -0.01310001 0.03308177 0.03431391 0.70588235 0.70588235 0.70588235
v -0.01310001 0.03317064 0.03231391 0.70588235 0.70588235 0.70588235
v -0.01310001 0.03272508 0.03231391 0.70588235 0.70588235 0.70588235
v -0.01310001 0.00205950 0.03626398 0.70588235 0.70588235 0.70588235
v -0.01310001 0.00205950 0.03431391 0.70588235 0.70588235 0.70588235
v -0.01310001 0.02590425 0.03431391 0.70588235 0.70588235 0.70588235
v -0.01310001 0.00205950 0.03231391 0.70588235 0.70588235 0.70588235
v -0.01310001 0.00205950 0.02931390 0.70588235 0.70588235 0.70588235
v -0.01310001 0.02590425 0.02931390 0.70588235 0.70588235 0.70588235
v -0.01310001 0.03272508 0.03431391 0.70588235 0.70588235 0.70588235
v -0.01310001 0.03194754 0.03431391 0.70588235 0.70588235 0.70588235
v -0.01310001 0.03194754 0.03231391 0.70588235 0.70588235 0.70588235
v -0.01310001 0.02744241 0.03431391 0.70588235 0.70588235 0.70588235
v -0.01310001 0.02744241 0.03231391 0.70588235 0.70588235 0.70588235
v -0.01310001 0.02590425 0.03231391 0.70588235 0.70588235 0.70588235
v -0.01310001 0.03317064 0.02781391 0.70588235 0.70588235 0.70588235
v -0.01310001 0.03355750 0.02931390 0.70588235 0.70588235 0.70588235
v -0.01310001 0.03328241 0.03231391 0.70588235 0.70588235 0.70588235
v -0.01310001 0.03317064 0.05861566 0.70588235 0.70588235 0.70588235
v -0.01310001 0.03317064 0.05722241 0.70588235 0.70588235 0.70588235
v -0.01310000 0.03317064 0.06423222 0.70588235 0.70588235 0.70588235
v -0.01310000 0.03194754 0.07023456 0.70588235 0.70588235 0.70588235
v -0.01310001 0.02816343 0.06539412 0.70588235 0.70588235 0.70588235
v -0.01310001 0.02744241 0.06511117 0.70588235 0.70588235 0.70588235
v -0.01310000 0.03272508 0.06423222 0.70588235 0.70588235 0.70588235
v -0.01310000 0.03272508 0.07023456 0.70588235 0.70588235 0.70588235
v -0.01309999 0.03317064 0.04556941 0.70588235 0.70588235 0.70588235
v -0.01310000 0.03317064 0.04853089 0.70588235 0.70588235 0.70588235
v -0.01310000 0.03317064 0.02081391 0.70588235 0.70588235 0.70588235
v -0.01310000 0.02590425 0.02081391 0.70588235 0.70588235 0.70588235
v -0.01310001 0.02590425 0.02781391 0.70588235 0.70588235 0.70588235
v -0.01310001 0.02744241 0.02781391 0.70588235 0.70588235 0.70588235
v -0.01310001 0.02744241 0.02931390 0.70588235 0.70588235 0.70588235
v -0.01310001 0.03194754 0.02781391 0.70588235 0.70588235 0.70588235
v -0.01310001 0.03194754 0.02931390 0.70588235 0.70588235 0.70588235
v -0.01310001 0.03272508 0.02781391 0.70588235 0.70588235 0.70588235
v -0.01310001 0.03272508 0.02931390 0.70588235 0.70588235 0.70588235
v -0.01310001 0.03317064 0.02931390 0.70588235 0.70588235 0.70588235
v -0.01310001 0.02590425 0.04385254 0.70588235 0.70588235 0.70588235
v -0.01310001 0.02744241 0.04408438 0.70588235 0.70588235 0.70588235
v -0.01310000 0.03272508 0.04853089 0.70588235 0.70588235 0.70588235
v -0.01310001 0.03272508 0.05722241 0.70588235 0.70588235 0.70588235
v -0.01310001 0.03272508 0.05861566 0.70588235 0.70588235 0.70588235
v -0.01310001 0.03194754 0.03850370 0.70588235 0.70588235 0.70588235
v -0.01310000 0.02744241 0.04017170 0.70588235 0.70588235 0.70588235
v -0.01310000 0.03272508 0.02081391 0.70588235 0.70588235 0.70588235
v -0.01310000 0.03194754 0.02081391 0.70588235 0.70588235 0.70588235
v -0.01310000 0.02744241 0.02081391 0.70588235 0.70588235 0.70588235
v 0.01270000 0.03328241 0.03231390 0.70588235 0.70588235 0.70588235
v 0.01270000 0.03317064 0.03231390 0.70588235 0.70588235 0.70588235
v 0.01269999 0.03317064 0.03629175 0.70588235 0.70588235 0.70588235
v 0.01270000 0.00205950 0.06505520 0.70588235 0.70588235 0.70588235
v 0.01270000 0.02508713 0.07834961 0.70588235 0.70588235 0.70588235
v 0.01270000 0.02560526 0.07633936 0.70588235 0.70588235 0.70588235
v 0.01270000 0.02590425 0.07662279 0.70588235 0.70588235 0.70588235
v 0.01269999 0.02672139 0.07179343 0.70588235 0.70588235 0.70588235
v 0.01270001 0.00205950 0.10944015 0.70588235 0.70588235 0.70588235
v 0.01270000 0.00205950 0.09917552 0.70588235 0.70588235 0.70588235
v 0.01270000 0.00205950 0.10738780 0.70588235 0.70588235 0.70588235
v 0.01270000 0.01092173 0.11968393 0.70588235 0.70588235 0.70588235
v 0.01270001 0.01865625 0.09825742 0.70588235 0.70588235 0.70588235
v 0.01270000 0.01901037 0.09858597 0.70588235 0.70588235 0.70588235
v 0.01270000 0.01694477 0.10445795 0.70588235 0.70588235 0.70588235
v 0.01270000 0.00205950 0.13851163 0.70588235 0.70588235 0.70588235
v 0.01270000 0.00205950 0.12179104 0.70588235 0.70588235 0.70588235
v 0.01269999 0.01020186 0.12073749 0.70588235 0.70588235 0.70588235
v 0.01269999 0.01036820 0.12096829 0.70588235 0.70588235 0.70588235
v 0.01270000 0.00726984 0.12786640 0.70588235 0.70588235 0.70588235
v 0.01270000 0.00666410 0.12916166 0.70588235 0.70588235 0.70588235
v 0.01269999 0.00281624 0.12073749 0.70588235 0.70588235 0.70588235
v 0.01269999 0.00205950 0.11952616 0.70588235 0.70588235 0.70588235
v 0.01270001 0.01412591 0.11189358 0.70588235 0.70588235 0.70588235
v 0.01269999 0.01648347 0.10571732 0.70588235 0.70588235 0.70588235
v 0.01270001 0.00943972 0.09825742 0.70588235 0.70588235 0.70588235
v 0.01270001 0.01109011 0.09825742 0.70588235 0.70588235 0.70588235
v 0.01270000 0.00205950 0.09044119 0.70588235 0.70588235 0.70588235
v 0.01270001 0.00205950 0.08869327 0.70588235 0.70588235 0.70588235
v 0.01270000 0.01362045 0.11316571 0.70588235 0.70588235 0.70588235
v 0.01270000 0.00205950 0.09729171 0.70588235 0.70588235 0.70588235
v 0.01270000 0.00205950 0.08285850 0.70588235 0.70588235 0.70588235
v 0.01269999 0.00205950 0.08122153 0.70588235 0.70588235 0.70588235
v 0.01270000 0.01002721 0.09025115 0.70588235 0.70588235 0.70588235
v 0.01270001 0.01943101 0.09733930 0.70588235 0.70588235 0.70588235
v 0.01270000 0.02112770 0.09211182 0.70588235 0.70588235 0.70588235
v 0.01269999 0.02323374 0.08510687 0.70588235 0.70588235 0.70588235
v 0.01269999 0.02176394 0.09006113 0.70588235 0.70588235 0.70588235
v 0.01270000 0.02590425 0.09025115 0.70588235 0.70588235 0.70588235
v 0.01269999 0.00579166 0.07988236 0.70588235 0.70588235 0.70588235
v 0.01269999 0.00899951 0.07988236 0.70588235 0.70588235 0.70588235
v 0.01270000 0.00205950 0.07690622 0.70588235 0.70588235 0.70588235
v 0.01270000 0.00205950 0.07434818 0.70588235 0.70588235 0.70588235
v 0.01269999 0.00205950 0.07988236 0.70588235 0.70588235 0.70588235
v 0.01269999 0.00205950 0.07067120 0.70588235 0.70588235 0.70588235
v 0.01270000 0.00205950 0.06274583 0.70588235 0.70588235 0.70588235
v 0.01269999 0.00205950 0.05991740 0.70588235 0.70588235 0.70588235
v 0.01269999 0.02590425 0.07023455 0.70588235 0.70588235 0.70588235
v 0.01269999 0.02744241 0.07023455 0.70588235 0.70588235 0.70588235
v 0.01269999 0.02590425 0.06918013 0.70588235 0.70588235 0.70588235
v 0.01270000 0.02718717 0.06979793 0.70588235 0.70588235 0.70588235
v 0.01269999 0.03194754 0.06423222 0.70588235 0.70588235 0.70588235
v 0.01269999 0.02744241 0.06423222 0.70588235 0.70588235 0.70588235
v 0.01270001 0.02744241 0.06511116 0.70588235 0.70588235 0.70588235
v 0.01270000 0.02590425 0.06450750 0.70588235 0.70588235 0.70588235
v 0.01269999 0.02590425 0.06423222 0.70588235 0.70588235 0.70588235
v 0.01269999 0.02520283 0.06423222 0.70588235 0.70588235 0.70588235
v 0.01270000 0.02590425 0.06235899 0.70588235 0.70588235 0.70588235
v 0.01270000 0.01089147 0.05861566 0.70588235 0.70588235 0.70588235
v 0.01270000 0.01636599 0.05861566 0.70588235 0.70588235 0.70588235
v 0.01269999 0.01281592 0.05722242 0.70588235 0.70588235 0.70588235
v 0.01269999 0.00205950 0.05514951 0.70588235 0.70588235 0.70588235
v 0.01270000 0.00205950 0.05066575 0.70588235 0.70588235 0.70588235
v 0.01270000 0.00205950 0.05300099 0.70588235 0.70588235 0.70588235
v 0.01269999 0.00734139 0.05722242 0.70588235 0.70588235 0.70588235
v 0.01269999 0.02744241 0.06296265 0.70588235 0.70588235 0.70588235
v 0.01270000 0.02858035 0.06340924 0.70588235 0.70588235 0.70588235
v 0.01270000 0.02943464 0.05910953 0.70588235 0.70588235 0.70588235
v 0.01270000 0.03194754 0.05861566 0.70588235 0.70588235 0.70588235
v 0.01270000 0.02783349 0.05861566 0.70588235 0.70588235 0.70588235
v 0.01269999 0.03194754 0.05722242 0.70588235 0.70588235 0.70588235
v 0.01269999 0.02744241 0.05722242 0.70588235 0.70588235 0.70588235
v 0.01269999 0.02590425 0.05592761 0.70588235 0.70588235 0.70588235
v 0.01269999 0.02590425 0.05722242 0.70588235 0.70588235 0.70588235
v 0.01270000 0.02744241 0.05849502 0.70588235 0.70588235 0.70588235
v 0.01270000 0.02744241 0.05218931 0.70588235 0.70588235 0.70588235
v 0.01270000 0.03055160 0.05289893 0.70588235 0.70588235 0.70588235
v 0.01269999 0.03087835 0.05092207 0.70588235 0.70588235 0.70588235
v 0.01270000 0.02980544 0.05713092 0.70588235 0.70588235 0.70588235
v 0.01269999 0.02744241 0.05013788 0.70588235 0.70588235 0.70588235
v 0.01269999 0.02590425 0.04978681 0.70588235 0.70588235 0.70588235
v 0.01270000 0.02590425 0.05183824 0.70588235 0.70588235 0.70588235
v 0.01269999 0.02040149 0.04853088 0.70588235 0.70588235 0.70588235
v 0.01269999 0.01141325 0.04853088 0.70588235 0.70588235 0.70588235
v 0.01270000 0.00742590 0.04556941 0.70588235 0.70588235 0.70588235
v 0.01270000 0.00205950 0.04639604 0.70588235 0.70588235 0.70588235
v 0.01269999 0.00205950 0.04853088 0.70588235 0.70588235 0.70588235
v 0.01269999 0.00205950 0.04857277 0.70588235 0.70588235 0.70588235
v 0.01269999 0.02331653 0.05722242 0.70588235 0.70588235 0.70588235
v 0.01270000 0.02590425 0.05802057 0.70588235 0.70588235 0.70588235
v 0.01270000 0.00205950 0.04228125 0.70588235 0.70588235 0.70588235
v 0.01270000 0.00205950 0.04434461 0.70588235 0.70588235 0.70588235
v 0.01269999 0.03194754 0.04853088 0.70588235 0.70588235 0.70588235
v 0.01270000 0.03152667 0.04672254 0.70588235 0.70588235 0.70588235
v 0.01270000 0.03194754 0.04556941 0.70588235 0.70588235 0.70588235
v 0.01270000 0.02744241 0.04610696 0.70588235 0.70588235 0.70588235
v 0.01270000 0.00205950 0.03826959 0.70588235 0.70588235 0.70588235
v 0.01270000 0.00205950 0.04025867 0.70588235 0.70588235 0.70588235
v 0.01270000 0.00311217 0.04041733 0.70588235 0.70588235 0.70588235
v 0.01270001 0.02590425 0.04385254 0.70588235 0.70588235 0.70588235
v 0.01270000 0.02387585 0.04556941 0.70588235 0.70588235 0.70588235
v 0.01270000 0.02590425 0.04556941 0.70588235 0.70588235 0.70588235
v 0.01270000 0.02744241 0.04556941 0.70588235 0.70588235 0.70588235
v 0.01270000 0.02744241 0.04408437 0.70588235 0.70588235 0.70588235
v 0.01270000 0.02590425 0.04587514 0.70588235 0.70588235 0.70588235
v 0.01270001 0.03181079 0.04474278 0.70588235 0.70588235 0.70588235
v 0.01270000 0.03194754 0.04050930 0.70588235 0.70588235 0.70588235
v 0.01269999 0.03236841 0.04054084 0.70588235 0.70588235 0.70588235
v 0.01270000 0.03272508 0.04041733 0.70588235 0.70588235 0.70588235
v 0.01270000 0.03272508 0.04556941 0.70588235 0.70588235 0.70588235
v 0.01270000 0.03194754 0.04041733 0.70588235 0.70588235 0.70588235
v 0.01270001 0.03194754 0.03850370 0.70588235 0.70588235 0.70588235
v 0.01270000 0.03072010 0.04041733 0.70588235 0.70588235 0.70588235
v 0.01269999 0.02744241 0.03816609 0.70588235 0.70588235 0.70588235
v 0.01270000 0.02744241 0.04017169 0.70588235 0.70588235 0.70588235
v 0.01270000 0.02590425 0.03805082 0.70588235 0.70588235 0.70588235
v 0.01270001 0.02590425 0.04005644 0.70588235 0.70588235 0.70588235
v 0.01269999 0.00243006 0.03629175 0.70588235 0.70588235 0.70588235
v 0.01269999 0.00205950 0.03431390 0.70588235 0.70588235 0.70588235
v 0.01270000 0.00205950 0.03626397 0.70588235 0.70588235 0.70588235
v 0.01270000 0.03261070 0.03855339 0.70588235 0.70588235 0.70588235
v 0.01270000 0.03355750 0.02931391 0.70588235 0.70588235 0.70588235
v 0.01269999 0.03317064 0.02781390 0.70588235 0.70588235 0.70588235
v 0.01269999 0.03317064 0.05722242 0.70588235 0.70588235 0.70588235
v 0.01270000 0.03317064 0.05861566 0.70588235 0.70588235 0.70588235
v 0.01269999 0.03317064 0.06423222 0.70588235 0.70588235 0.70588235
v 0.01270000 0.03317064 0.02081391 0.70588235 0.70588235 0.70588235
v 0.01270000 0.03317064 0.04041733 0.70588235 0.70588235 0.70588235
v 0.01270000 0.03317064 0.04556941 0.70588235 0.70588235 0.70588235
v 0.01269999 0.03317064 0.04853088 0.70588235 0.70588235 0.70588235
v 0.01269999 0.03272508 0.07023455 0.70588235 0.70588235 0.70588235
v 0.01269999 0.03272508 0.06423222 0.70588235 0.70588235 0.70588235
v 0.01269999 0.03194754 0.07023455 0.70588235 0.70588235 0.70588235
v 0.01270000 0.02816343 0.06539412 0.70588235 0.70588235 0.70588235
v 0.01270000 0.02744241 0.07662279 0.70588235 0.70588235 0.70588235
v 0.01269999 0.02744241 0.07988236 0.70588235 0.70588235 0.70588235
v 0.01269999 0.02590425 0.07988236 0.70588235 0.70588235 0.70588235
v 0.01269999 0.02590425 0.02781390 0.70588235 0.70588235 0.70588235
v 0.01270000 0.02590425 0.02081391 0.70588235 0.70588235 0.70588235
v 0.01269999 0.03272508 0.04853088 0.70588235 0.70588235 0.70588235
v 0.01269999 0.03272508 0.05722242 0.70588235 0.70588235 0.70588235
v 0.01270000 0.03272508 0.05861566 0.70588235 0.70588235 0.70588235
v 0.01269999 0.03308177 0.03431390 0.70588235 0.70588235 0.70588235
v 0.01269999 0.03272508 0.03431390 0.70588235 0.70588235 0.70588235
v 0.01270000 0.03272508 0.03231390 0.70588235 0.70588235 0.70588235
v 0.01269999 0.03194754 0.03431390 0.70588235 0.70588235 0.70588235
v 0.01270000 0.03194754 0.03231390 0.70588235 0.70588235 0.70588235
v 0.01269999 0.02744241 0.03431390 0.70588235 0.70588235 0.70588235
v 0.01270000 0.02744241 0.03231390 0.70588235 0.70588235 0.70588235
v 0.01269999 0.02590425 0.03431390 0.70588235 0.70588235 0.70588235
v 0.01270000 0.02590425 0.03231390 0.70588235 0.70588235 0.70588235
v 0.01270000 0.00205950 0.03231390 0.70588235 0.70588235 0.70588235
v 0.01270000 0.00205950 0.02931391 0.70588235 0.70588235 0.70588235
v 0.01270000 0.02590425 0.02931391 0.70588235 0.70588235 0.70588235
v 0.01269999 0.02744241 0.02781390 0.70588235 0.70588235 0.70588235
v 0.01270000 0.02744241 0.02931391 0.70588235 0.70588235 0.70588235
v 0.01269999 0.03194754 0.02781390 0.70588235 0.70588235 0.70588235
v 0.01270000 0.03194754 0.02931391 0.70588235 0.70588235 0.70588235
v 0.01269999 0.03272508 0.02781390 0.70588235 0.70588235 0.70588235
v 0.01270000 0.03272508 0.02931391 0.70588235 0.70588235 0.70588235
v 0.01270000 0.03317064 0.02931391 0.70588235 0.70588235 0.70588235
v 0.01270000 0.00205950 0.06825062 0.70588235 0.70588235 0.70588235
v 0.01269999 0.00496954 0.07023455 0.70588235 0.70588235 0.70588235
v 0.01270000 0.01433980 0.07662279 0.70588235 0.70588235 0.70588235
v 0.01270000 0.01078930 0.07662279 0.70588235 0.70588235 0.70588235
v 0.01269999 0.01912093 0.07988236 0.70588235 0.70588235 0.70588235
v 0.01269999 0.02380842 0.08307808 0.70588235 0.70588235 0.70588235
v 0.01270000 0.02590425 0.07139994 0.70588235 0.70588235 0.70588235
v 0.01269999 0.02348422 0.07023455 0.70588235 0.70588235 0.70588235
v 0.01269999 0.01101971 0.06423222 0.70588235 0.70588235 0.70588235
v 0.01269999 0.01562940 0.06423222 0.70588235 0.70588235 0.70588235
v 0.01270000 0.00396597 0.05861566 0.70588235 0.70588235 0.70588235
v 0.01269999 0.00205950 0.05769759 0.70588235 0.70588235 0.70588235
v 0.01269999 0.00205950 0.05722242 0.70588235 0.70588235 0.70588235
v 0.01270000 0.03272508 0.02081391 0.70588235 0.70588235 0.70588235
v 0.01270000 0.03194754 0.02081391 0.70588235 0.70588235 0.70588235
v 0.01270000 0.02744241 0.02081391 0.70588235 0.70588235 0.70588235
f 3 2 1
f 4 3 1
f 1 6 5
f 1 7 6
f 2 7 1
f 5 9 8
f 5 10 9
f 6 10 5
f 8 12 11
f 8 13 12
f 9 13 8
f 11 14 8
f 11 15 14
f 16 15 11
f 16 17 15
f 18 17 16
f 18 19 17
f 20 19 18
f 20 21 19
f 22 21 20
f 22 23 21
f 24 23 22
f 24 25 23
f 26 25 24
f 26 27 25
f 28 27 26
f 28 29 27
f 30 29 28
f 33 32 31
f 31 34 33
f 31 35 34
f 29 35 31
f 29 36 35
f 30 36 29
f 39 38 37
f 39 40 38
f 32 40 39
f 32 41 40
f 33 41 32
f 37 43 42
f 37 44 43
f 38 44 37
f 47 46 45
f 47 48 46
f 49 48 47
f 49 50 48
f 51 50 49
f 51 52 50
f 53 52 51
f 53 54 52
f 55 54 53
f 55 56 54
f 57 56 55
f 57 58 56
f 59 58 57
f 59 60 58
f 61 60 59
f 61 62 60
f 63 62 61
f 63 64 62
f 42 64 63
f 42 65 64
f 43 65 42
f 45 67 66
f 45 68 67
f 46 68 45
f 4 69 3
f 4 70 69
f 66 70 4
f 66 71 70
f 67 71 66
f 74 73 72
f 74 75 73
f 76 75 74
f 76 77 75
f 78 77 76
f 78 79 77
f 80 79 78
f 80 81 79
f 82 81 80
f 82 83 81
f 84 83 82
f 84 85 83
f 86 85 84
f 86 87 85
f 88 87 86
f 88 89 87
f 90 89 88
f 90 91 89
f 92 91 90
f 92 93 91
f 94 93 92
f 94 95 93
f 96 95 94
f 96 97 95
f 98 97 96
f 98 99 97
f 100 99 98
f 100 101 99
f 102 101 100
f 102 103 101
f 104 103 102
f 104 105 103
f 106 105 104
f 106 107 105
f 108 107 106
f 108 109 107
f 110 109 108
f 110 111 109
f 112 111 110
f 112 113 111
f 114 113 112
f 114 115 113
f 116 115 114
f 116 117 115
f 118 117 116
f 118 119 117
f 120 119 118
f 120 121 119
f 122 121 120
f 122 123 121
f 124 123 122
f 124 125 123
f 126 125 124
f 126 127 125
f 128 127 126
f 128 129 127
f 130 129 128
f 130 72 129
f 74 72 130
f 133 132 131
f 134 133 131
f 131 136 135
f 131 137 136
f 132 137 131
f 135 139 138
f 135 140 139
f 136 140 135
f 138 142 141
f 138 143 142
f 139 143 138
f 141 144 138
f 141 145 144
f 146 145 141
f 146 147 145
f 148 147 146
f 148 149 147
f 150 149 148
f 150 151 149
f 152 151 150
f 152 153 151
f 154 153 152
f 154 155 153
f 156 155 154
f 156 157 155
f 158 157 156
f 158 159 157
f 160 159 158
f 163 162 161
f 161 164 163
f 161 165 164
f 159 165 161
f 159 166 165
f 160 166 159
f 169 168 167
f 169 170 168
f 162 170 169
f 162 171 170
f 163 171 162
f 167 173 172
f 167 174 173
f 168 174 167
f 177 176 175
f 177 178 176
f 179 178 177
f 179 180 178
f 181 180 179
f 181 182 180
f 183 182 181
f 183 184 182
f 185 184 183
f 185 186 184
f 187 186 185
f 187 188 186
f 189 188 187
f 189 190 188
f 191 190 189
f 191 192 190
f 193 192 191
f 193 194 192
f 172 194 193
f 172 195 194
f 173 195 172
f 175 197 196
f 175 198 197
f 176 198 175
f 134 199 133
f 134 200 199
f 196 200 134
f 196 201 200
f 197 201 196
f 204 203 202
f 204 205 203
f 206 205 204
f 206 207 205
f 208 207 206
f 208 209 207
f 210 209 208
f 210 211 209
f 212 211 210
f 212 213 211
f 214 213 212
f 214 215 213
f 216 215 214
f 216 217 215
f 218 217 216
f 218 219 217
f 220 219 218
f 220 221 219
f 222 221 220
f 222 223 221
f 224 223 222
f 224 225 223
f 226 225 224
f 226 227 225
f 228 227 226
f 228 229 227
f 230 229 228
f 230 231 229
f 232 231 230
f 232 233 231
f 234 233 232
f 234 235 233
f 236 235 234
f 236 237 235
f 238 237 236
f 238 239 237
f 240 239 238
f 240 241 239
f 242 241 240
f 242 243 241
f 244 243 242
f 244 245 243
f 246 245 244
f 246 247 245
f 248 247 246
f 248 249 247
f 250 249 248
f 250 251 249
f 252 251 250
f 252 253 251
f 254 253 252
f 254 255 253
f 256 255 254
f 256 257 255
f 258 257 256
f 258 259 257
f 260 259 258
f 260 202 259
f 204 202 260
f 263 262 261
f 263 264 262
f 265 264 263
f 265 266 264
f 267 266 265
f 267 268 266
f 269 268 267
f 269 270 268
f 271 270 269
f 271 272 270
f 273 272 271
f 273 274 272
f 275 274 273
f 275 276 274
f 277 276 275
f 277 278 276
f 279 278 277
f 279 280 278
f 281 280 279
f 281 282 280
f 283 282 281
f 283 284 282
f 285 284 283
f 285 286 284
f 287 286 285
f 287 288 286
f 289 288 287
f 289 290 288
f 291 290 289
f 291 292 290
f 293 292 291
f 293 294 292
f 295 294 293
f 295 296 294
f 297 296 295
f 297 298 296
f 299 298 297
f 299 300 298
f 301 300 299
f 301 302 300
f 303 302 301
f 303 304 302
f 305 304 303
f 305 306 304
f 307 306 305
f 307 308 306
f 309 308 307
f 309 310 308
f 311 310 309
f 311 312 310
f 313 312 311
f 313 314 312
f 315 314 313
f 315 316 314
f 317 316 315
f 317 318 316
f 319 318 317
f 319 261 318
f 263 261 319
f 322 321 320
f 322 323 321
f 324 323 322
f 324 325 323
f 326 325 324
f 326 327 325
f 328 327 326
f 328 329 327
f 330 329 328
f 330 331 329
f 332 331 330
f 332 333 331
f 334 333 332
f 334 335 333
f 336 335 334
f 336 337 335
f 338 337 336
f 338 339 337
f 340 339 338
f 340 341 339
f 342 341 340
f 342 343 341
f 344 343 342
f 344 345 343
f 346 345 344
f 346 347 345
f 348 347 346
f 348 349 347
f 350 349 348
f 350 351 349
f 352 351 350
f 352 353 351
f 354 353 352
f 354 355 353
f 356 355 354
f 356 357 355
f 358 357 356
f 358 359 357
f 360 359 358
f 360 361 359
f 362 361 360
f 362 363 361
f 364 363 362
f 364 365 363
f 366 365 364
f 366 367 365
f 368 367 366
f 368 369 367
f 370 369 368
f 370 371 369
f 372 371 370
f 372 373 371
f 374 373 372
f 374 375 373
f 376 375 374
f 376 377 375
f 378 377 376
f 378 320 377
f 322 320 378
f 381 380 379
f 381 382 380
f 383 382 381
f 383 384 382
f 385 384 383
f 385 386 384
f 387 386 385
f 387 388 386
f 389 388 387
f 389 390 388
f 391 390 389
f 391 392 390
f 393 392 391
f 393 394 392
f 395 394 393
f 395 396 394
f 397 396 395
f 397 398 396
f 399 398 397
f 399 400 398
f 401 400 399
f 401 402 400
f 403 402 401
f 403 404 402
f 405 404 403
f 405 406 404
f 407 406 405
f 407 408 406
f 409 408 407
f 409 410 408
f 411 410 409
f 411 412 410
f 413 412 411
f 413 414 412
f 415 414 413
f 415 416 414
f 417 416 415
f 417 418 416
f 419 418 417
f 419 420 418
f 421 420 419
f 421 422 420
f 423 422 421
f 423 424 422
f 425 424 423
f 425 426 424
f 427 426 425
f 427 428 426
f 429 428 427
f 429 430 428
f 431 430 429
f 431 432 430
f 433 432 431
f 433 434 432
f 435 434 433
f 435 436 434
f 437 436 435
f 437 379 436
f 381 379 437
f 440 439 438
f 440 441 439
f 442 441 440
f 442 443 441
f 444 443 442
f 444 445 443
f 446 445 444
f 446 447 445
f 448 447 446
f 448 449 447
f 450 449 448
f 450 451 449
f 452 451 450
f 452 453 451
f 454 453 452
f 454 455 453
f 456 455 454
f 456 457 455
f 458 457 456
f 458 459 457
f 460 459 458
f 460 461 459
f 462 461 460
f 462 463 461
f 464 463 462
f 464 465 463
f 466 465 464
f 466 467 465
f 468 467 466
f 468 469 467
f 470 469 468
f 470 471 469
f 472 471 470
f 472 473 471
f 474 473 472
f 474 475 473
f 476 475 474
f 476 477 475
f 478 477 476
f 478 479 477
f 480 479 478
f 480 481 479
f 482 481 480
f 482 483 481
f 484 483 482
f 484 485 483
f 486 485 484
f 486 487 485
f 488 487 486
f 488 489 487
f 490 489 488
f 490 491 489
f 492 491 490
f 492 493 491
f 494 493 492
f 494 495 493
f 438 495 494
f 438 439 495
f 498 497 496
f 498 499 497
f 500 499 498
f 500 501 499
f 502 501 500
f 502 503 501
f 504 503 502
f 504 505 503
f 506 505 504
f 506 507 505
f 508 507 506
f 508 509 507
f 510 509 508
f 510 511 509
f 512 511 510
f 512 513 511
f 514 513 512
f 514 515 513
f 516 515 514
f 516 517 515
f 518 517 516
f 518 519 517
f 520 519 518
f 520 521 519
f 522 521 520
f 522 523 521
f 524 523 522
f 524 525 523
f 526 525 524
f 526 527 525
f 528 527 526
f 528 529 527
f 530 529 528
f 530 531 529
f 532 531 530
f 532 533 531
f 534 533 532
f 534 535 533
f 536 535 534
f 536 537 535
f 538 537 536
f 538 539 537
f 540 539 538
f 540 541 539
f 542 541 540
f 542 543 541
f 544 543 542
f 544 545 543
f 546 545 544
f 546 547 545
f 548 547 546
f 548 549 547
f 550 549 548
f 550 551 549
f 552 551 550
f 552 553 551
f 554 553 552
f 554 555 553
f 496 555 554
f 496 497 555
f 558 557 556
f 558 559 557
f 560 559 558
f 560 561 559
f 562 561 560
f 562 563 561
f 564 563 562
f 564 565 563
f 566 565 564
f 566 567 565
f 568 567 566
f 568 569 567
f 570 569 568
f 570 571 569
f 572 571 570
f 572 573 571
f 574 573 572
f 574 575 573
f 576 575 574
f 576 577 575
f 578 577 576
f 578 579 577
f 580 579 578
f 580 581 579
f 582 581 580
f 582 583 581
f 584 583 582
f 584 585 583
f 586 585 584
f 586 587 585
f 588 587 586
f 588 589 587
f 590 589 588
f 590 591 589
f 592 591 590
f 592 593 591
f 594 593 592
f 594 595 593
f 596 595 594
f 596 597 595
f 598 597 596
f 598 599 597
f 600 599 598
f 600 601 599
f 602 601 600
f 602 603 601
f 604 603 602
f 604 605 603
f 606 605 604
f 606 607 605
f 608 607 606
f 608 609 607
f 610 609 608
f 610 611 609
f 612 611 610
f 612 613 611
f 556 613 612
f 556 557 613
f 616 615 614
f 616 617 615
f 618 617 616
f 618 619 617
f 620 619 618
f 620 621 619
f 622 621 620
f 622 623 621
f 624 623 622
f 624 625 623
f 626 625 624
f 626 627 625
f 628 627 626
f 628 629 627
f 630 629 628
f 630 631 629
f 632 631 630
f 632 633 631
f 634 633 632
f 634 635 633
f 636 635 634
f 636 637 635
f 638 637 636
f 638 639 637
f 640 639 638
f 640 641 639
f 642 641 640
f 642 643 641
f 644 643 642
f 644 645 643
f 646 645 644
f 646 647 645
f 648 647 646
f 648 649 647
f 650 649 648
f 650 651 649
f 652 651 650
f 652 653 651
f 654 653 652
f 654 655 653
f 656 655 654
f 656 657 655
f 658 657 656
f 658 659 657
f 660 659 658
f 660 661 659
f 662 661 660
f 662 663 661
f 664 663 662
f 664 665 663
f 666 665 664
f 666 667 665
f 668 667 666
f 668 669 667
f 670 669 668
f 670 671 669
f 672 671 670
f 672 673 671
f 614 673 672
f 614 615 673
f 676 675 674
f 676 677 675
f 678 677 676
f 678 679 677
f 680 679 678
f 680 681 679
f 682 681 680
f 682 683 681
f 684 683 682
f 684 685 683
f 686 685 684
f 686 687 685
f 688 687 686
f 688 689 687
f 690 689 688
f 690 691 689
f 692 691 690
f 692 693 691
f 694 693 692
f 694 695 693
f 696 695 694
f 696 697 695
f 698 697 696
f 698 699 697
f 700 699 698
f 700 701 699
f 702 701 700
f 702 703 701
f 704 703 702
f 704 705 703
f 706 705 704
f 706 707 705
f 708 707 706
f 708 709 707
f 710 709 708
f 710 711 709
f 712 711 710
f 712 713 711
f 714 713 712
f 714 715 713
f 716 715 714
f 716 717 715
f 718 717 716
f 718 719 717
f 720 719 718
f 720 721 719
f 722 721 720
f 722 723 721
f 724 723 722
f 724 725 723
f 726 725 724
f 726 727 725
f 728 727 726
f 728 729 727
f 730 729 728
f 730 731 729
f 674 731 730
f 674 675 731
f 734 733 732
f 734 735 733
f 736 735 734
f 736 737 735
f 738 737 736
f 738 739 737
f 740 739 738
f 740 741 739
f 742 741 740
f 742 743 741
f 744 743 742
f 744 745 743
f 746 745 744
f 746 747 745
f 748 747 746
f 748 749 747
f 750 749 748
f 750 751 749
f 752 751 750
f 752 753 751
f 754 753 752
f 754 755 753
f 756 755 754
f 756 757 755
f 758 757 756
f 758 759 757
f 760 759 758
f 760 761 759
f 762 761 760
f 762 763 761
f 764 763 762
f 764 765 763
f 766 765 764
f 766 767 765
f 768 767 766
f 768 769 767
f 770 769 768
f 770 771 769
f 772 771 770
f 772 773 771
f 774 773 772
f 774 775 773
f 776 775 774
f 776 777 775
f 778 777 776
f 778 779 777
f 780 779 778
f 780 781 779
f 782 781 780
f 782 783 781
f 784 783 782
f 784 785 783
f 786 785 784
f 786 787 785
f 788 787 786
f 788 789 787
f 790 789 788
f 790 791 789
f 732 791 790
f 732 733 791
f 794 793 792
f 794 795 793
f 796 795 794
f 796 797 795
f 800 799 798
f 800 801 799
f 801 87 89
f 251 253 802
f 801 85 87
f 801 83 85
f 81 83 801
f 801 79 81
f 801 77 79
f 803 77 801
f 803 75 77
f 804 75 803
f 804 73 75
f 72 73 804
f 804 129 72
f 804 127 129
f 805 127 804
f 805 125 127
f 123 125 805
f 219 801 217
f 219 799 801
f 221 799 219
f 115 117 205
f 805 121 123
f 805 119 121
f 117 119 805
f 205 113 115
f 205 111 113
f 109 111 205
f 117 203 205
f 117 202 203
f 805 202 117
f 805 259 202
f 257 259 805
f 253 806 802
f 253 805 806
f 255 805 253
f 255 257 805
f 802 249 251
f 802 247 249
f 245 247 802
f 229 799 227
f 229 231 799
f 103 215 217
f 103 213 215
f 211 213 103
f 217 101 103
f 217 99 101
f 97 99 217
f 241 807 239
f 241 802 807
f 243 802 241
f 243 245 802
f 807 237 239
f 807 235 237
f 799 235 807
f 799 233 235
f 231 233 799
f 799 225 227
f 799 223 225
f 221 223 799
f 217 95 97
f 217 93 95
f 801 93 217
f 801 91 93
f 89 91 801
f 205 107 109
f 205 105 107
f 207 105 205
f 207 103 105
f 209 103 207
f 209 211 103
f 808 611 613
f 808 609 611
f 607 609 808
f 808 731 809
f 808 729 731
f 727 729 808
f 808 725 727
f 808 723 725
f 721 723 808
f 810 691 693
f 811 679 681
f 808 605 607
f 808 603 605
f 812 603 808
f 812 601 603
f 599 601 812
f 813 487 489
f 813 485 487
f 483 485 813
f 814 455 457
f 815 699 701
f 812 597 599
f 812 595 597
f 813 595 812
f 813 593 595
f 591 593 813
f 491 813 489
f 491 591 813
f 493 591 491
f 711 573 709
f 711 713 573
f 816 699 815
f 817 691 810
f 818 679 811
f 818 677 679
f 809 677 818
f 809 675 677
f 731 675 809
f 483 819 481
f 483 820 819
f 813 820 483
f 709 455 814
f 808 559 721
f 808 557 559
f 613 557 808
f 709 453 455
f 709 451 453
f 449 451 709
f 573 717 719
f 573 715 717
f 713 715 573
f 814 707 709
f 814 705 707
f 815 705 814
f 815 703 705
f 701 703 815
f 695 810 693
f 695 821 810
f 697 821 695
f 697 822 821
f 699 822 697
f 699 823 822
f 816 823 699
f 817 689 691
f 817 687 689
f 824 687 817
f 824 685 687
f 793 477 479
f 793 475 477
f 473 475 793
f 459 814 457
f 459 825 814
f 461 825 459
f 719 571 573
f 719 569 571
f 721 569 719
f 721 567 569
f 565 567 721
f 721 563 565
f 721 561 563
f 559 561 721
f 481 827 826
f 579 443 577
f 579 581 443
f 681 828 811
f 681 829 828
f 683 829 681
f 683 830 829
f 685 830 683
f 685 831 830
f 824 831 685
f 481 832 827
f 481 833 832
f 819 833 481
f 793 471 473
f 793 469 471
f 795 469 793
f 795 467 469
f 443 575 577
f 443 573 575
f 445 573 443
f 445 709 573
f 447 709 445
f 447 449 709
f 481 793 479
f 481 834 793
f 826 834 481
f 495 591 493
f 495 589 591
f 439 589 495
f 439 587 589
f 441 587 439
f 441 585 587
f 443 585 441
f 443 583 585
f 581 583 443
f 795 465 467
f 795 463 465
f 835 463 795
f 835 461 463
f 836 461 835
f 836 825 461
f 838 809 837
f 838 808 809
f 839 808 838
f 839 840 808
f 841 840 839
f 841 842 840
f 845 844 843
f 845 846 844
f 847 846 845
f 847 848 846
f 851 850 849
f 853 852 846
f 853 854 852
f 853 855 854
f 856 855 853
f 851 858 857
f 851 859 858
f 860 851 857
f 860 861 851
f 840 861 860
f 840 862 861
f 863 862 840
f 864 840 842
f 864 863 840
f 865 863 864
f 865 866 863
f 867 864 842
f 867 868 864
f 869 868 867
f 868 871 870
f 873 853 872
f 873 856 853
f 874 856 873
f 874 875 856
f 876 850 851
f 876 872 850
f 866 872 876
f 866 873 872
f 865 873 866
f 851 877 859
f 851 878 877
f 849 878 851
f 849 879 878
f 880 879 849
f 849 881 880
f 849 848 881
f 882 848 849
f 882 846 848
f 883 846 882
f 883 853 846
f 868 884 871
f 868 885 884
f 869 885 868
f 874 886 875
f 874 887 886
f 888 887 874
f 874 889 888
f 874 890 889
f 891 890 874
f 891 892 890
f 868 892 891
f 868 893 892
f 870 893 868
f 817 895 894
f 817 810 895
f 815 897 896
f 815 814 897
f 896 733 735
f 898 545 547
f 896 511 513
f 897 511 896
f 838 535 537
f 797 499 501
f 797 497 499
f 796 497 797
f 796 555 497
f 898 543 545
f 898 541 543
f 838 541 898
f 838 539 541
f 537 539 838
f 531 671 673
f 779 627 629
f 796 553 555
f 796 551 553
f 898 551 796
f 898 549 551
f 547 549 898
f 533 671 531
f 838 657 659
f 838 655 657
f 653 655 838
f 838 651 653
f 838 649 651
f 647 649 838
f 797 505 899
f 797 503 505
f 501 503 797
f 897 509 511
f 897 507 509
f 900 507 897
f 900 505 507
f 901 505 900
f 901 899 505
f 837 637 639
f 837 635 637
f 633 635 837
f 896 517 519
f 896 515 517
f 513 515 896
f 894 747 749
f 535 671 533
f 535 669 671
f 667 669 535
f 535 665 667
f 535 663 665
f 838 663 535
f 838 661 663
f 659 661 838
f 838 645 647
f 838 643 645
f 837 643 838
f 837 641 643
f 639 641 837
f 617 619 519
f 895 747 894
f 627 783 785
f 627 781 783
f 779 781 627
f 633 771 773
f 633 769 771
f 837 769 633
f 837 767 769
f 765 767 837
f 896 739 902
f 896 737 739
f 735 737 896
f 896 791 733
f 896 789 791
f 627 789 896
f 627 787 789
f 785 787 627
f 617 523 615
f 617 521 523
f 519 521 617
f 753 755 903
f 751 894 749
f 751 904 894
f 753 904 751
f 753 905 904
f 903 905 753
f 673 529 531
f 673 527 529
f 615 527 673
f 615 525 527
f 523 525 615
f 631 779 629
f 631 777 779
f 633 777 631
f 633 775 777
f 773 775 633
f 896 625 627
f 896 623 625
f 519 623 896
f 519 621 623
f 619 621 519
f 837 763 765
f 837 761 763
f 906 761 837
f 906 759 761
f 907 759 906
f 907 757 759
f 908 757 907
f 908 755 757
f 909 755 908
f 909 903 755
f 895 745 747
f 895 743 745
f 910 743 895
f 910 741 743
f 911 741 910
f 911 739 741
f 912 739 911
f 912 902 739
f 913 838 898
f 913 839 838
f 914 276 278
f 839 320 321
f 839 316 318
f 913 306 308
f 841 382 384
f 839 377 320
f 839 375 377
f 373 375 839
f 839 314 316
f 839 312 314
f 913 312 839
f 913 310 312
f 308 310 913
f 841 333 335
f 841 331 333
f 329 331 841
f 841 327 329
f 841 325 327
f 839 325 841
f 839 323 325
f 321 323 839
f 839 371 373
f 839 369 371
f 367 369 839
f 914 341 343
f 913 304 306
f 913 302 304
f 843 302 913
f 843 300 302
f 286 916 915
f 841 380 382
f 841 379 380
f 335 379 841
f 335 436 379
f 434 436 335
f 843 298 300
f 843 296 298
f 844 296 843
f 844 294 296
f 292 294 844
f 915 284 286
f 915 282 284
f 914 282 915
f 914 280 282
f 278 280 914
f 365 272 274
f 365 270 272
f 268 270 365
f 276 357 359
f 388 390 917
f 386 841 384
f 386 918 841
f 388 918 386
f 388 919 918
f 917 919 388
f 844 290 292
f 844 288 290
f 920 288 844
f 920 286 288
f 921 286 920
f 921 916 286
f 365 266 268
f 365 264 266
f 367 264 365
f 367 262 264
f 839 262 367
f 839 261 262
f 318 261 839
f 361 276 359
f 276 355 357
f 276 353 355
f 351 353 276
f 276 365 274
f 276 363 365
f 361 363 276
f 390 922 917
f 390 923 922
f 392 923 390
f 392 924 923
f 394 924 392
f 394 925 924
f 396 925 394
f 396 926 925
f 276 349 351
f 276 347 349
f 914 347 276
f 914 345 347
f 343 345 914
f 335 432 434
f 335 430 432
f 337 430 335
f 337 428 430
f 339 428 337
f 341 418 420
f 341 416 418
f 914 416 341
f 914 414 416
f 412 414 914
f 914 410 412
f 914 408 410
f 927 408 914
f 927 406 408
f 928 402 404
f 928 400 402
f 926 400 928
f 926 398 400
f 396 398 926
f 339 426 428
f 339 424 426
f 341 424 339
f 341 422 424
f 420 422 341
f 404 929 928
f 404 930 929
f 406 930 404
f 406 931 930
f 927 931 406
f 914 856 875
f 914 915 856
f 890 926 928
f 890 892 926
f 873 933 932
f 873 865 933
f 865 934 933
f 865 864 934
f 864 935 934
f 864 868 935
f 868 936 935
f 868 891 936
f 891 937 936
f 891 874 937
f 874 932 937
f 874 873 932
f 425 423 933
f 936 397 395
f 937 407 405
f 435 433 934
f 937 409 407
f 937 411 409
f 932 411 937
f 932 413 411
f 415 413 932
f 933 427 425
f 933 429 427
f 934 429 933
f 934 431 429
f 433 431 934
f 387 385 935
f 932 417 415
f 932 419 417
f 933 419 932
f 933 421 419
f 423 421 933
f 934 437 435
f 934 381 437
f 935 381 934
f 935 383 381
f 385 383 935
f 935 389 387
f 935 391 389
f 936 391 935
f 936 393 391
f 395 393 936
f 936 399 397
f 936 401 399
f 937 401 936
f 937 403 401
f 405 403 937
f 851 939 938
f 851 861 939
f 861 940 939
f 861 862 940
f 862 941 940
f 862 863 941
f 863 942 941
f 863 866 942
f 866 943 942
f 866 876 943
f 876 938 943
f 876 851 938
f 366 364 939
f 942 338 336
f 943 348 346
f 376 374 940
f 943 350 348
f 943 352 350
f 938 352 943
f 938 354 352
f 356 354 938
f 939 368 366
f 939 370 368
f 940 370 939
f 940 372 370
f 374 372 940
f 328 326 941
f 938 358 356
f 938 360 358
f 939 360 938
f 939 362 360
f 364 362 939
f 940 378 376
f 940 322 378
f 941 322 940
f 941 324 322
f 326 324 941
f 941 330 328
f 941 332 330
f 942 332 941
f 942 334 332
f 336 334 942
f 942 340 338
f 942 342 340
f 943 342 942
f 943 344 342
f 346 344 943
f 946 945 944
f 946 947 945
f 948 947 946
f 807 857 949
f 807 860 857
f 807 948 860
f 807 947 948
f 802 947 807
f 206 181 208
f 206 183 181
f 204 183 206
f 204 185 183
f 260 185 204
f 260 187 185
f 258 187 260
f 258 189 187
f 256 189 258
f 256 191 189
f 254 191 256
f 254 193 191
f 252 193 254
f 252 172 193
f 250 172 252
f 250 167 172
f 248 167 250
f 248 169 167
f 246 169 248
f 246 162 169
f 244 162 246
f 244 161 162
f 242 161 244
f 242 159 161
f 240 159 242
f 240 157 159
f 238 157 240
f 238 155 157
f 236 155 238
f 236 153 155
f 234 153 236
f 234 151 153
f 232 151 234
f 232 149 151
f 230 149 232
f 230 147 149
f 228 147 230
f 228 145 147
f 226 145 228
f 226 144 145
f 224 144 226
f 224 138 144
f 222 138 224
f 222 135 138
f 220 135 222
f 220 131 135
f 218 131 220
f 218 134 131
f 216 134 218
f 216 196 134
f 214 196 216
f 214 175 196
f 212 175 214
f 212 177 175
f 210 177 212
f 210 179 177
f 208 179 210
f 208 181 179
f 76 51 78
f 76 53 51
f 74 53 76
f 74 55 53
f 130 55 74
f 130 57 55
f 128 57 130
f 128 59 57
f 126 59 128
f 126 61 59
f 124 61 126
f 124 63 61
f 122 63 124
f 122 42 63
f 120 42 122
f 120 37 42
f 118 37 120
f 118 39 37
f 116 39 118
f 116 32 39
f 114 32 116
f 114 31 32
f 112 31 114
f 112 29 31
f 110 29 112
f 110 27 29
f 108 27 110
f 108 25 27
f 106 25 108
f 106 23 25
f 104 23 106
f 104 21 23
f 102 21 104
f 102 19 21
f 100 19 102
f 100 17 19
f 98 17 100
f 98 15 17
f 96 15 98
f 96 14 15
f 94 14 96
f 94 8 14
f 92 8 94
f 92 5 8
f 90 5 92
f 90 1 5
f 88 1 90
f 88 4 1
f 86 4 88
f 86 66 4
f 84 66 86
f 84 45 66
f 82 45 84
f 82 47 45
f 80 47 82
f 80 49 47
f 78 49 80
f 78 51 49
f 950 794 792
f 792 951 950
f 792 952 951
f 953 952 792
f 955 800 954
f 955 801 800
f 803 801 955
f 792 956 953
f 792 957 956
f 958 957 792
f 958 959 957
f 960 959 958
f 960 961 959
f 800 962 954
f 800 963 962
f 959 963 800
f 959 964 963
f 961 964 959
f 847 966 965
f 847 967 966
f 968 967 847
f 847 969 968
f 847 970 969
f 845 970 847
f 949 799 807
f 949 798 799
f 971 798 949
f 971 972 798
f 975 974 973
f 975 976 974
f 798 976 975
f 798 977 976
f 972 977 798
f 975 847 965
f 975 978 847
f 973 978 975
f 950 796 794
f 950 898 796
f 913 845 843
f 913 970 845
f 898 970 913
f 950 970 898
f 950 969 970
f 951 969 950
f 951 968 969
f 952 968 951
f 952 967 968
f 953 967 952
f 953 966 967
f 956 966 953
f 956 965 966
f 957 965 956
f 957 975 965
f 959 975 957
f 959 798 975
f 800 798 959
f 971 949 857
f 858 971 857
f 858 972 971
f 859 972 858
f 859 977 972
f 877 977 859
f 877 976 977
f 878 976 877
f 878 974 976
f 879 974 878
f 879 973 974
f 880 973 879
f 880 978 973
f 881 978 880
f 881 847 978
f 848 847 881
f 820 813 955
f 954 820 955
f 954 819 820
f 962 819 954
f 962 833 819
f 963 833 962
f 963 832 833
f 964 832 963
f 964 827 832
f 961 827 964
f 961 826 827
f 960 826 961
f 960 834 826
f 958 834 960
f 958 793 834
f 792 793 958
f 979 806 805
f 979 980 806
f 945 980 944
f 945 806 980
f 981 944 980
f 981 946 944
f 947 806 945
f 947 802 806
f 983 979 982
f 983 984 979
f 805 982 979
f 805 985 982
f 804 985 805
f 804 986 985
f 986 982 985
f 986 983 982
f 987 983 986
f 812 987 986
f 803 986 804
f 803 812 986
f 955 812 803
f 955 813 812
f 984 980 979
f 984 981 980
f 808 46 48
f 808 68 46
f 198 176 808
f 860 156 154
f 860 158 156
f 948 158 860
f 840 136 137
f 808 67 68
f 808 71 67
f 70 71 808
f 808 69 70
f 808 3 69
f 2 3 808
f 981 170 171
f 808 197 198
f 808 201 197
f 200 201 808
f 987 44 38
f 987 43 44
f 65 43 987
f 812 60 987
f 812 58 60
f 56 58 812
f 808 199 200
f 808 133 199
f 840 133 808
f 840 132 133
f 137 132 840
f 840 140 136
f 840 139 140
f 143 139 840
f 987 64 65
f 987 62 64
f 60 62 987
f 981 168 170
f 981 174 168
f 984 174 981
f 984 173 174
f 195 173 984
f 38 983 987
f 38 984 983
f 40 984 38
f 40 41 984
f 840 142 143
f 840 141 142
f 146 141 840
f 840 148 146
f 840 150 148
f 860 150 840
f 860 152 150
f 154 152 860
f 984 194 195
f 984 192 194
f 190 192 984
f 6 176 10
f 6 808 176
f 7 808 6
f 7 2 808
f 812 54 56
f 812 52 54
f 808 52 812
f 808 50 52
f 48 50 808
f 981 164 946
f 981 163 164
f 171 163 981
f 190 35 36
f 190 34 35
f 984 34 190
f 984 33 34
f 41 33 984
f 176 9 10
f 176 13 9
f 12 13 176
f 948 160 158
f 948 166 160
f 946 166 948
f 946 165 166
f 164 165 946
f 176 11 12
f 176 16 11
f 178 16 176
f 178 18 16
f 180 18 178
f 180 20 18
f 182 20 180
f 182 22 20
f 184 22 182
f 184 24 22
f 186 24 184
f 186 26 24
f 188 26 186
f 188 28 26
f 190 28 188
f 190 30 28
f 36 30 190
f 835 795 797
f 899 835 797
f 899 836 835
f 901 836 899
f 901 825 836
f 900 825 901
f 900 814 825
f 897 814 900
f 920 844 846
f 852 920 846
f 852 921 920
f 854 921 852
f 854 916 921
f 855 916 854
f 855 915 916
f 856 915 855
f 925 926 892
f 893 925 892
f 893 924 925
f 870 924 893
f 870 923 924
f 871 923 870
f 871 922 923
f 884 922 871
f 884 917 922
f 885 917 884
f 885 919 917
f 869 919 885
f 869 918 919
f 867 918 869
f 867 841 918
f 842 841 867
f 816 815 896
f 902 816 896
f 902 823 816
f 912 823 902
f 912 822 823
f 911 822 912
f 911 821 822
f 910 821 911
f 910 810 821
f 895 810 910
f 824 817 894
f 904 824 894
f 904 831 824
f 905 831 904
f 905 830 831
f 903 830 905
f 903 829 830
f 909 829 903
f 909 828 829
f 908 828 909
f 908 811 828
f 907 811 908
f 907 818 811
f 906 818 907
f 906 809 818
f 837 809 906
f 927 914 875
f 886 927 875
f 886 931 927
f 887 931 886
f 887 930 931
f 888 930 887
f 888 929 930
f 889 929 888
f 889 928 929
f 890 928 889
f 490 532 492
f 490 534 532
f 488 534 490
f 486 534 488
f 486 536 534
f 484 536 486
f 484 538 536
f 482 538 484
f 482 540 538
f 482 542 540
f 480 542 482
f 480 544 542
f 478 544 480
f 476 544 478
f 476 546 544
f 474 546 476
f 460 502 500
f 460 504 502
f 458 504 460
f 458 506 504
f 456 506 458
f 456 508 506
f 454 508 456
f 454 510 508
f 452 510 454
f 452 512 510
f 450 512 452
f 450 514 512
f 448 514 450
f 448 516 514
f 446 516 448
f 446 518 516
f 444 518 446
f 444 520 518
f 442 520 444
f 442 522 520
f 440 522 442
f 440 524 522
f 438 524 440
f 438 526 524
f 494 526 438
f 494 528 526
f 492 528 494
f 492 530 528
f 532 530 492
f 474 548 546
f 474 550 548
f 472 550 474
f 472 552 550
f 470 552 472
f 470 554 552
f 468 554 470
f 468 496 554
f 466 496 468
f 466 498 496
f 464 498 466
f 464 500 498
f 462 500 464
f 462 460 500
f 606 652 608
f 606 654 652
f 604 654 606
f 604 656 654
f 602 656 604
f 602 600 656
f 562 636 634
f 562 638 636
f 560 638 562
f 560 640 638
f 558 640 560
f 558 642 640
f 556 642 558
f 556 644 642
f 612 644 556
f 612 646 644
f 610 646 612
f 610 648 646
f 608 648 610
f 608 650 648
f 652 650 608
f 600 658 656
f 600 660 658
f 598 660 600
f 598 662 660
f 596 662 598
f 596 594 662
f 578 620 618
f 576 620 578
f 618 580 578
f 618 582 580
f 616 582 618
f 616 584 582
f 614 584 616
f 614 586 584
f 672 586 614
f 672 588 586
f 670 588 672
f 670 590 588
f 668 590 670
f 668 592 590
f 666 592 668
f 666 594 592
f 664 594 666
f 664 662 594
f 634 564 562
f 634 566 564
f 632 566 634
f 632 568 566
f 630 568 632
f 630 570 568
f 628 570 630
f 628 572 570
f 626 572 628
f 626 574 572
f 624 574 626
f 624 576 574
f 622 576 624
f 622 620 576
f 724 770 726
f 724 772 770
f 722 772 724
f 722 774 772
f 720 774 722
f 720 718 774
f 680 754 752
f 680 756 754
f 678 756 680
f 678 758 756
f 676 758 678
f 676 760 758
f 674 760 676
f 674 762 760
f 730 762 674
f 730 764 762
f 728 764 730
f 728 766 764
f 726 766 728
f 726 768 766
f 770 768 726
f 718 776 774
f 718 778 776
f 716 778 718
f 716 780 778
f 714 780 716
f 714 712 780
f 696 738 736
f 694 738 696
f 736 698 696
f 736 700 698
f 734 700 736
f 734 702 700
f 732 702 734
f 732 704 702
f 790 704 732
f 790 706 704
f 788 706 790
f 788 708 706
f 786 708 788
f 786 710 708
f 784 710 786
f 784 712 710
f 782 712 784
f 782 780 712
f 752 682 680
f 752 684 682
f 750 684 752
f 750 686 684
f 748 686 750
f 748 688 686
f 746 688 748
f 746 690 688
f 744 690 746
f 744 692 690
f 742 692 744
f 742 694 692
f 740 694 742
f 740 738 694
f 307 305 988
f 988 309 307
f 988 311 309
f 989 311 988
f 990 279 277
f 991 289 287
f 991 291 289
f 991 293 291
f 992 293 991
f 992 295 293
f 297 295 992
f 992 299 297
f 992 301 299
f 988 301 992
f 988 303 301
f 305 303 988
f 990 273 993
f 990 275 273
f 277 275 990
f 989 313 311
f 989 315 313
f 317 315 989
f 989 319 317
f 989 263 319
f 993 263 989
f 993 265 263
f 267 265 993
f 990 281 279
f 990 283 281
f 991 283 990
f 991 285 283
f 287 285 991
f 993 269 267
f 993 271 269
f 273 271 993
f 850 993 989
f 850 872 993
f 849 989 988
f 849 850 989
f 882 988 992
f 882 849 988
f 883 992 991
f 883 882 992
f 853 991 990
f 853 883 991
f 872 990 993
f 872 853 990
f 996 995 994
f 996 997 995
f 998 997 996
f 998 999 997
f 1000 999 998
f 1000 1001 999
f 1002 1001 1000
f 1002 1003 1001
f 1004 1003 1002
f 1004 1005 1003
f 1006 1005 1004
f 1006 1007 1005
f 1008 1007 1006
f 1008 1009 1007
f 1010 1009 1008
f 1010 1011 1009
f 1012 1011 1010
f 1012 1013 1011
f 1014 1013 1012
f 1014 1015 1013
f 1016 1015 1014
f 1016 1017 1015
f 1018 1017 1016
f 1018 1019 1017
f 1020 1019 1018
f 1020 1021 1019
f 1022 1021 1020
f 1022 1023 1021
f 1024 1023 1022
f 1024 1025 1023
f 1026 1025 1024
f 1026 1027 1025
f 1028 1027 1026
f 1028 1029 1027
f 1030 1029 1028
f 1030 1031 1029
f 1032 1031 1030
f 1032 1033 1031
f 1034 1033 1032
f 1034 1035 1033
f 1036 1035 1034
f 1036 1037 1035
f 1038 1037 1036
f 1038 1039 1037
f 1040 1039 1038
f 1040 1041 1039
f 1042 1041 1040
f 1042 1043 1041
f 1044 1043 1042
f 1044 1045 1043
f 1046 1045 1044
f 1046 1047 1045
f 1048 1047 1046
f 1048 1049 1047
f 1050 1049 1048
f 1050 1051 1049
f 1052 1051 1050
f 1052 1053 1051
f 994 1053 1052
f 994 995 1053
f 1056 1055 1054
f 1056 1057 1055
f 1058 1057 1056
f 1058 1059 1057
f 1060 1059 1058
f 1060 1061 1059
f 1062 1061 1060
f 1062 1063 1061
f 1064 1063 1062
f 1064 1065 1063
f 1066 1065 1064
f 1066 1067 1065
f 1068 1067 1066
f 1068 1069 1067
f 1070 1069 1068
f 1070 1071 1069
f 1072 1071 1070
f 1072 1073 1071
f 1074 1073 1072
f 1074 1075 1073
f 1076 1075 1074
f 1076 1077 1075
f 1078 1077 1076
f 1078 1079 1077
f 1080 1079 1078
f 1080 1081 1079
f 1082 1081 1080
f 1082 1083 1081
f 1084 1083 1082
f 1084 1085 1083
f 1086 1085 1084
f 1086 1087 1085
f 1088 1087 1086
f 1088 1089 1087
f 1090 1089 1088
f 1090 1091 1089
f 1092 1091 1090
f 1092 1093 1091
f 1094 1093 1092
f 1094 1095 1093
f 1096 1095 1094
f 1096 1097 1095
f 1098 1097 1096
f 1098 1099 1097
f 1100 1099 1098
f 1100 1101 1099
f 1102 1101 1100
f 1102 1103 1101
f 1104 1103 1102
f 1104 1105 1103
f 1106 1105 1104
f 1106 1107 1105
f 1108 1107 1106
f 1108 1109 1107
f 1110 1109 1108
f 1110 1111 1109
f 1112 1111 1110
f 1112 1113 1111
f 1054 1113 1112
f 1054 1055 1113
f 1116 1115 1114
f 1116 1117 1115
f 1118 1117 1116
f 1118 1119 1117
f 1120 1119 1118
f 1120 1121 1119
f 1122 1121 1120
f 1122 1123 1121
f 1124 1123 1122
f 1124 1125 1123
f 1126 1125 1124
f 1126 1127 1125
f 1128 1127 1126
f 1128 1129 1127
f 1130 1129 1128
f 1130 1131 1129
f 1132 1131 1130
f 1132 1133 1131
f 1134 1133 1132
f 1134 1135 1133
f 1136 1135 1134
f 1136 1137 1135
f 1138 1137 1136
f 1138 1139 1137
f 1140 1139 1138
f 1140 1141 1139
f 1142 1141 1140
f 1142 1143 1141
f 1144 1143 1142
f 1144 1145 1143
f 1146 1145 1144
f 1146 1147 1145
f 1148 1147 1146
f 1148 1149 1147
f 1150 1149 1148
f 1150 1151 1149
f 1152 1151 1150
f 1152 1153 1151
f 1154 1153 1152
f 1154 1155 1153
f 1156 1155 1154
f 1156 1157 1155
f 1158 1157 1156
f 1158 1159 1157
f 1160 1159 1158
f 1160 1161 1159
f 1162 1161 1160
f 1162 1163 1161
f 1164 1163 1162
f 1164 1165 1163
f 1166 1165 1164
f 1166 1167 1165
f 1168 1167 1166
f 1168 1169 1167
f 1170 1169 1168
f 1170 1171 1169
f 1172 1171 1170
f 1172 1173 1171
f 1114 1173 1172
f 1114 1115 1173
f 1176 1175 1174
f 1177 1176 1174
f 1177 1178 1176
f 1179 1178 1177
f 1179 1180 1178
f 1181 1180 1179
f 1181 1182 1180
f 1183 1182 1181
f 1183 1184 1182
f 1185 1184 1183
f 1185 1186 1184
f 1187 1186 1185
f 1190 1189 1188
f 1191 1190 1188
f 1191 1192 1190
f 1193 1192 1191
f 1193 1194 1192
f 1195 1194 1193
f 1195 1196 1194
f 1197 1196 1195
f 1197 1198 1196
f 1199 1198 1197
f 1199 1200 1198
f 1201 1200 1199
f 1201 1202 1200
f 1203 1202 1201
f 1203 1204 1202
f 1205 1204 1203
f 1208 1207 1206
f 1208 1209 1207
f 1210 1209 1208
f 1210 1211 1209
f 1212 1211 1210
f 1212 1213 1211
f 1214 1213 1212
f 1214 1215 1213
f 1216 1215 1214
f 1216 1217 1215
f 1204 1217 1216
f 1204 1205 1217
f 1218 1206 1207
f 1219 1218 1207
f 1219 1220 1218
f 1221 1220 1219
f 1221 1222 1220
f 1223 1222 1221
f 1223 1224 1222
f 1225 1224 1223
f 1225 1226 1224
f 1227 1226 1225
f 1227 1228 1226
f 1229 1228 1227
f 1229 1230 1228
f 1231 1230 1229
f 1231 1232 1230
f 1233 1232 1231
f 1234 1232 1233
f 1234 1235 1232
f 1236 1235 1234
f 1236 1237 1235
f 1238 1237 1236
f 1238 1239 1237
f 1240 1239 1238
f 1240 1241 1239
f 1242 1241 1240
f 1242 1243 1241
f 1244 1243 1242
f 1244 1245 1243
f 1246 1245 1244
f 1246 1247 1245
f 1248 1247 1246
f 1248 1249 1247
f 1250 1249 1248
f 1250 1251 1249
f 1252 1251 1250
f 1252 1253 1251
f 1254 1253 1252
f 1254 1255 1253
f 1256 1255 1254
f 1256 1257 1255
f 1258 1257 1256
f 1259 1258 1256
f 1259 1260 1258
f 1261 1260 1259
f 1261 1262 1260
f 1263 1262 1261
f 1263 1264 1262
f 1265 1264 1263
f 1265 1266 1264
f 1267 1266 1265
f 1267 1268 1266
f 1269 1268 1267
f 1269 1270 1268
f 1271 1270 1269
f 1271 1272 1270
f 1273 1272 1271
f 1273 1274 1272
f 1275 1274 1273
f 1275 1276 1274
f 1277 1276 1275
f 1277 1278 1276
f 1279 1278 1277
f 1280 1278 1279
f 1280 1281 1278
f 1282 1281 1280
f 1282 1283 1281
f 1284 1283 1282
f 1284 1285 1283
f 1286 1285 1284
f 1286 1287 1285
f 1288 1287 1286
f 1288 1289 1287
f 1290 1289 1288
f 1290 1291 1289
f 1292 1291 1290
f 1292 1293 1291
f 1294 1293 1292
f 1294 1295 1293
f 1296 1295 1294
f 1296 1297 1295
f 1298 1297 1296
f 1298 1299 1297
f 1300 1299 1298
f 1300 1301 1299
f 1302 1301 1300
f 1302 1303 1301
f 1304 1303 1302
f 1304 1305 1303
f 1306 1305 1304
f 1306 1307 1305
f 1308 1307 1306
f 1308 1309 1307
f 1310 1309 1308
f 1310 1311 1309
f 1312 1311 1310
f 1312 1313 1311
f 1314 1313 1312
f 1314 1315 1313
f 1316 1315 1314
f 1316 1317 1315
f 1318 1317 1316
f 1318 1319 1317
f 1318 1175 1319
f 1174 1175 1318
f 1320 1188 1189
f 1320 1321 1188
f 1322 1321 1320
f 1322 1323 1321
f 1324 1323 1322
f 1324 1325 1323
f 1326 1325 1324
f 1326 1327 1325
f 1328 1327 1326
f 1328 1329 1327
f 1330 1329 1328
f 1330 1331 1329
f 1332 1331 1330
f 1332 1333 1331
f 1334 1333 1332
f 1334 1335 1333
f 1336 1335 1334
f 1336 1337 1335
f 1338 1337 1336
f 1338 1339 1337
f 1340 1339 1338
f 1340 1341 1339
f 1342 1341 1340
f 1342 1343 1341
f 1344 1343 1342
f 1344 1345 1343
f 1346 1345 1344
f 1346 1347 1345
f 1186 1347 1346
f 1186 1187 1347
f 1348 1306 1304
f 1308 1349 1310
f 1352 1351 1350
f 1355 1354 1353
f 1358 1357 1356
f 1361 1360 1359
f 1362 1359 1360
f 1365 1364 1363
f 1368 1367 1366
f 1335 1370 1369
f 1371 1367 1368
f 1374 1373 1372
f 1375 1374 1372
f 1343 1377 1376
f 1345 1379 1378
f 1380 1187 1185
f 1381 1187 1380
f 1380 1181 1179
f 1380 1183 1181
f 1185 1183 1380
f 1381 1347 1187
f 1381 1382 1347
f 1383 1382 1381
f 1385 1316 1384
f 1385 1318 1316
f 1386 1318 1385
f 1386 1174 1318
f 1383 1386 1382
f 1383 1174 1386
f 1380 1174 1383
f 1380 1177 1174
f 1179 1177 1380
f 1347 1387 1345
f 1347 1388 1387
f 1382 1388 1347
f 1390 1316 1389
f 1390 1384 1316
f 1391 1384 1390
f 1391 1387 1384
f 1391 1345 1387
f 1392 1345 1391
f 1392 1379 1345
f 1389 1379 1392
f 1389 1393 1379
f 1316 1393 1389
f 1316 1394 1393
f 1395 1314 1312
f 1395 1396 1314
f 1396 1316 1314
f 1396 1394 1316
f 1397 1394 1396
f 1397 1398 1394
f 1377 1398 1397
f 1377 1378 1398
f 1343 1378 1377
f 1343 1345 1378
f 1376 1341 1343
f 1376 1399 1341
f 1400 1399 1376
f 1400 1401 1399
f 1402 1401 1400
f 1341 1403 1339
f 1341 1404 1403
f 1399 1404 1341
f 1407 1406 1405
f 1407 1408 1406
f 1409 1408 1407
f 1312 1402 1395
f 1312 1401 1402
f 1310 1401 1312
f 1310 1406 1401
f 1349 1406 1310
f 1349 1405 1406
f 1410 1405 1349
f 1409 1403 1408
f 1409 1339 1403
f 1411 1339 1409
f 1411 1337 1339
f 1414 1413 1412
f 1414 1415 1413
f 1410 1415 1414
f 1410 1375 1415
f 1349 1375 1410
f 1349 1374 1375
f 1412 1411 1414
f 1412 1337 1411
f 1416 1337 1412
f 1416 1417 1337
f 1371 1418 1367
f 1371 1419 1418
f 1420 1419 1371
f 1369 1333 1335
f 1369 1421 1333
f 1422 1421 1369
f 1422 1423 1421
f 1366 1423 1422
f 1366 1424 1423
f 1367 1424 1366
f 1367 1425 1424
f 1418 1425 1367
f 1426 1363 1364
f 1331 1427 1329
f 1331 1428 1427
f 1333 1428 1331
f 1333 1429 1428
f 1421 1429 1333
f 1432 1431 1430
f 1432 1361 1431
f 1433 1361 1432
f 1433 1360 1361
f 1434 1360 1433
f 1434 1362 1360
f 1365 1362 1434
f 1365 1435 1362
f 1363 1435 1365
f 1426 1427 1363
f 1426 1329 1427
f 1436 1329 1426
f 1436 1437 1329
f 1356 1437 1436
f 1356 1438 1437
f 1357 1438 1356
f 1357 1355 1438
f 1358 1355 1357
f 1358 1354 1355
f 1441 1440 1439
f 1430 1442 1432
f 1430 1353 1442
f 1443 1353 1430
f 1443 1355 1353
f 1444 1355 1443
f 1444 1438 1355
f 1329 1445 1327
f 1329 1446 1445
f 1437 1446 1329
f 1449 1448 1447
f 1450 1448 1449
f 1439 1451 1441
f 1439 1450 1451
f 1452 1450 1439
f 1452 1448 1450
f 1443 1441 1444
f 1443 1440 1441
f 1453 1440 1443
f 1453 1454 1440
f 1455 1454 1453
f 1455 1456 1454
f 1447 1445 1449
f 1447 1327 1445
f 1457 1327 1447
f 1457 1458 1327
f 1456 1459 1454
f 1456 1460 1459
f 1461 1460 1456
f 1461 1462 1460
f 1465 1464 1463
f 1465 1466 1464
f 1467 1466 1465
f 1467 1468 1466
f 1469 1468 1467
f 1470 1350 1351
f 1325 1471 1323
f 1325 1472 1471
f 1473 1472 1325
f 1476 1475 1474
f 1476 1477 1475
f 1478 1477 1476
f 1478 1479 1477
f 1470 1471 1350
f 1470 1323 1471
f 1480 1323 1470
f 1480 1481 1323
f 1483 1481 1482
f 1483 1323 1481
f 1484 1323 1483
f 1484 1321 1323
f 1485 1321 1484
f 1479 1486 1477
f 1479 1487 1486
f 1488 1487 1479
f 1488 1489 1487
f 1490 1489 1488
f 1490 1482 1489
f 1491 1482 1490
f 1491 1483 1482
f 1493 1234 1492
f 1494 1234 1493
f 1494 1236 1234
f 1478 1236 1494
f 1154 1495 1156
f 1154 1496 1495
f 1152 1496 1154
f 1152 1150 1496
f 1263 1132 1265
f 1263 1134 1132
f 1261 1134 1263
f 1261 1136 1134
f 1261 1138 1136
f 1261 1140 1138
f 1142 1140 1261
f 1496 1146 1144
f 1496 1148 1146
f 1150 1148 1496
f 1495 1158 1156
f 1495 1160 1158
f 1497 1160 1495
f 1497 1162 1160
f 1497 1164 1162
f 1166 1164 1497
f 1497 1168 1166
f 1497 1170 1168
f 1172 1170 1497
f 1279 1114 1172
f 1279 1116 1114
f 1277 1116 1279
f 1277 1118 1116
f 1275 1118 1277
f 1275 1120 1118
f 1273 1120 1275
f 1273 1122 1120
f 1271 1122 1273
f 1271 1124 1122
f 1269 1124 1271
f 1269 1126 1124
f 1267 1126 1269
f 1267 1128 1126
f 1265 1128 1267
f 1265 1130 1128
f 1132 1130 1265
f 1302 1348 1304
f 1302 1419 1348
f 1300 1419 1302
f 1298 1419 1300
f 1298 1418 1419
f 1498 1418 1298
f 1498 1425 1418
f 1431 1425 1498
f 1431 1499 1425
f 1361 1499 1431
f 1361 1500 1499
f 1359 1500 1361
f 1502 1292 1501
f 1502 1294 1292
f 1296 1294 1502
f 1497 1284 1282
f 1497 1279 1172
f 1497 1280 1279
f 1282 1280 1497
f 1497 1286 1284
f 1497 1288 1286
f 1290 1288 1497
f 1496 1250 1248
f 1496 1252 1250
f 1496 1254 1252
f 1256 1254 1496
f 1261 1144 1142
f 1261 1496 1144
f 1259 1496 1261
f 1259 1256 1496
f 1476 1236 1478
f 1476 1238 1236
f 1474 1238 1476
f 1474 1240 1238
f 1503 1240 1474
f 1503 1242 1240
f 1504 1242 1503
f 1504 1244 1242
f 1496 1244 1504
f 1496 1246 1244
f 1248 1246 1496
f 1505 1024 1022
f 1505 1026 1024
f 1028 1026 1505
f 1505 1030 1028
f 1505 1032 1030
f 1034 1032 1505
f 1505 1036 1034
f 1505 1038 1036
f 1040 1038 1505
f 1492 1042 1040
f 1492 1044 1042
f 1234 1000 998
f 1233 1006 1234
f 1233 1008 1006
f 1227 1016 1014
f 1227 1018 1016
f 1020 1018 1227
f 1234 1002 1000
f 1234 1004 1002
f 1006 1004 1234
f 1233 1010 1008
f 1233 1012 1010
f 1231 1012 1233
f 1231 1014 1012
f 1229 1014 1231
f 1229 1227 1014
f 1492 1046 1044
f 1492 1048 1046
f 1050 1048 1492
f 1492 1052 1050
f 1492 994 1052
f 1234 994 1492
f 1234 996 994
f 998 996 1234
f 1227 1207 1209
f 1227 1219 1207
f 1225 1219 1227
f 1225 1221 1219
f 1223 1221 1225
f 1201 1199 1197
f 1205 1195 1506
f 1195 1201 1197
f 1195 1203 1201
f 1205 1203 1195
f 1072 1070 1506
f 1112 1110 1321
f 1507 1056 1054
f 1507 1058 1056
f 1066 1507 1068
f 1066 1064 1507
f 1195 1088 1086
f 1321 1106 1104
f 1321 1108 1106
f 1110 1108 1321
f 1321 1054 1112
f 1321 1507 1054
f 1485 1507 1321
f 1485 1508 1507
f 1509 1508 1485
f 1509 1510 1508
f 1511 1510 1509
f 1511 1512 1510
f 1513 1512 1511
f 1513 1492 1512
f 1514 1492 1513
f 1514 1493 1492
f 1507 1060 1058
f 1507 1062 1060
f 1064 1062 1507
f 1506 1074 1072
f 1506 1076 1074
f 1078 1076 1506
f 1195 1090 1088
f 1195 1092 1090
f 1193 1092 1195
f 1193 1094 1092
f 1191 1094 1193
f 1191 1096 1094
f 1188 1096 1191
f 1188 1098 1096
f 1188 1100 1098
f 1321 1100 1188
f 1321 1102 1100
f 1104 1102 1321
f 1506 1080 1078
f 1506 1082 1080
f 1195 1082 1506
f 1195 1084 1082
f 1086 1084 1195
f 1417 1335 1337
f 1417 1370 1335
f 1372 1370 1417
f 1372 1420 1370
f 1373 1420 1372
f 1373 1419 1420
f 1374 1419 1373
f 1374 1348 1419
f 1349 1348 1374
f 1349 1306 1348
f 1308 1306 1349
f 1458 1325 1327
f 1458 1473 1325
f 1462 1473 1458
f 1462 1515 1473
f 1461 1515 1462
f 1461 1516 1515
f 1456 1516 1461
f 1456 1464 1516
f 1455 1464 1456
f 1455 1463 1464
f 1453 1463 1455
f 1453 1517 1463
f 1443 1517 1453
f 1443 1518 1517
f 1430 1518 1443
f 1430 1519 1518
f 1431 1519 1430
f 1431 1501 1519
f 1498 1501 1431
f 1498 1502 1501
f 1298 1502 1498
f 1298 1296 1502
f 1497 1292 1290
f 1497 1501 1292
f 1495 1501 1497
f 1495 1519 1501
f 1496 1519 1495
f 1496 1518 1519
f 1504 1518 1496
f 1504 1517 1518
f 1503 1517 1504
f 1503 1463 1517
f 1474 1463 1503
f 1474 1465 1463
f 1475 1465 1474
f 1475 1467 1465
f 1520 1467 1475
f 1520 1469 1467
f 1352 1469 1520
f 1352 1521 1469
f 1350 1521 1352
f 1505 1492 1040
f 1505 1512 1492
f 1522 1512 1505
f 1522 1510 1512
f 1523 1510 1522
f 1523 1508 1510
f 1524 1508 1523
f 1524 1507 1508
f 1506 1507 1524
f 1506 1068 1507
f 1070 1068 1506
f 1227 1022 1020
f 1227 1505 1022
f 1209 1505 1227
f 1209 1522 1505
f 1211 1522 1209
f 1211 1523 1522
f 1213 1523 1211
f 1213 1524 1523
f 1215 1524 1213
f 1215 1506 1524
f 1217 1506 1215
f 1217 1205 1506
f 1527 1526 1525
f 1530 1529 1528
f 1530 1531 1529
f 1532 1531 1530
f 1175 1176 1178
f 1346 1344 1533
f 1535 1344 1534
f 1535 1533 1344
f 1536 1533 1535
f 1538 1537 1313
f 1315 1538 1313
f 1315 1539 1538
f 1317 1539 1315
f 1346 1541 1540
f 1543 1542 1317
f 1184 1180 1182
f 1184 1540 1180
f 1186 1540 1184
f 1186 1346 1540
f 1319 1543 1317
f 1319 1544 1543
f 1175 1544 1319
f 1540 1178 1180
f 1540 1175 1178
f 1545 1175 1540
f 1545 1544 1175
f 1541 1544 1545
f 1541 1546 1544
f 1346 1546 1541
f 1346 1547 1546
f 1533 1547 1346
f 1549 1317 1548
f 1549 1539 1317
f 1550 1539 1549
f 1550 1551 1539
f 1552 1551 1550
f 1552 1553 1551
f 1536 1542 1533
f 1536 1317 1542
f 1554 1317 1536
f 1554 1548 1317
f 1534 1548 1554
f 1534 1555 1548
f 1344 1555 1534
f 1344 1552 1555
f 1342 1552 1344
f 1342 1553 1552
f 1340 1553 1342
f 1340 1556 1553
f 1557 1556 1340
f 1557 1558 1556
f 1559 1558 1557
f 1559 1537 1558
f 1559 1313 1537
f 1559 1311 1313
f 1560 1311 1559
f 1563 1562 1561
f 1560 1563 1311
f 1560 1562 1563
f 1564 1562 1560
f 1564 1565 1562
f 1566 1565 1564
f 1566 1567 1565
f 1340 1568 1557
f 1340 1566 1568
f 1338 1566 1340
f 1338 1567 1566
f 1336 1567 1338
f 1336 1569 1567
f 1332 1570 1334
f 1332 1571 1570
f 1574 1573 1572
f 1574 1575 1573
f 1578 1577 1576
f 1581 1580 1579
f 1581 1582 1580
f 1583 1582 1581
f 1583 1584 1582
f 1585 1584 1583
f 1330 1328 1586
f 1588 1328 1587
f 1588 1586 1328
f 1585 1586 1588
f 1585 1589 1586
f 1583 1589 1585
f 1580 1578 1579
f 1580 1577 1578
f 1582 1577 1580
f 1582 1590 1577
f 1591 1577 1590
f 1591 1576 1577
f 1592 1576 1591
f 1592 1593 1576
f 1594 1593 1592
f 1594 1595 1593
f 1596 1595 1594
f 1596 1598 1597
f 1596 1599 1598
f 1594 1599 1596
f 1602 1601 1600
f 1603 1596 1597
f 1603 1595 1596
f 1601 1595 1603
f 1600 1604 1602
f 1600 1605 1604
f 1606 1605 1600
f 1606 1607 1605
f 1608 1607 1606
f 1608 1609 1607
f 1611 1326 1610
f 1611 1328 1326
f 1612 1328 1611
f 1612 1587 1328
f 1597 1587 1612
f 1597 1613 1587
f 1598 1613 1597
f 1598 1614 1613
f 1599 1614 1598
f 1616 1324 1615
f 1616 1326 1324
f 1609 1326 1616
f 1609 1610 1326
f 1608 1610 1609
f 1602 1595 1601
f 1602 1617 1595
f 1618 1617 1602
f 1618 1619 1617
f 1620 1619 1618
f 1622 1322 1621
f 1622 1324 1322
f 1623 1324 1622
f 1623 1615 1324
f 1624 1615 1623
f 1624 1625 1615
f 1624 1626 1625
f 1624 1627 1626
f 1628 1627 1624
f 1626 1629 1625
f 1626 1620 1629
f 1627 1620 1626
f 1627 1619 1620
f 1628 1619 1627
f 1628 1630 1619
f 1633 1632 1631
f 1634 1630 1632
f 1637 1636 1635
f 1637 1638 1636
f 1639 1638 1637
f 1639 1640 1638
f 1641 1640 1639
f 1641 1642 1640
f 1621 1642 1641
f 1322 1320 1643
f 1322 1642 1621
f 1322 1644 1642
f 1643 1644 1322
f 1635 1631 1637
f 1635 1633 1631
f 1636 1633 1635
f 1636 1645 1633
f 1646 1237 1525
f 1646 1235 1237
f 1647 1235 1646
f 1157 1649 1648
f 1648 1155 1157
f 1648 1153 1155
f 1151 1153 1648
f 1260 1143 1145
f 1260 1141 1143
f 1139 1141 1260
f 1648 1149 1151
f 1648 1147 1149
f 1145 1147 1648
f 1650 1163 1165
f 1650 1161 1163
f 1649 1161 1650
f 1649 1159 1161
f 1157 1159 1649
f 1260 1137 1139
f 1260 1135 1137
f 1262 1135 1260
f 1262 1133 1135
f 1264 1133 1262
f 1264 1131 1133
f 1266 1131 1264
f 1266 1129 1131
f 1268 1129 1266
f 1268 1127 1129
f 1270 1127 1268
f 1270 1125 1127
f 1272 1125 1270
f 1272 1123 1125
f 1274 1123 1272
f 1274 1121 1123
f 1276 1121 1274
f 1276 1119 1121
f 1278 1119 1276
f 1278 1117 1119
f 1278 1115 1117
f 1650 1115 1278
f 1650 1173 1115
f 1171 1173 1650
f 1650 1169 1171
f 1650 1167 1169
f 1165 1167 1650
f 1051 1647 1049
f 1051 1053 1647
f 1647 1047 1049
f 1647 1045 1047
f 1043 1045 1647
f 1651 1039 1041
f 1651 1037 1039
f 1035 1037 1651
f 1009 1235 1007
f 1009 1232 1235
f 1235 1005 1007
f 1235 1003 1005
f 1001 1003 1235
f 1651 1033 1035
f 1651 1031 1033
f 1029 1031 1651
f 1226 1019 1021
f 1226 1017 1019
f 1228 1017 1226
f 1228 1015 1017
f 1230 1015 1228
f 1230 1013 1015
f 1232 1013 1230
f 1232 1011 1013
f 1009 1011 1232
f 1235 999 1001
f 1235 997 999
f 1647 997 1235
f 1647 995 997
f 1053 995 1647
f 1651 1027 1029
f 1651 1025 1027
f 1226 1025 1651
f 1226 1023 1025
f 1021 1023 1226
f 1237 1527 1525
f 1237 1652 1527
f 1239 1652 1237
f 1239 1653 1652
f 1241 1653 1239
f 1241 1654 1653
f 1243 1654 1241
f 1648 1249 1251
f 1648 1247 1249
f 1654 1247 1648
f 1654 1245 1247
f 1243 1245 1654
f 1648 1255 1257
f 1648 1253 1255
f 1251 1253 1648
f 1648 1260 1145
f 1648 1258 1260
f 1257 1258 1648
f 1650 1289 1291
f 1650 1287 1289
f 1285 1287 1650
f 1650 1283 1285
f 1650 1281 1283
f 1278 1281 1650
f 1656 1295 1655
f 1656 1293 1295
f 1297 1299 1657
f 1576 1658 1578
f 1576 1575 1658
f 1657 1575 1576
f 1657 1573 1575
f 1299 1573 1657
f 1299 1659 1573
f 1660 1305 1307
f 1660 1303 1305
f 1301 1303 1660
f 1563 1309 1311
f 1563 1307 1309
f 1661 1307 1563
f 1661 1660 1307
f 1659 1660 1661
f 1659 1301 1660
f 1299 1301 1659
f 1055 1320 1113
f 1055 1662 1320
f 1057 1662 1055
f 1194 1093 1095
f 1662 1061 1063
f 1662 1059 1061
f 1057 1059 1662
f 1320 1111 1113
f 1320 1109 1111
f 1107 1109 1320
f 1320 1105 1107
f 1320 1103 1105
f 1189 1103 1320
f 1189 1101 1103
f 1662 1069 1071
f 1662 1067 1069
f 1662 1065 1067
f 1063 1065 1662
f 1189 1099 1101
f 1189 1097 1099
f 1190 1097 1189
f 1190 1095 1097
f 1192 1095 1190
f 1192 1194 1095
f 1194 1091 1093
f 1194 1089 1091
f 1087 1089 1194
f 1663 1077 1079
f 1663 1075 1077
f 1073 1075 1663
f 1194 1085 1087
f 1194 1083 1085
f 1663 1083 1194
f 1663 1081 1083
f 1079 1081 1663
f 1200 1196 1198
f 1200 1194 1196
f 1202 1194 1200
f 1653 1634 1652
f 1653 1664 1634
f 1654 1664 1653
f 1654 1665 1664
f 1648 1665 1654
f 1648 1666 1665
f 1649 1666 1648
f 1649 1656 1666
f 1650 1656 1649
f 1650 1293 1656
f 1291 1293 1650
f 1633 1634 1632
f 1633 1652 1634
f 1645 1652 1633
f 1645 1527 1652
f 1667 1527 1645
f 1667 1526 1527
f 1668 1526 1667
f 1668 1669 1526
f 1670 1669 1668
f 1670 1671 1669
f 1672 1671 1670
f 1672 1673 1671
f 1674 1673 1672
f 1674 1675 1673
f 1643 1675 1674
f 1643 1676 1675
f 1320 1676 1643
f 1320 1677 1676
f 1662 1677 1320
f 1662 1678 1677
f 1679 1678 1662
f 1679 1680 1678
f 1681 1680 1679
f 1681 1682 1680
f 1683 1682 1681
f 1683 1684 1682
f 1647 1684 1683
f 1647 1685 1684
f 1646 1685 1647
f 1634 1619 1630
f 1634 1617 1619
f 1664 1617 1634
f 1664 1595 1617
f 1665 1595 1664
f 1665 1593 1595
f 1666 1593 1665
f 1666 1576 1593
f 1656 1576 1666
f 1656 1657 1576
f 1655 1657 1656
f 1655 1297 1657
f 1295 1297 1655
f 1528 1570 1530
f 1528 1334 1570
f 1686 1334 1528
f 1686 1336 1334
f 1687 1336 1686
f 1687 1569 1336
f 1688 1569 1687
f 1688 1689 1569
f 1690 1689 1688
f 1690 1561 1689
f 1691 1561 1690
f 1691 1563 1561
f 1529 1563 1691
f 1529 1661 1563
f 1531 1661 1529
f 1531 1659 1661
f 1532 1659 1531
f 1532 1573 1659
f 1692 1573 1532
f 1692 1572 1573
f 1693 1572 1692
f 1693 1574 1572
f 1694 1574 1693
f 1694 1695 1574
f 1571 1695 1694
f 1571 1696 1695
f 1332 1696 1571
f 1332 1697 1696
f 1330 1697 1332
f 1330 1698 1697
f 1586 1698 1330
f 1647 1041 1043
f 1647 1651 1041
f 1683 1651 1647
f 1683 1699 1651
f 1681 1699 1683
f 1681 1700 1699
f 1679 1700 1681
f 1679 1701 1700
f 1662 1701 1679
f 1662 1663 1701
f 1071 1663 1662
f 1071 1073 1663
f 1224 1220 1222
f 1224 1218 1220
f 1226 1218 1224
f 1226 1206 1218
f 1651 1206 1226
f 1651 1208 1206
f 1699 1208 1651
f 1699 1210 1208
f 1700 1210 1699
f 1700 1212 1210
f 1701 1212 1700
f 1701 1214 1212
f 1663 1214 1701
f 1663 1216 1214
f 1194 1216 1663
f 1194 1204 1216
f 1202 1204 1194
f 1493 1525 1494
f 1493 1646 1525
f 1526 1494 1525
f 1526 1478 1494
f 1669 1478 1526
f 1669 1479 1478
f 1671 1479 1669
f 1671 1488 1479
f 1673 1488 1671
f 1673 1490 1488
f 1675 1490 1673
f 1675 1491 1490
f 1676 1491 1675
f 1676 1483 1491
f 1676 1484 1483
f 1676 1677 1484
f 1678 1484 1677
f 1678 1485 1484
f 1680 1485 1678
f 1680 1509 1485
f 1682 1509 1680
f 1682 1511 1509
f 1684 1511 1682
f 1684 1513 1511
f 1685 1513 1684
f 1685 1514 1513
f 1646 1514 1685
f 1646 1493 1514
f 1644 1481 1480
f 1644 1643 1481
f 1674 1481 1643
f 1674 1482 1481
f 1672 1482 1674
f 1672 1489 1482
f 1670 1489 1672
f 1670 1487 1489
f 1668 1487 1670
f 1668 1486 1487
f 1667 1486 1668
f 1667 1477 1486
f 1477 1645 1475
f 1477 1667 1645
f 1470 1644 1480
f 1470 1642 1644
f 1351 1642 1470
f 1351 1640 1642
f 1352 1640 1351
f 1352 1638 1640
f 1520 1638 1352
f 1520 1636 1638
f 1475 1636 1520
f 1475 1645 1636
f 1622 1471 1472
f 1622 1621 1471
f 1468 1632 1466
f 1468 1631 1632
f 1469 1631 1468
f 1469 1637 1631
f 1521 1637 1469
f 1521 1639 1637
f 1350 1639 1521
f 1350 1641 1639
f 1471 1641 1350
f 1471 1621 1641
f 1466 1630 1464
f 1466 1632 1630
f 1473 1622 1472
f 1473 1623 1622
f 1515 1623 1473
f 1515 1624 1623
f 1516 1624 1515
f 1516 1628 1624
f 1464 1628 1516
f 1464 1630 1628
f 1616 1458 1457
f 1616 1615 1458
f 1459 1618 1454
f 1459 1620 1618
f 1460 1620 1459
f 1460 1629 1620
f 1462 1629 1460
f 1462 1625 1629
f 1458 1625 1462
f 1458 1615 1625
f 1454 1602 1440
f 1454 1618 1602
f 1447 1616 1457
f 1447 1609 1616
f 1448 1609 1447
f 1448 1607 1609
f 1452 1607 1448
f 1452 1605 1607
f 1439 1605 1452
f 1439 1604 1605
f 1440 1604 1439
f 1440 1602 1604
f 1611 1437 1612
f 1611 1446 1437
f 1610 1446 1611
f 1610 1445 1446
f 1451 1601 1441
f 1451 1600 1601
f 1450 1600 1451
f 1450 1606 1600
f 1449 1606 1450
f 1449 1608 1606
f 1445 1608 1449
f 1445 1610 1608
f 1441 1603 1444
f 1441 1601 1603
f 1438 1612 1437
f 1438 1597 1612
f 1444 1597 1438
f 1444 1603 1597
f 1588 1436 1426
f 1588 1587 1436
f 1353 1592 1442
f 1353 1594 1592
f 1354 1594 1353
f 1354 1599 1594
f 1358 1599 1354
f 1358 1614 1599
f 1356 1614 1358
f 1356 1613 1614
f 1436 1613 1356
f 1436 1587 1613
f 1442 1591 1432
f 1442 1592 1591
f 1364 1588 1426
f 1364 1585 1588
f 1365 1585 1364
f 1365 1584 1585
f 1434 1584 1365
f 1434 1582 1584
f 1433 1582 1434
f 1433 1590 1582
f 1432 1590 1433
f 1432 1591 1590
f 1698 1429 1697
f 1698 1428 1429
f 1586 1428 1698
f 1586 1427 1428
f 1500 1658 1499
f 1500 1578 1658
f 1359 1578 1500
f 1359 1579 1578
f 1362 1579 1359
f 1362 1581 1579
f 1435 1581 1362
f 1435 1583 1581
f 1363 1583 1435
f 1363 1589 1583
f 1427 1589 1363
f 1427 1586 1589
f 1499 1575 1425
f 1499 1658 1575
f 1397 1553 1377
f 1397 1551 1553
f 1396 1551 1397
f 1396 1539 1551
f 1555 1378 1379
f 1555 1552 1378
f 1398 1549 1394
f 1398 1550 1549
f 1378 1550 1398
f 1378 1552 1550
f 1394 1548 1393
f 1394 1549 1548
f 1548 1379 1393
f 1548 1555 1379
f 1535 1392 1391
f 1535 1534 1392
f 1534 1389 1392
f 1534 1554 1389
f 1389 1536 1390
f 1389 1554 1536
f 1536 1391 1390
f 1536 1535 1391
f 1547 1387 1388
f 1547 1533 1387
f 1541 1383 1381
f 1541 1545 1383
f 1383 1540 1380
f 1383 1545 1540
f 1540 1381 1380
f 1540 1541 1381
f 1382 1547 1388
f 1382 1546 1547
f 1386 1546 1382
f 1386 1544 1546
f 1385 1544 1386
f 1385 1543 1544
f 1384 1543 1385
f 1384 1542 1543
f 1387 1542 1384
f 1387 1533 1542
f 1395 1539 1396
f 1395 1538 1539
f 1402 1538 1395
f 1402 1537 1538
f 1400 1537 1402
f 1400 1558 1537
f 1376 1558 1400
f 1376 1556 1558
f 1553 1376 1377
f 1553 1556 1376
f 1559 1399 1401
f 1559 1557 1399
f 1406 1559 1401
f 1406 1560 1559
f 1408 1560 1406
f 1408 1564 1560
f 1403 1564 1408
f 1403 1566 1564
f 1568 1399 1557
f 1568 1404 1399
f 1566 1404 1568
f 1566 1403 1404
f 1407 1567 1409
f 1407 1565 1567
f 1405 1565 1407
f 1405 1562 1565
f 1410 1562 1405
f 1410 1561 1562
f 1414 1561 1410
f 1414 1689 1561
f 1411 1689 1414
f 1411 1569 1689
f 1567 1411 1409
f 1567 1569 1411
f 1412 1686 1416
f 1412 1687 1686
f 1413 1687 1412
f 1413 1688 1687
f 1415 1688 1413
f 1415 1690 1688
f 1375 1690 1415
f 1375 1691 1690
f 1372 1691 1375
f 1372 1529 1691
f 1528 1372 1417
f 1528 1529 1372
f 1686 1417 1416
f 1686 1528 1417
f 1530 1370 1420
f 1530 1570 1370
f 1371 1530 1420
f 1371 1532 1530
f 1368 1532 1371
f 1368 1692 1532
f 1366 1692 1368
f 1366 1693 1692
f 1422 1693 1366
f 1422 1694 1693
f 1369 1694 1422
f 1369 1571 1694
f 1570 1369 1370
f 1570 1571 1369
f 1421 1697 1429
f 1421 1696 1697
f 1423 1696 1421
f 1423 1695 1696
f 1424 1695 1423
f 1424 1574 1695
f 1425 1574 1424
f 1425 1575 1574

