# https://github.com/mikedh/trimesh

o Right_gripper.stl
v -0.00578345 -0.02356185 0.01200881 0.70588235 0.70588235 0.70588235
v -0.00600000 -0.03696017 0.01179680 0.70588235 0.70588235 0.70588235
v -0.00632463 -0.03694631 0.01178383 0.70588235 0.70588235 0.70588235
v -0.00664713 -0.02356108 0.01196198 0.70588235 0.70588235 0.70588235
v -0.00492989 -0.02355957 0.01186890 0.70588235 0.70588235 0.70588235
v -0.00535287 -0.03690487 0.01174498 0.70588235 0.70588235 0.70588235
v -0.00578345 -0.03695402 0.01179102 0.70588235 0.70588235 0.70588235
v -0.00412638 -0.02355437 0.01154878 0.70588235 0.70588235 0.70588235
v -0.00451946 -0.03666203 0.01151751 0.70588235 0.70588235 0.70588235
v -0.00492989 -0.03680715 0.01165346 0.70588235 0.70588235 0.70588235
v -0.00341046 -0.03596176 0.01086156 0.70588235 0.70588235 0.70588235
v -0.00375526 -0.03623684 0.01111922 0.70588235 0.70588235 0.70588235
v -0.00412637 -0.03647117 0.01133873 0.70588235 0.70588235 0.70588235
v -0.00341047 -0.02354647 0.01106345 0.70588235 0.70588235 0.70588235
v -0.00281562 -0.02353626 0.01043559 0.70588235 0.70588235 0.70588235
v -0.00281563 -0.03530276 0.01024424 0.70588235 0.70588235 0.70588235
v -0.00236970 -0.02352421 0.00969454 0.70588235 0.70588235 0.70588235
v -0.00236971 -0.03452496 0.00951564 0.70588235 0.70588235 0.70588235
v -0.00209352 -0.02351087 0.00887497 0.70588235 0.70588235 0.70588235
v -0.00209352 -0.03366475 0.00870984 0.70588235 0.70588235 0.70588235
v -0.00200000 -0.02349690 0.00801521 0.70588235 0.70588235 0.70588235
v -0.00200001 -0.03276233 0.00786454 0.70588235 0.70588235 0.70588235
v -0.00209352 -0.02348292 0.00715545 0.70588235 0.70588235 0.70588235
v -0.00209353 -0.03185993 0.00701921 0.70588235 0.70588235 0.70588235
v -0.00236970 -0.02346958 0.00633587 0.70588235 0.70588235 0.70588235
v -0.00236970 -0.03099972 0.00621342 0.70588235 0.70588235 0.70588235
v -0.00281563 -0.02345754 0.00559484 0.70588235 0.70588235 0.70588235
v -0.00281564 -0.03022192 0.00548482 0.70588235 0.70588235 0.70588235
v -0.00341046 -0.02344732 0.00496696 0.70588235 0.70588235 0.70588235
v -0.00341046 -0.02956292 0.00486751 0.70588235 0.70588235 0.70588235
v -0.00412636 -0.02343944 0.00448163 0.70588235 0.70588235 0.70588235
v -0.00492989 -0.02343422 0.00416152 0.70588235 0.70588235 0.70588235
v -0.00492990 -0.02871752 0.00407560 0.70588235 0.70588235 0.70588235
v -0.00451946 -0.02886266 0.00421155 0.70588235 0.70588235 0.70588235
v -0.00412636 -0.02905351 0.00439032 0.70588235 0.70588235 0.70588235
v -0.00375526 -0.02928784 0.00460984 0.70588235 0.70588235 0.70588235
v -0.00664713 -0.02343272 0.00406842 0.70588235 0.70588235 0.70588235
v -0.00621655 -0.02857067 0.00393803 0.70588235 0.70588235 0.70588235
v -0.00578344 -0.02343196 0.00402159 0.70588235 0.70588235 0.70588235
v -0.00578345 -0.02857067 0.00393804 0.70588235 0.70588235 0.70588235
v -0.00535287 -0.02861981 0.00398406 0.70588235 0.70588235 0.70588235
v -0.00748055 -0.02343647 0.00429979 0.70588235 0.70588235 0.70588235
v -0.00707011 -0.02871752 0.00407561 0.70588235 0.70588235 0.70588235
v -0.00664713 -0.02861981 0.00398406 0.70588235 0.70588235 0.70588235
v -0.00824475 -0.02355073 0.01132552 0.70588235 0.70588235 0.70588235
v -0.00890399 -0.03564918 0.01056875 0.70588235 0.70588235 0.70588235
v -0.00890398 -0.02354163 0.01076564 0.70588235 0.70588235 0.70588235
v -0.00942744 -0.03492655 0.00989182 0.70588235 0.70588235 0.70588235
v -0.00942743 -0.02353042 0.01007716 0.70588235 0.70588235 0.70588235
v -0.00979062 -0.03410271 0.00912011 0.70588235 0.70588235 0.70588235
v -0.00979061 -0.02351767 0.00929224 0.70588235 0.70588235 0.70588235
v -0.00997656 -0.03321619 0.00828968 0.70588235 0.70588235 0.70588235
v -0.00997656 -0.02350393 0.00844764 0.70588235 0.70588235 0.70588235
v -0.00997655 -0.03230847 0.00743938 0.70588235 0.70588235 0.70588235
v -0.00997655 -0.02348986 0.00758279 0.70588235 0.70588235 0.70588235
v -0.00979062 -0.03142196 0.00660894 0.70588235 0.70588235 0.70588235
v -0.00979061 -0.02347612 0.00673818 0.70588235 0.70588235 0.70588235
v -0.00942744 -0.03059813 0.00583724 0.70588235 0.70588235 0.70588235
v -0.00942742 -0.02346337 0.00595325 0.70588235 0.70588235 0.70588235
v -0.00890398 -0.02987549 0.00516032 0.70588235 0.70588235 0.70588235
v -0.00890398 -0.02345216 0.00526477 0.70588235 0.70588235 0.70588235
v -0.00824476 -0.02928784 0.00460984 0.70588235 0.70588235 0.70588235
v -0.00824476 -0.02344306 0.00470490 0.70588235 0.70588235 0.70588235
v -0.00787363 -0.02905351 0.00439034 0.70588235 0.70588235 0.70588235
v -0.00748055 -0.02886266 0.00421156 0.70588235 0.70588235 0.70588235
v -0.00748056 -0.02355732 0.01173062 0.70588235 0.70588235 0.70588235
v -0.00787364 -0.03647117 0.01133874 0.70588235 0.70588235 0.70588235
v -0.00824475 -0.03623684 0.01111922 0.70588235 0.70588235 0.70588235
v -0.00664713 -0.03690487 0.01174499 0.70588235 0.70588235 0.70588235
v -0.00707012 -0.03680715 0.01165345 0.70588235 0.70588235 0.70588235
v -0.00748056 -0.03666203 0.01151751 0.70588235 0.70588235 0.70588235
v -0.00813222 -0.01848587 0.00737817 0.70588235 0.70588235 0.70588235
v -0.00823681 -0.01849361 0.00785327 0.70588235 0.70588235 0.70588235
v -0.00823681 -0.02349295 0.00777197 0.70588235 0.70588235 0.70588235
v -0.00825001 -0.01849756 0.00809651 0.70588235 0.70588235 0.70588235
v -0.00823681 -0.02350086 0.00825845 0.70588235 0.70588235 0.70588235
v -0.00823682 -0.01850151 0.00833975 0.70588235 0.70588235 0.70588235
v -0.00813223 -0.02350858 0.00873354 0.70588235 0.70588235 0.70588235
v -0.00813222 -0.01850924 0.00881485 0.70588235 0.70588235 0.70588235
v -0.00792794 -0.02351576 0.00917506 0.70588235 0.70588235 0.70588235
v -0.00792793 -0.01851642 0.00925636 0.70588235 0.70588235 0.70588235
v -0.00763350 -0.02352206 0.00956232 0.70588235 0.70588235 0.70588235
v -0.00763349 -0.01852271 0.00964364 0.70588235 0.70588235 0.70588235
v -0.00726268 -0.02352718 0.00987727 0.70588235 0.70588235 0.70588235
v -0.00726268 -0.01852784 0.00995856 0.70588235 0.70588235 0.70588235
v -0.00683281 -0.02353089 0.01010513 0.70588235 0.70588235 0.70588235
v -0.00683282 -0.01853155 0.01018643 0.70588235 0.70588235 0.70588235
v -0.00636400 -0.02353300 0.01023528 0.70588235 0.70588235 0.70588235
v -0.00636402 -0.01853366 0.01031658 0.70588235 0.70588235 0.70588235
v -0.00587818 -0.02353343 0.01026161 0.70588235 0.70588235 0.70588235
v -0.00587819 -0.01853409 0.01034291 0.70588235 0.70588235 0.70588235
v -0.00539806 -0.02353215 0.01018290 0.70588235 0.70588235 0.70588235
v -0.00539807 -0.01853281 0.01026422 0.70588235 0.70588235 0.70588235
v -0.00494608 -0.02352922 0.01000284 0.70588235 0.70588235 0.70588235
v -0.00494609 -0.01852988 0.01008416 0.70588235 0.70588235 0.70588235
v -0.00454339 -0.02352478 0.00972983 0.70588235 0.70588235 0.70588235
v -0.00454338 -0.01852544 0.00981115 0.70588235 0.70588235 0.70588235
v -0.00420879 -0.02351904 0.00937666 0.70588235 0.70588235 0.70588235
v -0.00420879 -0.01851970 0.00945798 0.70588235 0.70588235 0.70588235
v -0.00395795 -0.02351226 0.00895984 0.70588235 0.70588235 0.70588235
v -0.00395796 -0.01851292 0.00904114 0.70588235 0.70588235 0.70588235
v -0.00380261 -0.02350476 0.00849882 0.70588235 0.70588235 0.70588235
v -0.00380261 -0.01850542 0.00858014 0.70588235 0.70588235 0.70588235
v -0.00375001 -0.02349690 0.00801520 0.70588235 0.70588235 0.70588235
v -0.00375000 -0.01849756 0.00809651 0.70588235 0.70588235 0.70588235
v -0.00380261 -0.02348903 0.00753159 0.70588235 0.70588235 0.70588235
v -0.00380260 -0.01848969 0.00761288 0.70588235 0.70588235 0.70588235
v -0.00395796 -0.02348153 0.00707059 0.70588235 0.70588235 0.70588235
v -0.00395796 -0.01848219 0.00715188 0.70588235 0.70588235 0.70588235
v -0.00420879 -0.02347475 0.00665374 0.70588235 0.70588235 0.70588235
v -0.00420880 -0.01847541 0.00673505 0.70588235 0.70588235 0.70588235
v -0.00454338 -0.02346902 0.00630057 0.70588235 0.70588235 0.70588235
v -0.00454339 -0.01846968 0.00638187 0.70588235 0.70588235 0.70588235
v -0.00494608 -0.02346458 0.00602757 0.70588235 0.70588235 0.70588235
v -0.00494609 -0.01846524 0.00610886 0.70588235 0.70588235 0.70588235
v -0.00539807 -0.02346164 0.00584751 0.70588235 0.70588235 0.70588235
v -0.00539806 -0.01846230 0.00592881 0.70588235 0.70588235 0.70588235
v -0.00587818 -0.02346037 0.00576881 0.70588235 0.70588235 0.70588235
v -0.00587819 -0.01846102 0.00585011 0.70588235 0.70588235 0.70588235
v -0.00636401 -0.02346079 0.00579514 0.70588235 0.70588235 0.70588235
v -0.00636401 -0.01846145 0.00587644 0.70588235 0.70588235 0.70588235
v -0.00683282 -0.02346291 0.00592529 0.70588235 0.70588235 0.70588235
v -0.00683281 -0.01846357 0.00600658 0.70588235 0.70588235 0.70588235
v -0.00726268 -0.02346662 0.00615315 0.70588235 0.70588235 0.70588235
v -0.00726267 -0.01846728 0.00623444 0.70588235 0.70588235 0.70588235
v -0.00763350 -0.02347174 0.00646809 0.70588235 0.70588235 0.70588235
v -0.00763349 -0.01847240 0.00654939 0.70588235 0.70588235 0.70588235
v -0.00792793 -0.02347803 0.00685537 0.70588235 0.70588235 0.70588235
v -0.00792793 -0.01847869 0.00693667 0.70588235 0.70588235 0.70588235
v -0.00813222 -0.02348521 0.00729687 0.70588235 0.70588235 0.70588235
v 0.00621655 -0.02356185 0.01200881 0.70588235 0.70588235 0.70588235
v 0.00600000 -0.03696017 0.01179680 0.70588235 0.70588235 0.70588235
v 0.00567536 -0.03694631 0.01178383 0.70588235 0.70588235 0.70588235
v 0.00535288 -0.02356108 0.01196199 0.70588235 0.70588235 0.70588235
v 0.00707012 -0.02355957 0.01186890 0.70588235 0.70588235 0.70588235
v 0.00664712 -0.03690487 0.01174499 0.70588235 0.70588235 0.70588235
v 0.00621655 -0.03695402 0.01179102 0.70588235 0.70588235 0.70588235
v 0.00787362 -0.02355437 0.01154878 0.70588235 0.70588235 0.70588235
v 0.00748054 -0.03666203 0.01151751 0.70588235 0.70588235 0.70588235
v 0.00707011 -0.03680715 0.01165345 0.70588235 0.70588235 0.70588235
v 0.00858954 -0.03596176 0.01086156 0.70588235 0.70588235 0.70588235
v 0.00824475 -0.03623684 0.01111922 0.70588235 0.70588235 0.70588235
v 0.00787364 -0.03647117 0.01133872 0.70588235 0.70588235 0.70588235
v 0.00858954 -0.02354647 0.01106346 0.70588235 0.70588235 0.70588235
v 0.00918437 -0.02353626 0.01043558 0.70588235 0.70588235 0.70588235
v 0.00918437 -0.03530276 0.01024424 0.70588235 0.70588235 0.70588235
v 0.00963030 -0.02352421 0.00969454 0.70588235 0.70588235 0.70588235
v 0.00963029 -0.03452496 0.00951564 0.70588235 0.70588235 0.70588235
v 0.00990647 -0.02351087 0.00887496 0.70588235 0.70588235 0.70588235
v 0.00990648 -0.03366475 0.00870984 0.70588235 0.70588235 0.70588235
v 0.00999999 -0.02349690 0.00801521 0.70588235 0.70588235 0.70588235
v 0.00999999 -0.03276233 0.00786454 0.70588235 0.70588235 0.70588235
v 0.00990649 -0.02348292 0.00715545 0.70588235 0.70588235 0.70588235
v 0.00990647 -0.03185993 0.00701921 0.70588235 0.70588235 0.70588235
v 0.00963030 -0.02346958 0.00633588 0.70588235 0.70588235 0.70588235
v 0.00963030 -0.03099972 0.00621342 0.70588235 0.70588235 0.70588235
v 0.00918437 -0.02345754 0.00559484 0.70588235 0.70588235 0.70588235
v 0.00918436 -0.03022192 0.00548482 0.70588235 0.70588235 0.70588235
v 0.00858954 -0.02344732 0.00496695 0.70588235 0.70588235 0.70588235
v 0.00858955 -0.02956292 0.00486751 0.70588235 0.70588235 0.70588235
v 0.00787362 -0.02343944 0.00448163 0.70588235 0.70588235 0.70588235
v 0.00707011 -0.02343422 0.00416152 0.70588235 0.70588235 0.70588235
v 0.00707011 -0.02871752 0.00407561 0.70588235 0.70588235 0.70588235
v 0.00748055 -0.02886266 0.00421155 0.70588235 0.70588235 0.70588235
v 0.00787362 -0.02905351 0.00439032 0.70588235 0.70588235 0.70588235
v 0.00824475 -0.02928784 0.00460984 0.70588235 0.70588235 0.70588235
v 0.00535288 -0.02343272 0.00406842 0.70588235 0.70588235 0.70588235
v 0.00578343 -0.02857067 0.00393802 0.70588235 0.70588235 0.70588235
v 0.00621656 -0.02343196 0.00402159 0.70588235 0.70588235 0.70588235
v 0.00621655 -0.02857067 0.00393803 0.70588235 0.70588235 0.70588235
v 0.00664713 -0.02861981 0.00398407 0.70588235 0.70588235 0.70588235
v 0.00451944 -0.02343647 0.00429979 0.70588235 0.70588235 0.70588235
v 0.00492989 -0.02871752 0.00407560 0.70588235 0.70588235 0.70588235
v 0.00535287 -0.02861981 0.00398407 0.70588235 0.70588235 0.70588235
v 0.00375525 -0.02355073 0.01132552 0.70588235 0.70588235 0.70588235
v 0.00309601 -0.03564918 0.01056874 0.70588235 0.70588235 0.70588235
v 0.00309601 -0.02354163 0.01076565 0.70588235 0.70588235 0.70588235
v 0.00257257 -0.03492655 0.00989182 0.70588235 0.70588235 0.70588235
v 0.00257256 -0.02353042 0.01007716 0.70588235 0.70588235 0.70588235
v 0.00220939 -0.03410271 0.00912011 0.70588235 0.70588235 0.70588235
v 0.00220939 -0.02351767 0.00929225 0.70588235 0.70588235 0.70588235
v 0.00202344 -0.03321619 0.00828969 0.70588235 0.70588235 0.70588235
v 0.00202344 -0.02350393 0.00844764 0.70588235 0.70588235 0.70588235
v 0.00202345 -0.03230847 0.00743938 0.70588235 0.70588235 0.70588235
v 0.00202345 -0.02348986 0.00758279 0.70588235 0.70588235 0.70588235
v 0.00220937 -0.03142196 0.00660895 0.70588235 0.70588235 0.70588235
v 0.00220938 -0.02347612 0.00673817 0.70588235 0.70588235 0.70588235
v 0.00257257 -0.03059813 0.00583725 0.70588235 0.70588235 0.70588235
v 0.00257256 -0.02346337 0.00595327 0.70588235 0.70588235 0.70588235
v 0.00309602 -0.02987549 0.00516032 0.70588235 0.70588235 0.70588235
v 0.00309602 -0.02345216 0.00526478 0.70588235 0.70588235 0.70588235
v 0.00375524 -0.02928784 0.00460984 0.70588235 0.70588235 0.70588235
v 0.00375524 -0.02344306 0.00470489 0.70588235 0.70588235 0.70588235
v 0.00412636 -0.02905351 0.00439033 0.70588235 0.70588235 0.70588235
v 0.00451944 -0.02886266 0.00421155 0.70588235 0.70588235 0.70588235
v 0.00451945 -0.02355732 0.01173062 0.70588235 0.70588235 0.70588235
v 0.00412637 -0.03647117 0.01133874 0.70588235 0.70588235 0.70588235
v 0.00375524 -0.03623684 0.01111922 0.70588235 0.70588235 0.70588235
v 0.00535287 -0.03690487 0.01174499 0.70588235 0.70588235 0.70588235
v 0.00492987 -0.03680715 0.01165345 0.70588235 0.70588235 0.70588235
v 0.00451944 -0.03666203 0.01151751 0.70588235 0.70588235 0.70588235
v 0.00386779 -0.01848587 0.00737817 0.70588235 0.70588235 0.70588235
v 0.00376318 -0.01849361 0.00785328 0.70588235 0.70588235 0.70588235
v 0.00376318 -0.02349295 0.00777197 0.70588235 0.70588235 0.70588235
v 0.00375000 -0.01849756 0.00809651 0.70588235 0.70588235 0.70588235
v 0.00376319 -0.02350086 0.00825845 0.70588235 0.70588235 0.70588235
v 0.00376319 -0.01850151 0.00833975 0.70588235 0.70588235 0.70588235
v 0.00386778 -0.02350858 0.00873353 0.70588235 0.70588235 0.70588235
v 0.00386778 -0.01850924 0.00881485 0.70588235 0.70588235 0.70588235
v 0.00407206 -0.02351576 0.00917506 0.70588235 0.70588235 0.70588235
v 0.00407207 -0.01851642 0.00925636 0.70588235 0.70588235 0.70588235
v 0.00436650 -0.02352206 0.00956232 0.70588235 0.70588235 0.70588235
v 0.00436650 -0.01852271 0.00964363 0.70588235 0.70588235 0.70588235
v 0.00473733 -0.02352718 0.00987726 0.70588235 0.70588235 0.70588235
v 0.00473732 -0.01852784 0.00995856 0.70588235 0.70588235 0.70588235
v 0.00516719 -0.02353089 0.01010513 0.70588235 0.70588235 0.70588235
v 0.00516718 -0.01853155 0.01018643 0.70588235 0.70588235 0.70588235
v 0.00563599 -0.02353300 0.01023528 0.70588235 0.70588235 0.70588235
v 0.00563599 -0.01853366 0.01031658 0.70588235 0.70588235 0.70588235
v 0.00612180 -0.02353343 0.01026161 0.70588235 0.70588235 0.70588235
v 0.00612181 -0.01853409 0.01034291 0.70588235 0.70588235 0.70588235
v 0.00660194 -0.02353215 0.01018290 0.70588235 0.70588235 0.70588235
v 0.00660193 -0.01853281 0.01026421 0.70588235 0.70588235 0.70588235
v 0.00705391 -0.02352922 0.01000286 0.70588235 0.70588235 0.70588235
v 0.00705391 -0.01852988 0.01008415 0.70588235 0.70588235 0.70588235
v 0.00745662 -0.02352478 0.00972985 0.70588235 0.70588235 0.70588235
v 0.00745662 -0.01852544 0.00981114 0.70588235 0.70588235 0.70588235
v 0.00779120 -0.02351904 0.00937666 0.70588235 0.70588235 0.70588235
v 0.00779120 -0.01851970 0.00945797 0.70588235 0.70588235 0.70588235
v 0.00804204 -0.02351226 0.00895984 0.70588235 0.70588235 0.70588235
v 0.00804204 -0.01851292 0.00904113 0.70588235 0.70588235 0.70588235
v 0.00819740 -0.02350476 0.00849884 0.70588235 0.70588235 0.70588235
v 0.00819739 -0.01850542 0.00858014 0.70588235 0.70588235 0.70588235
v 0.00825000 -0.02349690 0.00801521 0.70588235 0.70588235 0.70588235
v 0.00825000 -0.01849756 0.00809651 0.70588235 0.70588235 0.70588235
v 0.00819739 -0.02348903 0.00753159 0.70588235 0.70588235 0.70588235
v 0.00819740 -0.01848969 0.00761289 0.70588235 0.70588235 0.70588235
v 0.00804204 -0.02348153 0.00707058 0.70588235 0.70588235 0.70588235
v 0.00804204 -0.01848219 0.00715188 0.70588235 0.70588235 0.70588235
v 0.00779121 -0.02347475 0.00665374 0.70588235 0.70588235 0.70588235
v 0.00779121 -0.01847541 0.00673505 0.70588235 0.70588235 0.70588235
v 0.00745662 -0.02346902 0.00630058 0.70588235 0.70588235 0.70588235
v 0.00745661 -0.01846968 0.00638188 0.70588235 0.70588235 0.70588235
v 0.00705392 -0.02346458 0.00602756 0.70588235 0.70588235 0.70588235
v 0.00705391 -0.01846524 0.00610886 0.70588235 0.70588235 0.70588235
v 0.00660193 -0.02346164 0.00584751 0.70588235 0.70588235 0.70588235
v 0.00660194 -0.01846230 0.00592881 0.70588235 0.70588235 0.70588235
v 0.00612182 -0.02346037 0.00576881 0.70588235 0.70588235 0.70588235
v 0.00612180 -0.01846102 0.00585010 0.70588235 0.70588235 0.70588235
v 0.00563600 -0.02346079 0.00579514 0.70588235 0.70588235 0.70588235
v 0.00563598 -0.01846145 0.00587644 0.70588235 0.70588235 0.70588235
v 0.00516717 -0.02346291 0.00592529 0.70588235 0.70588235 0.70588235
v 0.00516719 -0.01846357 0.00600658 0.70588235 0.70588235 0.70588235
v 0.00473733 -0.02346662 0.00615315 0.70588235 0.70588235 0.70588235
v 0.00473731 -0.01846728 0.00623445 0.70588235 0.70588235 0.70588235
v 0.00436650 -0.02347174 0.00646809 0.70588235 0.70588235 0.70588235
v 0.00436651 -0.01847240 0.00654938 0.70588235 0.70588235 0.70588235
v 0.00407207 -0.02347803 0.00685537 0.70588235 0.70588235 0.70588235
v 0.00407207 -0.01847869 0.00693667 0.70588235 0.70588235 0.70588235
v 0.00386777 -0.02348521 0.00729688 0.70588235 0.70588235 0.70588235
v 0.01309999 -0.00695571 0.02371151 0.70588235 0.70588235 0.70588235
v 0.01309999 -0.00704555 0.02409023 0.70588235 0.70588235 0.70588235
v 0.01650000 -0.00704555 0.02409022 0.70588235 0.70588235 0.70588235
v 0.01309999 -0.00705927 0.02428464 0.70588235 0.70588235 0.70588235
v 0.01650000 -0.00705188 0.02447940 0.70588235 0.70588235 0.70588235
v 0.01310000 -0.00705188 0.02447939 0.70588235 0.70588235 0.70588235
v 0.01650000 -0.00697440 0.02486083 0.70588235 0.70588235 0.70588235
v 0.01309999 -0.00697440 0.02486084 0.70588235 0.70588235 0.70588235
v 0.01649999 -0.00681673 0.02521671 0.70588235 0.70588235 0.70588235
v 0.01309999 -0.00681673 0.02521670 0.70588235 0.70588235 0.70588235
v 0.01649999 -0.00658625 0.02553036 0.70588235 0.70588235 0.70588235
v 0.01310000 -0.00658625 0.02553035 0.70588235 0.70588235 0.70588235
v 0.01649999 -0.00629374 0.02578713 0.70588235 0.70588235 0.70588235
v 0.01310000 -0.00629374 0.02578713 0.70588235 0.70588235 0.70588235
v 0.01650000 -0.00595285 0.02597502 0.70588235 0.70588235 0.70588235
v 0.01309999 -0.00595285 0.02597501 0.70588235 0.70588235 0.70588235
v 0.01649998 -0.00557955 0.02608523 0.70588235 0.70588235 0.70588235
v 0.01310001 -0.00557955 0.02608523 0.70588235 0.70588235 0.70588235
v 0.01649999 -0.00519129 0.02611261 0.70588235 0.70588235 0.70588235
v 0.01309999 -0.00519129 0.02611260 0.70588235 0.70588235 0.70588235
v 0.01650000 -0.00480622 0.02605590 0.70588235 0.70588235 0.70588235
v 0.01309999 -0.00480622 0.02605590 0.70588235 0.70588235 0.70588235
v 0.01650000 -0.00444234 0.02591772 0.70588235 0.70588235 0.70588235
v 0.01309999 -0.00444234 0.02591773 0.70588235 0.70588235 0.70588235
v 0.01650000 -0.00411667 0.02570456 0.70588235 0.70588235 0.70588235
v 0.01310000 -0.00411667 0.02570456 0.70588235 0.70588235 0.70588235
v 0.01649999 -0.00384444 0.02542638 0.70588235 0.70588235 0.70588235
v 0.01309999 -0.00384444 0.02542637 0.70588235 0.70588235 0.70588235
v 0.01649999 -0.00363837 0.02509617 0.70588235 0.70588235 0.70588235
v 0.01309999 -0.00363837 0.02509618 0.70588235 0.70588235 0.70588235
v 0.01650000 -0.00350811 0.02472938 0.70588235 0.70588235 0.70588235
v 0.01310000 -0.00350811 0.02472939 0.70588235 0.70588235 0.70588235
v 0.01650001 -0.00345974 0.02434318 0.70588235 0.70588235 0.70588235
v 0.01310000 -0.00345974 0.02434318 0.70588235 0.70588235 0.70588235
v 0.01649998 -0.00349553 0.02395559 0.70588235 0.70588235 0.70588235
v 0.01310000 -0.00349553 0.02395559 0.70588235 0.70588235 0.70588235
v 0.01649999 -0.00361380 0.02358478 0.70588235 0.70588235 0.70588235
v 0.01310001 -0.00361380 0.02358476 0.70588235 0.70588235 0.70588235
v 0.01650000 -0.00380901 0.02324803 0.70588235 0.70588235 0.70588235
v 0.01310000 -0.00380901 0.02324802 0.70588235 0.70588235 0.70588235
v 0.01649999 -0.00407206 0.02296114 0.70588235 0.70588235 0.70588235
v 0.01310000 -0.00407206 0.02296115 0.70588235 0.70588235 0.70588235
v 0.01649999 -0.00439062 0.02273750 0.70588235 0.70588235 0.70588235
v 0.01309999 -0.00439062 0.02273751 0.70588235 0.70588235 0.70588235
v 0.01649999 -0.00474981 0.02258758 0.70588235 0.70588235 0.70588235
v 0.01310000 -0.00474981 0.02258758 0.70588235 0.70588235 0.70588235
v 0.01650000 -0.00513284 0.02251837 0.70588235 0.70588235 0.70588235
v 0.01310000 -0.00513284 0.02251838 0.70588235 0.70588235 0.70588235
v 0.01649999 -0.00552179 0.02253311 0.70588235 0.70588235 0.70588235
v 0.01310000 -0.00552179 0.02253312 0.70588235 0.70588235 0.70588235
v 0.01649999 -0.00589848 0.02263114 0.70588235 0.70588235 0.70588235
v 0.01309999 -0.00589848 0.02263113 0.70588235 0.70588235 0.70588235
v 0.01650000 -0.00624529 0.02280784 0.70588235 0.70588235 0.70588235
v 0.01310000 -0.00624529 0.02280784 0.70588235 0.70588235 0.70588235
v 0.01649999 -0.00654600 0.02305496 0.70588235 0.70588235 0.70588235
v 0.01309999 -0.00654600 0.02305497 0.70588235 0.70588235 0.70588235
v 0.01649999 -0.00678656 0.02336095 0.70588235 0.70588235 0.70588235
v 0.01310000 -0.00678656 0.02336094 0.70588235 0.70588235 0.70588235
v 0.01649999 -0.00695571 0.02371150 0.70588235 0.70588235 0.70588235
v 0.01309999 -0.03695571 0.02371151 0.70588235 0.70588235 0.70588235
v 0.01309999 -0.03704555 0.02409023 0.70588235 0.70588235 0.70588235
v 0.01650000 -0.03704555 0.02409022 0.70588235 0.70588235 0.70588235
v 0.01309999 -0.03705926 0.02428464 0.70588235 0.70588235 0.70588235
v 0.01650000 -0.03705189 0.02447940 0.70588235 0.70588235 0.70588235
v 0.01310000 -0.03705189 0.02447939 0.70588235 0.70588235 0.70588235
v 0.01650000 -0.03697440 0.02486083 0.70588235 0.70588235 0.70588235
v 0.01309999 -0.03697440 0.02486084 0.70588235 0.70588235 0.70588235
v 0.01649999 -0.03681673 0.02521671 0.70588235 0.70588235 0.70588235
v 0.01309999 -0.03681673 0.02521670 0.70588235 0.70588235 0.70588235
v 0.01649999 -0.03658625 0.02553036 0.70588235 0.70588235 0.70588235
v 0.01310000 -0.03658625 0.02553035 0.70588235 0.70588235 0.70588235
v 0.01649999 -0.03629373 0.02578713 0.70588235 0.70588235 0.70588235
v 0.01310000 -0.03629373 0.02578713 0.70588235 0.70588235 0.70588235
v 0.01650000 -0.03595285 0.02597502 0.70588235 0.70588235 0.70588235
v 0.01309999 -0.03595285 0.02597501 0.70588235 0.70588235 0.70588235
v 0.01649998 -0.03557955 0.02608523 0.70588235 0.70588235 0.70588235
v 0.01310001 -0.03557955 0.02608522 0.70588235 0.70588235 0.70588235
v 0.01649999 -0.03519130 0.02611261 0.70588235 0.70588235 0.70588235
v 0.01309999 -0.03519130 0.02611260 0.70588235 0.70588235 0.70588235
v 0.01650000 -0.03480622 0.02605590 0.70588235 0.70588235 0.70588235
v 0.01309999 -0.03480622 0.02605590 0.70588235 0.70588235 0.70588235
v 0.01650000 -0.03444234 0.02591772 0.70588235 0.70588235 0.70588235
v 0.01309999 -0.03444234 0.02591773 0.70588235 0.70588235 0.70588235
v 0.01650000 -0.03411667 0.02570456 0.70588235 0.70588235 0.70588235
v 0.01310000 -0.03411667 0.02570456 0.70588235 0.70588235 0.70588235
v 0.01649999 -0.03384444 0.02542638 0.70588235 0.70588235 0.70588235
v 0.01309999 -0.03384444 0.02542637 0.70588235 0.70588235 0.70588235
v 0.01649999 -0.03363837 0.02509617 0.70588235 0.70588235 0.70588235
v 0.01309999 -0.03363837 0.02509618 0.70588235 0.70588235 0.70588235
v 0.01650000 -0.03350811 0.02472938 0.70588235 0.70588235 0.70588235
v 0.01310000 -0.03350811 0.02472939 0.70588235 0.70588235 0.70588235
v 0.01650001 -0.03345974 0.02434318 0.70588235 0.70588235 0.70588235
v 0.01310000 -0.03345974 0.02434318 0.70588235 0.70588235 0.70588235
v 0.01649999 -0.03349553 0.02395560 0.70588235 0.70588235 0.70588235
v 0.01310000 -0.03349553 0.02395560 0.70588235 0.70588235 0.70588235
v 0.01649999 -0.03361379 0.02358478 0.70588235 0.70588235 0.70588235
v 0.01310001 -0.03361379 0.02358476 0.70588235 0.70588235 0.70588235
v 0.01650000 -0.03380902 0.02324803 0.70588235 0.70588235 0.70588235
v 0.01310000 -0.03380902 0.02324802 0.70588235 0.70588235 0.70588235
v 0.01649999 -0.03407206 0.02296114 0.70588235 0.70588235 0.70588235
v 0.01310000 -0.03407206 0.02296115 0.70588235 0.70588235 0.70588235
v 0.01649999 -0.03439063 0.02273750 0.70588235 0.70588235 0.70588235
v 0.01309999 -0.03439063 0.02273751 0.70588235 0.70588235 0.70588235
v 0.01649999 -0.03474982 0.02258758 0.70588235 0.70588235 0.70588235
v 0.01310000 -0.03474982 0.02258758 0.70588235 0.70588235 0.70588235
v 0.01650000 -0.03513284 0.02251837 0.70588235 0.70588235 0.70588235
v 0.01310000 -0.03513284 0.02251838 0.70588235 0.70588235 0.70588235
v 0.01649999 -0.03552179 0.02253311 0.70588235 0.70588235 0.70588235
v 0.01310000 -0.03552179 0.02253312 0.70588235 0.70588235 0.70588235
v 0.01649999 -0.03589848 0.02263114 0.70588235 0.70588235 0.70588235
v 0.01309999 -0.03589848 0.02263113 0.70588235 0.70588235 0.70588235
v 0.01650000 -0.03624529 0.02280784 0.70588235 0.70588235 0.70588235
v 0.01310000 -0.03624529 0.02280784 0.70588235 0.70588235 0.70588235
v 0.01649999 -0.03654599 0.02305496 0.70588235 0.70588235 0.70588235
v 0.01309999 -0.03654599 0.02305497 0.70588235 0.70588235 0.70588235
v 0.01649999 -0.03678656 0.02336095 0.70588235 0.70588235 0.70588235
v 0.01310000 -0.03678656 0.02336094 0.70588235 0.70588235 0.70588235
v 0.01649999 -0.03695571 0.02371150 0.70588235 0.70588235 0.70588235
v 0.01309999 -0.03695571 0.05871150 0.70588235 0.70588235 0.70588235
v 0.01310000 -0.03704555 0.05909022 0.70588235 0.70588235 0.70588235
v 0.01650000 -0.03704555 0.05909021 0.70588235 0.70588235 0.70588235
v 0.01310000 -0.03705926 0.05928463 0.70588235 0.70588235 0.70588235
v 0.01649999 -0.03705189 0.05947940 0.70588235 0.70588235 0.70588235
v 0.01310000 -0.03705189 0.05947940 0.70588235 0.70588235 0.70588235
v 0.01649999 -0.03697440 0.05986085 0.70588235 0.70588235 0.70588235
v 0.01310001 -0.03697440 0.05986083 0.70588235 0.70588235 0.70588235
v 0.01650000 -0.03681673 0.06021671 0.70588235 0.70588235 0.70588235
v 0.01309999 -0.03681673 0.06021670 0.70588235 0.70588235 0.70588235
v 0.01650001 -0.03658625 0.06053035 0.70588235 0.70588235 0.70588235
v 0.01310000 -0.03658625 0.06053035 0.70588235 0.70588235 0.70588235
v 0.01650000 -0.03629373 0.06078712 0.70588235 0.70588235 0.70588235
v 0.01310000 -0.03629373 0.06078713 0.70588235 0.70588235 0.70588235
v 0.01650000 -0.03595285 0.06097502 0.70588235 0.70588235 0.70588235
v 0.01310000 -0.03595285 0.06097500 0.70588235 0.70588235 0.70588235
v 0.01650000 -0.03557955 0.06108523 0.70588235 0.70588235 0.70588235
v 0.01309999 -0.03557955 0.06108523 0.70588235 0.70588235 0.70588235
v 0.01649999 -0.03519130 0.06111261 0.70588235 0.70588235 0.70588235
v 0.01310000 -0.03519130 0.06111262 0.70588235 0.70588235 0.70588235
v 0.01650000 -0.03480622 0.06105590 0.70588235 0.70588235 0.70588235
v 0.01310000 -0.03480622 0.06105589 0.70588235 0.70588235 0.70588235
v 0.01650000 -0.03444235 0.06091772 0.70588235 0.70588235 0.70588235
v 0.01310000 -0.03444235 0.06091773 0.70588235 0.70588235 0.70588235
v 0.01650000 -0.03411667 0.06070457 0.70588235 0.70588235 0.70588235
v 0.01310000 -0.03411667 0.06070456 0.70588235 0.70588235 0.70588235
v 0.01650000 -0.03384444 0.06042638 0.70588235 0.70588235 0.70588235
v 0.01309999 -0.03384444 0.06042637 0.70588235 0.70588235 0.70588235
v 0.01649999 -0.03363837 0.06009616 0.70588235 0.70588235 0.70588235
v 0.01310000 -0.03363837 0.06009617 0.70588235 0.70588235 0.70588235
v 0.01649999 -0.03350812 0.05972938 0.70588235 0.70588235 0.70588235
v 0.01309999 -0.03350812 0.05972939 0.70588235 0.70588235 0.70588235
v 0.01650000 -0.03345974 0.05934318 0.70588235 0.70588235 0.70588235
v 0.01309999 -0.03345974 0.05934318 0.70588235 0.70588235 0.70588235
v 0.01650000 -0.03349553 0.05895559 0.70588235 0.70588235 0.70588235
v 0.01309999 -0.03349553 0.05895560 0.70588235 0.70588235 0.70588235
v 0.01650000 -0.03361379 0.05858477 0.70588235 0.70588235 0.70588235
v 0.01309999 -0.03361379 0.05858476 0.70588235 0.70588235 0.70588235
v 0.01650000 -0.03380902 0.05824803 0.70588235 0.70588235 0.70588235
v 0.01310000 -0.03380902 0.05824804 0.70588235 0.70588235 0.70588235
v 0.01650000 -0.03407206 0.05796114 0.70588235 0.70588235 0.70588235
v 0.01310000 -0.03407206 0.05796115 0.70588235 0.70588235 0.70588235
v 0.01650000 -0.03439063 0.05773750 0.70588235 0.70588235 0.70588235
v 0.01309999 -0.03439063 0.05773751 0.70588235 0.70588235 0.70588235
v 0.01650001 -0.03474982 0.05758757 0.70588235 0.70588235 0.70588235
v 0.01310000 -0.03474982 0.05758757 0.70588235 0.70588235 0.70588235
v 0.01649999 -0.03513284 0.05751836 0.70588235 0.70588235 0.70588235
v 0.01310001 -0.03513284 0.05751837 0.70588235 0.70588235 0.70588235
v 0.01649999 -0.03552179 0.05753313 0.70588235 0.70588235 0.70588235
v 0.01309999 -0.03552179 0.05753312 0.70588235 0.70588235 0.70588235
v 0.01650000 -0.03589848 0.05763113 0.70588235 0.70588235 0.70588235
v 0.01309999 -0.03589848 0.05763114 0.70588235 0.70588235 0.70588235
v 0.01649999 -0.03624529 0.05780783 0.70588235 0.70588235 0.70588235
v 0.01309999 -0.03624529 0.05780783 0.70588235 0.70588235 0.70588235
v 0.01650000 -0.03654599 0.05805495 0.70588235 0.70588235 0.70588235
v 0.01309999 -0.03654599 0.05805496 0.70588235 0.70588235 0.70588235
v 0.01649999 -0.03678656 0.05836095 0.70588235 0.70588235 0.70588235
v 0.01309999 -0.03678656 0.05836096 0.70588235 0.70588235 0.70588235
v 0.01650000 -0.03695571 0.05871149 0.70588235 0.70588235 0.70588235
v -0.01600000 -0.00850907 0.02426106 0.70588235 0.70588235 0.70588235
v -0.01900000 -0.00850907 0.02426107 0.70588235 0.70588235 0.70588235
v -0.01600000 -0.00844446 0.02496085 0.70588235 0.70588235 0.70588235
v -0.01900000 -0.00844446 0.02496085 0.70588235 0.70588235 0.70588235
v -0.01600001 -0.00823092 0.02563040 0.70588235 0.70588235 0.70588235
v -0.01899999 -0.00823092 0.02563041 0.70588235 0.70588235 0.70588235
v -0.01600001 -0.00787844 0.02623839 0.70588235 0.70588235 0.70588235
v -0.01899999 -0.00787844 0.02623839 0.70588235 0.70588235 0.70588235
v -0.01600001 -0.00740351 0.02675640 0.70588235 0.70588235 0.70588235
v -0.01900000 -0.00740351 0.02675639 0.70588235 0.70588235 0.70588235
v -0.01600000 -0.00682832 0.02716019 0.70588235 0.70588235 0.70588235
v -0.01900000 -0.00682832 0.02716019 0.70588235 0.70588235 0.70588235
v -0.01600001 -0.00617977 0.02743088 0.70588235 0.70588235 0.70588235
v -0.01900000 -0.00617977 0.02743088 0.70588235 0.70588235 0.70588235
v -0.01600000 -0.00548820 0.02755585 0.70588235 0.70588235 0.70588235
v -0.01900000 -0.00548820 0.02755584 0.70588235 0.70588235 0.70588235
v -0.01600001 -0.00478593 0.02752922 0.70588235 0.70588235 0.70588235
v -0.01900000 -0.00478593 0.02752921 0.70588235 0.70588235 0.70588235
v -0.01600001 -0.00410581 0.02735223 0.70588235 0.70588235 0.70588235
v -0.01900000 -0.00410581 0.02735223 0.70588235 0.70588235 0.70588235
v -0.01600001 -0.00347962 0.02703320 0.70588235 0.70588235 0.70588235
v -0.01900000 -0.00347962 0.02703320 0.70588235 0.70588235 0.70588235
v -0.01600001 -0.00293668 0.02658699 0.70588235 0.70588235 0.70588235
v -0.01900000 -0.00293668 0.02658699 0.70588235 0.70588235 0.70588235
v -0.01600001 -0.00250233 0.02603452 0.70588235 0.70588235 0.70588235
v -0.01900000 -0.00250233 0.02603452 0.70588235 0.70588235 0.70588235
v -0.01600001 -0.00219691 0.02540158 0.70588235 0.70588235 0.70588235
v -0.01900001 -0.00219691 0.02540158 0.70588235 0.70588235 0.70588235
v -0.01600000 -0.00203469 0.02471779 0.70588235 0.70588235 0.70588235
v -0.01900001 -0.00203469 0.02471779 0.70588235 0.70588235 0.70588235
v -0.01600000 -0.00202326 0.02401510 0.70588235 0.70588235 0.70588235
v -0.01900001 -0.00202326 0.02401510 0.70588235 0.70588235 0.70588235
v -0.01600001 -0.00216316 0.02332638 0.70588235 0.70588235 0.70588235
v -0.01900000 -0.00216316 0.02332640 0.70588235 0.70588235 0.70588235
v -0.01600001 -0.00244784 0.02268387 0.70588235 0.70588235 0.70588235
v -0.01900000 -0.00244784 0.02268386 0.70588235 0.70588235 0.70588235
v -0.01599999 -0.00286399 0.02211755 0.70588235 0.70588235 0.70588235
v -0.01900000 -0.00286399 0.02211755 0.70588235 0.70588235 0.70588235
v -0.01600001 -0.00339215 0.02165393 0.70588235 0.70588235 0.70588235
v -0.01900000 -0.00339215 0.02165393 0.70588235 0.70588235 0.70588235
v -0.01600001 -0.00400762 0.02131469 0.70588235 0.70588235 0.70588235
v -0.01900000 -0.00400762 0.02131469 0.70588235 0.70588235 0.70588235
v -0.01600001 -0.00468163 0.02111569 0.70588235 0.70588235 0.70588235
v -0.01900000 -0.00468163 0.02111569 0.70588235 0.70588235 0.70588235
v -0.01600000 -0.00538266 0.02106623 0.70588235 0.70588235 0.70588235
v -0.01900001 -0.00538266 0.02106625 0.70588235 0.70588235 0.70588235
v -0.01600000 -0.00607794 0.02116864 0.70588235 0.70588235 0.70588235
v -0.01900000 -0.00607794 0.02116865 0.70588235 0.70588235 0.70588235
v -0.01600001 -0.00673494 0.02141812 0.70588235 0.70588235 0.70588235
v -0.01900000 -0.00673494 0.02141812 0.70588235 0.70588235 0.70588235
v -0.01600001 -0.00732295 0.02180300 0.70588235 0.70588235 0.70588235
v -0.01900000 -0.00732295 0.02180299 0.70588235 0.70588235 0.70588235
v -0.01600001 -0.00781448 0.02230528 0.70588235 0.70588235 0.70588235
v -0.01900001 -0.00781448 0.02230529 0.70588235 0.70588235 0.70588235
v -0.01600001 -0.00818655 0.02290149 0.70588235 0.70588235 0.70588235
v -0.01900001 -0.00818655 0.02290148 0.70588235 0.70588235 0.70588235
v -0.01600000 -0.00842173 0.02356375 0.70588235 0.70588235 0.70588235
v -0.01900001 -0.00842173 0.02356374 0.70588235 0.70588235 0.70588235
v -0.01600001 -0.00345974 0.02434318 0.70588235 0.70588235 0.70588235
v -0.01310000 -0.00345974 0.02434318 0.70588235 0.70588235 0.70588235
v -0.01600001 -0.00350811 0.02472938 0.70588235 0.70588235 0.70588235
v -0.01310001 -0.00350811 0.02472938 0.70588235 0.70588235 0.70588235
v -0.01600000 -0.00363837 0.02509617 0.70588235 0.70588235 0.70588235
v -0.01310000 -0.00363837 0.02509617 0.70588235 0.70588235 0.70588235
v -0.01600001 -0.00384444 0.02542638 0.70588235 0.70588235 0.70588235
v -0.01309999 -0.00384444 0.02542638 0.70588235 0.70588235 0.70588235
v -0.01600000 -0.00411667 0.02570457 0.70588235 0.70588235 0.70588235
v -0.01310001 -0.00411667 0.02570456 0.70588235 0.70588235 0.70588235
v -0.01600000 -0.00444234 0.02591772 0.70588235 0.70588235 0.70588235
v -0.01310000 -0.00444234 0.02591773 0.70588235 0.70588235 0.70588235
v -0.01600001 -0.00480622 0.02605589 0.70588235 0.70588235 0.70588235
v -0.01310000 -0.00480622 0.02605590 0.70588235 0.70588235 0.70588235
v -0.01600000 -0.00519129 0.02611262 0.70588235 0.70588235 0.70588235
v -0.01310001 -0.00519129 0.02611261 0.70588235 0.70588235 0.70588235
v -0.01600000 -0.00557955 0.02608523 0.70588235 0.70588235 0.70588235
v -0.01310000 -0.00557955 0.02608523 0.70588235 0.70588235 0.70588235
v -0.01599999 -0.00595285 0.02597501 0.70588235 0.70588235 0.70588235
v -0.01310000 -0.00595285 0.02597502 0.70588235 0.70588235 0.70588235
v -0.01600001 -0.00629374 0.02578713 0.70588235 0.70588235 0.70588235
v -0.01309999 -0.00629374 0.02578712 0.70588235 0.70588235 0.70588235
v -0.01600001 -0.00658625 0.02553036 0.70588235 0.70588235 0.70588235
v -0.01310001 -0.00658625 0.02553036 0.70588235 0.70588235 0.70588235
v -0.01600001 -0.00681673 0.02521670 0.70588235 0.70588235 0.70588235
v -0.01310000 -0.00681673 0.02521670 0.70588235 0.70588235 0.70588235
v -0.01600001 -0.00697440 0.02486083 0.70588235 0.70588235 0.70588235
v -0.01310001 -0.00697440 0.02486083 0.70588235 0.70588235 0.70588235
v -0.01600000 -0.00705188 0.02447940 0.70588235 0.70588235 0.70588235
v -0.01310001 -0.00705188 0.02447939 0.70588235 0.70588235 0.70588235
v -0.01600001 -0.00705927 0.02428465 0.70588235 0.70588235 0.70588235
v -0.01310001 -0.00705927 0.02428464 0.70588235 0.70588235 0.70588235
v -0.01600001 -0.00704555 0.02409022 0.70588235 0.70588235 0.70588235
v -0.01310000 -0.00704555 0.02409023 0.70588235 0.70588235 0.70588235
v -0.01600000 -0.00695571 0.02371150 0.70588235 0.70588235 0.70588235
v -0.01310000 -0.00695571 0.02371150 0.70588235 0.70588235 0.70588235
v -0.01600000 -0.00678656 0.02336095 0.70588235 0.70588235 0.70588235
v -0.01310001 -0.00678656 0.02336095 0.70588235 0.70588235 0.70588235
v -0.01600000 -0.00654600 0.02305496 0.70588235 0.70588235 0.70588235
v -0.01310000 -0.00654600 0.02305496 0.70588235 0.70588235 0.70588235
v -0.01600000 -0.00624529 0.02280784 0.70588235 0.70588235 0.70588235
v -0.01310001 -0.00624529 0.02280784 0.70588235 0.70588235 0.70588235
v -0.01600000 -0.00589848 0.02263114 0.70588235 0.70588235 0.70588235
v -0.01310000 -0.00589848 0.02263114 0.70588235 0.70588235 0.70588235
v -0.01600000 -0.00552179 0.02253311 0.70588235 0.70588235 0.70588235
v -0.01310001 -0.00552179 0.02253312 0.70588235 0.70588235 0.70588235
v -0.01600001 -0.00513284 0.02251837 0.70588235 0.70588235 0.70588235
v -0.01310000 -0.00513284 0.02251837 0.70588235 0.70588235 0.70588235
v -0.01600001 -0.00474981 0.02258758 0.70588235 0.70588235 0.70588235
v -0.01310001 -0.00474981 0.02258758 0.70588235 0.70588235 0.70588235
v -0.01600001 -0.00439062 0.02273750 0.70588235 0.70588235 0.70588235
v -0.01310000 -0.00439062 0.02273750 0.70588235 0.70588235 0.70588235
v -0.01600001 -0.00407206 0.02296114 0.70588235 0.70588235 0.70588235
v -0.01309999 -0.00407206 0.02296114 0.70588235 0.70588235 0.70588235
v -0.01600001 -0.00380901 0.02324804 0.70588235 0.70588235 0.70588235
v -0.01310001 -0.00380901 0.02324804 0.70588235 0.70588235 0.70588235
v -0.01600000 -0.00361380 0.02358478 0.70588235 0.70588235 0.70588235
v -0.01310000 -0.00361380 0.02358477 0.70588235 0.70588235 0.70588235
v -0.01600001 -0.00349553 0.02395559 0.70588235 0.70588235 0.70588235
v -0.01310000 -0.00349553 0.02395559 0.70588235 0.70588235 0.70588235
v -0.01600000 -0.03850907 0.02426106 0.70588235 0.70588235 0.70588235
v -0.01900000 -0.03850907 0.02426107 0.70588235 0.70588235 0.70588235
v -0.01600000 -0.03844446 0.02496085 0.70588235 0.70588235 0.70588235
v -0.01900000 -0.03844446 0.02496085 0.70588235 0.70588235 0.70588235
v -0.01600001 -0.03823093 0.02563040 0.70588235 0.70588235 0.70588235
v -0.01899999 -0.03823093 0.02563041 0.70588235 0.70588235 0.70588235
v -0.01600001 -0.03787844 0.02623839 0.70588235 0.70588235 0.70588235
v -0.01899999 -0.03787844 0.02623839 0.70588235 0.70588235 0.70588235
v -0.01600001 -0.03740351 0.02675640 0.70588235 0.70588235 0.70588235
v -0.01900000 -0.03740351 0.02675639 0.70588235 0.70588235 0.70588235
v -0.01600000 -0.03682832 0.02716019 0.70588235 0.70588235 0.70588235
v -0.01900000 -0.03682832 0.02716019 0.70588235 0.70588235 0.70588235
v -0.01600001 -0.03617978 0.02743088 0.70588235 0.70588235 0.70588235
v -0.01900000 -0.03617978 0.02743088 0.70588235 0.70588235 0.70588235
v -0.01600000 -0.03548820 0.02755586 0.70588235 0.70588235 0.70588235
v -0.01900000 -0.03548820 0.02755585 0.70588235 0.70588235 0.70588235
v -0.01600001 -0.03478594 0.02752922 0.70588235 0.70588235 0.70588235
v -0.01900000 -0.03478594 0.02752921 0.70588235 0.70588235 0.70588235
v -0.01600001 -0.03410581 0.02735223 0.70588235 0.70588235 0.70588235
v -0.01900000 -0.03410581 0.02735223 0.70588235 0.70588235 0.70588235
v -0.01600001 -0.03347963 0.02703320 0.70588235 0.70588235 0.70588235
v -0.01900000 -0.03347963 0.02703320 0.70588235 0.70588235 0.70588235
v -0.01600001 -0.03293668 0.02658699 0.70588235 0.70588235 0.70588235
v -0.01900000 -0.03293668 0.02658699 0.70588235 0.70588235 0.70588235
v -0.01600001 -0.03250234 0.02603452 0.70588235 0.70588235 0.70588235
v -0.01900000 -0.03250234 0.02603452 0.70588235 0.70588235 0.70588235
v -0.01600001 -0.03219691 0.02540157 0.70588235 0.70588235 0.70588235
v -0.01900001 -0.03219691 0.02540158 0.70588235 0.70588235 0.70588235
v -0.01600000 -0.03203470 0.02471779 0.70588235 0.70588235 0.70588235
v -0.01900001 -0.03203470 0.02471779 0.70588235 0.70588235 0.70588235
v -0.01600000 -0.03202327 0.02401510 0.70588235 0.70588235 0.70588235
v -0.01900001 -0.03202327 0.02401510 0.70588235 0.70588235 0.70588235
v -0.01600001 -0.03216317 0.02332638 0.70588235 0.70588235 0.70588235
v -0.01900000 -0.03216317 0.02332640 0.70588235 0.70588235 0.70588235
v -0.01600001 -0.03244784 0.02268387 0.70588235 0.70588235 0.70588235
v -0.01900000 -0.03244784 0.02268386 0.70588235 0.70588235 0.70588235
v -0.01599999 -0.03286399 0.02211755 0.70588235 0.70588235 0.70588235
v -0.01900000 -0.03286399 0.02211755 0.70588235 0.70588235 0.70588235
v -0.01600001 -0.03339215 0.02165393 0.70588235 0.70588235 0.70588235
v -0.01900000 -0.03339215 0.02165393 0.70588235 0.70588235 0.70588235
v -0.01600001 -0.03400762 0.02131469 0.70588235 0.70588235 0.70588235
v -0.01900000 -0.03400762 0.02131469 0.70588235 0.70588235 0.70588235
v -0.01600001 -0.03468163 0.02111569 0.70588235 0.70588235 0.70588235
v -0.01900000 -0.03468163 0.02111569 0.70588235 0.70588235 0.70588235
v -0.01600000 -0.03538266 0.02106623 0.70588235 0.70588235 0.70588235
v -0.01900001 -0.03538266 0.02106625 0.70588235 0.70588235 0.70588235
v -0.01600000 -0.03607793 0.02116864 0.70588235 0.70588235 0.70588235
v -0.01900000 -0.03607793 0.02116865 0.70588235 0.70588235 0.70588235
v -0.01600001 -0.03673494 0.02141812 0.70588235 0.70588235 0.70588235
v -0.01900000 -0.03673494 0.02141812 0.70588235 0.70588235 0.70588235
v -0.01600001 -0.03732295 0.02180300 0.70588235 0.70588235 0.70588235
v -0.01900000 -0.03732295 0.02180299 0.70588235 0.70588235 0.70588235
v -0.01600001 -0.03781448 0.02230528 0.70588235 0.70588235 0.70588235
v -0.01900001 -0.03781448 0.02230529 0.70588235 0.70588235 0.70588235
v -0.01600001 -0.03818655 0.02290149 0.70588235 0.70588235 0.70588235
v -0.01900001 -0.03818655 0.02290148 0.70588235 0.70588235 0.70588235
v -0.01600000 -0.03842175 0.02356373 0.70588235 0.70588235 0.70588235
v -0.01900001 -0.03842175 0.02356374 0.70588235 0.70588235 0.70588235
v -0.01600001 -0.03345974 0.02434318 0.70588235 0.70588235 0.70588235
v -0.01310000 -0.03345974 0.02434318 0.70588235 0.70588235 0.70588235
v -0.01600001 -0.03350811 0.02472938 0.70588235 0.70588235 0.70588235
v -0.01310001 -0.03350811 0.02472938 0.70588235 0.70588235 0.70588235
v -0.01600000 -0.03363837 0.02509617 0.70588235 0.70588235 0.70588235
v -0.01310000 -0.03363837 0.02509617 0.70588235 0.70588235 0.70588235
v -0.01600001 -0.03384444 0.02542638 0.70588235 0.70588235 0.70588235
v -0.01310000 -0.03384444 0.02542637 0.70588235 0.70588235 0.70588235
v -0.01600000 -0.03411667 0.02570456 0.70588235 0.70588235 0.70588235
v -0.01310001 -0.03411667 0.02570456 0.70588235 0.70588235 0.70588235
v -0.01600000 -0.03444234 0.02591772 0.70588235 0.70588235 0.70588235
v -0.01310000 -0.03444234 0.02591773 0.70588235 0.70588235 0.70588235
v -0.01600001 -0.03480622 0.02605589 0.70588235 0.70588235 0.70588235
v -0.01310000 -0.03480622 0.02605590 0.70588235 0.70588235 0.70588235
v -0.01600000 -0.03519130 0.02611262 0.70588235 0.70588235 0.70588235
v -0.01310001 -0.03519130 0.02611261 0.70588235 0.70588235 0.70588235
v -0.01600000 -0.03557955 0.02608523 0.70588235 0.70588235 0.70588235
v -0.01310000 -0.03557955 0.02608523 0.70588235 0.70588235 0.70588235
v -0.01599999 -0.03595285 0.02597501 0.70588235 0.70588235 0.70588235
v -0.01310000 -0.03595285 0.02597502 0.70588235 0.70588235 0.70588235
v -0.01600001 -0.03629373 0.02578713 0.70588235 0.70588235 0.70588235
v -0.01309999 -0.03629373 0.02578712 0.70588235 0.70588235 0.70588235
v -0.01600001 -0.03658625 0.02553036 0.70588235 0.70588235 0.70588235
v -0.01310001 -0.03658625 0.02553035 0.70588235 0.70588235 0.70588235
v -0.01600001 -0.03681673 0.02521670 0.70588235 0.70588235 0.70588235
v -0.01310000 -0.03681673 0.02521670 0.70588235 0.70588235 0.70588235
v -0.01600001 -0.03697440 0.02486083 0.70588235 0.70588235 0.70588235
v -0.01310001 -0.03697440 0.02486083 0.70588235 0.70588235 0.70588235
v -0.01600000 -0.03705189 0.02447940 0.70588235 0.70588235 0.70588235
v -0.01310001 -0.03705189 0.02447939 0.70588235 0.70588235 0.70588235
v -0.01600001 -0.03705926 0.02428465 0.70588235 0.70588235 0.70588235
v -0.01310001 -0.03705926 0.02428464 0.70588235 0.70588235 0.70588235
v -0.01600001 -0.03704555 0.02409022 0.70588235 0.70588235 0.70588235
v -0.01310000 -0.03704555 0.02409023 0.70588235 0.70588235 0.70588235
v -0.01600000 -0.03695571 0.02371150 0.70588235 0.70588235 0.70588235
v -0.01310000 -0.03695571 0.02371150 0.70588235 0.70588235 0.70588235
v -0.01600000 -0.03678656 0.02336095 0.70588235 0.70588235 0.70588235
v -0.01310001 -0.03678656 0.02336095 0.70588235 0.70588235 0.70588235
v -0.01600000 -0.03654599 0.02305496 0.70588235 0.70588235 0.70588235
v -0.01310000 -0.03654599 0.02305496 0.70588235 0.70588235 0.70588235
v -0.01600000 -0.03624529 0.02280784 0.70588235 0.70588235 0.70588235
v -0.01310001 -0.03624529 0.02280784 0.70588235 0.70588235 0.70588235
v -0.01600000 -0.03589848 0.02263114 0.70588235 0.70588235 0.70588235
v -0.01310000 -0.03589848 0.02263114 0.70588235 0.70588235 0.70588235
v -0.01600000 -0.03552179 0.02253311 0.70588235 0.70588235 0.70588235
v -0.01310001 -0.03552179 0.02253312 0.70588235 0.70588235 0.70588235
v -0.01600001 -0.03513284 0.02251837 0.70588235 0.70588235 0.70588235
v -0.01310000 -0.03513284 0.02251837 0.70588235 0.70588235 0.70588235
v -0.01600001 -0.03474982 0.02258758 0.70588235 0.70588235 0.70588235
v -0.01310001 -0.03474982 0.02258758 0.70588235 0.70588235 0.70588235
v -0.01600001 -0.03439063 0.02273750 0.70588235 0.70588235 0.70588235
v -0.01310000 -0.03439063 0.02273750 0.70588235 0.70588235 0.70588235
v -0.01600001 -0.03407206 0.02296114 0.70588235 0.70588235 0.70588235
v -0.01309999 -0.03407206 0.02296114 0.70588235 0.70588235 0.70588235
v -0.01600001 -0.03380902 0.02324804 0.70588235 0.70588235 0.70588235
v -0.01310000 -0.03380902 0.02324804 0.70588235 0.70588235 0.70588235
v -0.01600000 -0.03361379 0.02358478 0.70588235 0.70588235 0.70588235
v -0.01310000 -0.03361379 0.02358477 0.70588235 0.70588235 0.70588235
v -0.01600001 -0.03349553 0.02395560 0.70588235 0.70588235 0.70588235
v -0.01310000 -0.03349553 0.02395561 0.70588235 0.70588235 0.70588235
v -0.01600000 -0.03850907 0.05926106 0.70588235 0.70588235 0.70588235
v -0.01900000 -0.03850907 0.05926106 0.70588235 0.70588235 0.70588235
v -0.01600000 -0.03844446 0.05996085 0.70588235 0.70588235 0.70588235
v -0.01900001 -0.03844446 0.05996087 0.70588235 0.70588235 0.70588235
v -0.01600000 -0.03823093 0.06063041 0.70588235 0.70588235 0.70588235
v -0.01900001 -0.03823093 0.06063040 0.70588235 0.70588235 0.70588235
v -0.01600000 -0.03787844 0.06123839 0.70588235 0.70588235 0.70588235
v -0.01900000 -0.03787844 0.06123839 0.70588235 0.70588235 0.70588235
v -0.01600000 -0.03740351 0.06175639 0.70588235 0.70588235 0.70588235
v -0.01900001 -0.03740351 0.06175639 0.70588235 0.70588235 0.70588235
v -0.01600001 -0.03682832 0.06216019 0.70588235 0.70588235 0.70588235
v -0.01900000 -0.03682832 0.06216019 0.70588235 0.70588235 0.70588235
v -0.01600000 -0.03617978 0.06243090 0.70588235 0.70588235 0.70588235
v -0.01900001 -0.03617978 0.06243090 0.70588235 0.70588235 0.70588235
v -0.01600000 -0.03548820 0.06255585 0.70588235 0.70588235 0.70588235
v -0.01900000 -0.03548820 0.06255585 0.70588235 0.70588235 0.70588235
v -0.01600000 -0.03478594 0.06252921 0.70588235 0.70588235 0.70588235
v -0.01900001 -0.03478594 0.06252921 0.70588235 0.70588235 0.70588235
v -0.01600000 -0.03410581 0.06235225 0.70588235 0.70588235 0.70588235
v -0.01900001 -0.03410581 0.06235225 0.70588235 0.70588235 0.70588235
v -0.01600001 -0.03347963 0.06203319 0.70588235 0.70588235 0.70588235
v -0.01899999 -0.03347963 0.06203319 0.70588235 0.70588235 0.70588235
v -0.01600000 -0.03293666 0.06158701 0.70588235 0.70588235 0.70588235
v -0.01900001 -0.03293666 0.06158700 0.70588235 0.70588235 0.70588235
v -0.01600001 -0.03250234 0.06103451 0.70588235 0.70588235 0.70588235
v -0.01900000 -0.03250234 0.06103452 0.70588235 0.70588235 0.70588235
v -0.01600001 -0.03219691 0.06040158 0.70588235 0.70588235 0.70588235
v -0.01900000 -0.03219691 0.06040157 0.70588235 0.70588235 0.70588235
v -0.01600000 -0.03203470 0.05971778 0.70588235 0.70588235 0.70588235
v -0.01900000 -0.03203470 0.05971778 0.70588235 0.70588235 0.70588235
v -0.01600000 -0.03202327 0.05901510 0.70588235 0.70588235 0.70588235
v -0.01900001 -0.03202327 0.05901511 0.70588235 0.70588235 0.70588235
v -0.01600001 -0.03216317 0.05832638 0.70588235 0.70588235 0.70588235
v -0.01900001 -0.03216317 0.05832640 0.70588235 0.70588235 0.70588235
v -0.01600000 -0.03244784 0.05768386 0.70588235 0.70588235 0.70588235
v -0.01900001 -0.03244784 0.05768385 0.70588235 0.70588235 0.70588235
v -0.01600000 -0.03286399 0.05711755 0.70588235 0.70588235 0.70588235
v -0.01900000 -0.03286399 0.05711755 0.70588235 0.70588235 0.70588235
v -0.01600000 -0.03339215 0.05665393 0.70588235 0.70588235 0.70588235
v -0.01900001 -0.03339215 0.05665393 0.70588235 0.70588235 0.70588235
v -0.01600001 -0.03400762 0.05631468 0.70588235 0.70588235 0.70588235
v -0.01900000 -0.03400762 0.05631468 0.70588235 0.70588235 0.70588235
v -0.01600000 -0.03468163 0.05611570 0.70588235 0.70588235 0.70588235
v -0.01900000 -0.03468163 0.05611569 0.70588235 0.70588235 0.70588235
v -0.01600001 -0.03538266 0.05606623 0.70588235 0.70588235 0.70588235
v -0.01900000 -0.03538266 0.05606624 0.70588235 0.70588235 0.70588235
v -0.01600000 -0.03607793 0.05616865 0.70588235 0.70588235 0.70588235
v -0.01900000 -0.03607793 0.05616864 0.70588235 0.70588235 0.70588235
v -0.01600000 -0.03673494 0.05641812 0.70588235 0.70588235 0.70588235
v -0.01900000 -0.03673494 0.05641811 0.70588235 0.70588235 0.70588235
v -0.01600001 -0.03732295 0.05680299 0.70588235 0.70588235 0.70588235
v -0.01899999 -0.03732295 0.05680299 0.70588235 0.70588235 0.70588235
v -0.01600001 -0.03781448 0.05730527 0.70588235 0.70588235 0.70588235
v -0.01900000 -0.03781448 0.05730528 0.70588235 0.70588235 0.70588235
v -0.01600001 -0.03818655 0.05790148 0.70588235 0.70588235 0.70588235
v -0.01899999 -0.03818655 0.05790148 0.70588235 0.70588235 0.70588235
v -0.01600000 -0.03842175 0.05856374 0.70588235 0.70588235 0.70588235
v -0.01900000 -0.03842175 0.05856374 0.70588235 0.70588235 0.70588235
v -0.01600000 -0.03345974 0.05934318 0.70588235 0.70588235 0.70588235
v -0.01310000 -0.03345974 0.05934318 0.70588235 0.70588235 0.70588235
v -0.01600000 -0.03350812 0.05972939 0.70588235 0.70588235 0.70588235
v -0.01310000 -0.03350812 0.05972938 0.70588235 0.70588235 0.70588235
v -0.01600001 -0.03363837 0.06009616 0.70588235 0.70588235 0.70588235
v -0.01309999 -0.03363837 0.06009616 0.70588235 0.70588235 0.70588235
v -0.01600001 -0.03384444 0.06042638 0.70588235 0.70588235 0.70588235
v -0.01310000 -0.03384444 0.06042638 0.70588235 0.70588235 0.70588235
v -0.01600000 -0.03411667 0.06070457 0.70588235 0.70588235 0.70588235
v -0.01310001 -0.03411667 0.06070456 0.70588235 0.70588235 0.70588235
v -0.01600001 -0.03444235 0.06091772 0.70588235 0.70588235 0.70588235
v -0.01310001 -0.03444235 0.06091773 0.70588235 0.70588235 0.70588235
v -0.01600000 -0.03480622 0.06105591 0.70588235 0.70588235 0.70588235
v -0.01310001 -0.03480622 0.06105589 0.70588235 0.70588235 0.70588235
v -0.01600001 -0.03519130 0.06111261 0.70588235 0.70588235 0.70588235
v -0.01310001 -0.03519130 0.06111261 0.70588235 0.70588235 0.70588235
v -0.01600000 -0.03557955 0.06108523 0.70588235 0.70588235 0.70588235
v -0.01310000 -0.03557955 0.06108523 0.70588235 0.70588235 0.70588235
v -0.01600000 -0.03595285 0.06097501 0.70588235 0.70588235 0.70588235
v -0.01310001 -0.03595285 0.06097502 0.70588235 0.70588235 0.70588235
v -0.01600001 -0.03629373 0.06078712 0.70588235 0.70588235 0.70588235
v -0.01310001 -0.03629373 0.06078712 0.70588235 0.70588235 0.70588235
v -0.01600001 -0.03658625 0.06053036 0.70588235 0.70588235 0.70588235
v -0.01310000 -0.03658625 0.06053035 0.70588235 0.70588235 0.70588235
v -0.01600001 -0.03681673 0.06021671 0.70588235 0.70588235 0.70588235
v -0.01310000 -0.03681673 0.06021670 0.70588235 0.70588235 0.70588235
v -0.01600000 -0.03697440 0.05986085 0.70588235 0.70588235 0.70588235
v -0.01310000 -0.03697440 0.05986085 0.70588235 0.70588235 0.70588235
v -0.01600000 -0.03705189 0.05947940 0.70588235 0.70588235 0.70588235
v -0.01310001 -0.03705189 0.05947940 0.70588235 0.70588235 0.70588235
v -0.01600001 -0.03705926 0.05928465 0.70588235 0.70588235 0.70588235
v -0.01310000 -0.03705926 0.05928463 0.70588235 0.70588235 0.70588235
v -0.01600000 -0.03704555 0.05909022 0.70588235 0.70588235 0.70588235
v -0.01310001 -0.03704555 0.05909022 0.70588235 0.70588235 0.70588235
v -0.01600001 -0.03695571 0.05871149 0.70588235 0.70588235 0.70588235
v -0.01310002 -0.03695571 0.05871149 0.70588235 0.70588235 0.70588235
v -0.01600000 -0.03678656 0.05836095 0.70588235 0.70588235 0.70588235
v -0.01310000 -0.03678656 0.05836095 0.70588235 0.70588235 0.70588235
v -0.01600001 -0.03654599 0.05805496 0.70588235 0.70588235 0.70588235
v -0.01310001 -0.03654599 0.05805495 0.70588235 0.70588235 0.70588235
v -0.01600000 -0.03624529 0.05780784 0.70588235 0.70588235 0.70588235
v -0.01310000 -0.03624529 0.05780783 0.70588235 0.70588235 0.70588235
v -0.01600001 -0.03589848 0.05763113 0.70588235 0.70588235 0.70588235
v -0.01310001 -0.03589848 0.05763113 0.70588235 0.70588235 0.70588235
v -0.01599999 -0.03552179 0.05753313 0.70588235 0.70588235 0.70588235
v -0.01310000 -0.03552179 0.05753311 0.70588235 0.70588235 0.70588235
v -0.01600000 -0.03513284 0.05751836 0.70588235 0.70588235 0.70588235
v -0.01310000 -0.03513284 0.05751836 0.70588235 0.70588235 0.70588235
v -0.01600001 -0.03474982 0.05758758 0.70588235 0.70588235 0.70588235
v -0.01310001 -0.03474982 0.05758758 0.70588235 0.70588235 0.70588235
v -0.01600001 -0.03439063 0.05773750 0.70588235 0.70588235 0.70588235
v -0.01310000 -0.03439063 0.05773750 0.70588235 0.70588235 0.70588235
v -0.01600001 -0.03407206 0.05796114 0.70588235 0.70588235 0.70588235
v -0.01310000 -0.03407206 0.05796114 0.70588235 0.70588235 0.70588235
v -0.01600000 -0.03380902 0.05824803 0.70588235 0.70588235 0.70588235
v -0.01310001 -0.03380902 0.05824804 0.70588235 0.70588235 0.70588235
v -0.01600000 -0.03361379 0.05858477 0.70588235 0.70588235 0.70588235
v -0.01310000 -0.03361379 0.05858477 0.70588235 0.70588235 0.70588235
v -0.01600000 -0.03349553 0.05895559 0.70588235 0.70588235 0.70588235
v -0.01310000 -0.03349553 0.05895560 0.70588235 0.70588235 0.70588235
v -0.01520001 0.00000000 0.00839732 0.70588235 0.70588235 0.70588235
v -0.01900000 0.00000000 0.00839732 0.70588235 0.70588235 0.70588235
v -0.01520001 -0.00017887 0.01939586 0.70588235 0.70588235 0.70588235
v -0.01900001 -0.00031843 0.02797790 0.70588235 0.70588235 0.70588235
v -0.01310000 -0.00017887 0.01939587 0.70588235 0.70588235 0.70588235
v -0.01310001 -0.00031843 0.02797789 0.70588235 0.70588235 0.70588235
v 0.01519999 -0.00411329 0.01533136 0.70588235 0.70588235 0.70588235
v 0.01519999 -0.01861137 0.01509558 0.70588235 0.70588235 0.70588235
v -0.01520001 -0.00411329 0.01533136 0.70588235 0.70588235 0.70588235
v -0.01520000 -0.01861137 0.01509558 0.70588235 0.70588235 0.70588235
v 0.01024999 -0.01843251 0.00409704 0.70588235 0.70588235 0.70588235
v -0.01520000 -0.01843251 0.00409703 0.70588235 0.70588235 0.70588235
v -0.01024999 -0.01843251 0.00409703 0.70588235 0.70588235 0.70588235
v -0.01025001 -0.01838374 0.00109743 0.70588235 0.70588235 0.70588235
v 0.01025000 -0.01838374 0.00109744 0.70588235 0.70588235 0.70588235
v 0.01519999 -0.01843251 0.00409704 0.70588235 0.70588235 0.70588235
v -0.01900000 -0.04010853 0.01474600 0.70588235 0.70588235 0.70588235
v -0.01900001 -0.04085325 0.06053994 0.70588235 0.70588235 0.70588235
v -0.01900000 -0.03182699 0.06468726 0.70588235 0.70588235 0.70588235
v -0.01900000 -0.04057370 0.06207541 0.70588235 0.70588235 0.70588235
v -0.01900001 -0.02856451 0.00393228 0.70588235 0.70588235 0.70588235
v -0.01900000 -0.00393444 0.00433280 0.70588235 0.70588235 0.70588235
v -0.01900000 -0.00125108 0.03048084 0.70588235 0.70588235 0.70588235
v -0.01900000 -0.02869514 0.06325577 0.70588235 0.70588235 0.70588235
v -0.01900001 -0.02919826 0.06375820 0.70588235 0.70588235 0.70588235
v -0.01900001 -0.03691882 0.06460446 0.70588235 0.70588235 0.70588235
v -0.01900000 -0.04078908 0.06132143 0.70588235 0.70588235 0.70588235
v -0.01900001 -0.00240885 0.00466214 0.70588235 0.70588235 0.70588235
v -0.01900000 -0.00315543 0.00442234 0.70588235 0.70588235 0.70588235
v -0.01900001 -0.03111784 0.06463557 0.70588235 0.70588235 0.70588235
v -0.01900000 -0.03042905 0.06445918 0.70588235 0.70588235 0.70588235
v -0.01900001 -0.02978238 0.06416359 0.70588235 0.70588235 0.70588235
v -0.01900001 -0.03769784 0.06451492 0.70588235 0.70588235 0.70588235
v -0.01900001 -0.00086040 0.02992425 0.70588235 0.70588235 0.70588235
v -0.01899999 -0.00027955 0.00686183 0.70588235 0.70588235 0.70588235
v -0.01900000 -0.00063790 0.00616436 0.70588235 0.70588235 0.70588235
v -0.01900000 -0.04021536 0.06277288 0.70588235 0.70588235 0.70588235
v -0.01900001 -0.03972782 0.06338704 0.70588235 0.70588235 0.70588235
v -0.01900001 -0.03912985 0.06389428 0.70588235 0.70588235 0.70588235
v -0.01899999 -0.03844440 0.06427512 0.70588235 0.70588235 0.70588235
v -0.01900001 -0.00112543 0.00555022 0.70588235 0.70588235 0.70588235
v -0.01900001 -0.00172341 0.00504298 0.70588235 0.70588235 0.70588235
v -0.01900000 -0.00006416 0.00761583 0.70588235 0.70588235 0.70588235
v -0.01900001 -0.00038724 0.02865443 0.70588235 0.70588235 0.70588235
v -0.01900000 -0.00056966 0.02930951 0.70588235 0.70588235 0.70588235
v -0.01310001 -0.04085325 0.06053994 0.70588235 0.70588235 0.70588235
v -0.01310000 -0.04016382 0.01814554 0.70588235 0.70588235 0.70588235
v 0.01310000 -0.04016382 0.01814555 0.70588235 0.70588235 0.70588235
v 0.01900001 -0.04010853 0.01474599 0.70588235 0.70588235 0.70588235
v 0.01310000 -0.04085325 0.06053993 0.70588235 0.70588235 0.70588235
v 0.01899999 -0.04085325 0.06053993 0.70588235 0.70588235 0.70588235
v 0.01309999 -0.00017887 0.01939587 0.70588235 0.70588235 0.70588235
v 0.01309999 -0.00031843 0.02797789 0.70588235 0.70588235 0.70588235
v 0.01519999 -0.00017887 0.01939586 0.70588235 0.70588235 0.70588235
v 0.01900000 -0.00031843 0.02797790 0.70588235 0.70588235 0.70588235
v 0.01520000 0.00000000 0.00839732 0.70588235 0.70588235 0.70588235
v 0.01900000 0.00000000 0.00839732 0.70588235 0.70588235 0.70588235
v 0.01900000 -0.00520036 0.02067708 0.70588235 0.70588235 0.70588235
v 0.01900000 -0.00837952 0.02244427 0.70588235 0.70588235 0.70588235
v 0.01900000 -0.03208035 0.02254670 0.70588235 0.70588235 0.70588235
v 0.01900000 -0.00038724 0.02865443 0.70588235 0.70588235 0.70588235
v 0.01900000 -0.00531865 0.02795073 0.70588235 0.70588235 0.70588235
v 0.01900000 -0.00056966 0.02930951 0.70588235 0.70588235 0.70588235
v 0.01899999 -0.00086040 0.02992424 0.70588235 0.70588235 0.70588235
v 0.01900000 -0.00125108 0.03048085 0.70588235 0.70588235 0.70588235
v 0.01899999 -0.00393444 0.00433281 0.70588235 0.70588235 0.70588235
v 0.01900000 -0.00315543 0.00442235 0.70588235 0.70588235 0.70588235
v 0.01899999 -0.00240885 0.00466214 0.70588235 0.70588235 0.70588235
v 0.01899999 -0.02856451 0.00393227 0.70588235 0.70588235 0.70588235
v 0.01900000 -0.03520036 0.02067708 0.70588235 0.70588235 0.70588235
v 0.01900000 -0.03837952 0.02244427 0.70588235 0.70588235 0.70588235
v 0.01899999 -0.03843866 0.02608110 0.70588235 0.70588235 0.70588235
v 0.01900000 -0.03837952 0.05744427 0.70588235 0.70588235 0.70588235
v 0.01900000 -0.03520036 0.05567708 0.70588235 0.70588235 0.70588235
v 0.01900000 -0.03531864 0.02795073 0.70588235 0.70588235 0.70588235
v 0.01900000 -0.04078908 0.06132143 0.70588235 0.70588235 0.70588235
v 0.01900000 -0.03843866 0.06108110 0.70588235 0.70588235 0.70588235
v 0.01899999 -0.04057370 0.06207542 0.70588235 0.70588235 0.70588235
v 0.01900001 -0.03844440 0.06427511 0.70588235 0.70588235 0.70588235
v 0.01899999 -0.03912985 0.06389429 0.70588235 0.70588235 0.70588235
v 0.01899999 -0.00843866 0.02608110 0.70588235 0.70588235 0.70588235
v 0.01899999 -0.03208035 0.05754672 0.70588235 0.70588235 0.70588235
v 0.01900000 -0.03213950 0.06118354 0.70588235 0.70588235 0.70588235
v 0.01900000 -0.02869514 0.06325576 0.70588235 0.70588235 0.70588235
v 0.01900000 -0.03213950 0.02618354 0.70588235 0.70588235 0.70588235
v 0.01900000 -0.00172341 0.00504297 0.70588235 0.70588235 0.70588235
v 0.01899999 -0.00112543 0.00555022 0.70588235 0.70588235 0.70588235
v 0.01900000 -0.00063790 0.00616436 0.70588235 0.70588235 0.70588235
v 0.01899999 -0.00027955 0.00686184 0.70588235 0.70588235 0.70588235
v 0.01899999 -0.00006416 0.00761582 0.70588235 0.70588235 0.70588235
v 0.01900000 -0.00208035 0.02254670 0.70588235 0.70588235 0.70588235
v 0.01900000 -0.00213949 0.02618354 0.70588235 0.70588235 0.70588235
v 0.01900000 -0.03972782 0.06338704 0.70588235 0.70588235 0.70588235
v 0.01900000 -0.04021536 0.06277288 0.70588235 0.70588235 0.70588235
v 0.01899999 -0.02919826 0.06375820 0.70588235 0.70588235 0.70588235
v 0.01900000 -0.02978238 0.06416359 0.70588235 0.70588235 0.70588235
v 0.01900000 -0.03042905 0.06445917 0.70588235 0.70588235 0.70588235
v 0.01899999 -0.03111784 0.06463558 0.70588235 0.70588235 0.70588235
v 0.01900000 -0.03182699 0.06468726 0.70588235 0.70588235 0.70588235
v 0.01900000 -0.03531864 0.06295072 0.70588235 0.70588235 0.70588235
v 0.01899999 -0.03691882 0.06460445 0.70588235 0.70588235 0.70588235
v 0.01900000 -0.03769784 0.06451491 0.70588235 0.70588235 0.70588235
v -0.01310000 -0.03691882 0.06460444 0.70588235 0.70588235 0.70588235
v -0.01310000 -0.03182699 0.06468725 0.70588235 0.70588235 0.70588235
v -0.01310001 -0.02869514 0.06325577 0.70588235 0.70588235 0.70588235
v -0.01310001 -0.00125108 0.03048084 0.70588235 0.70588235 0.70588235
v -0.01310000 -0.00021436 0.01879521 0.70588235 0.70588235 0.70588235
v -0.01310000 -0.00038724 0.02865442 0.70588235 0.70588235 0.70588235
v -0.01310000 -0.00086040 0.02992425 0.70588235 0.70588235 0.70588235
v -0.01310001 -0.00056966 0.02930952 0.70588235 0.70588235 0.70588235
v -0.01310000 -0.02919826 0.06375821 0.70588235 0.70588235 0.70588235
v -0.01310000 -0.03912985 0.06389427 0.70588235 0.70588235 0.70588235
v -0.01310000 -0.03769784 0.06451491 0.70588235 0.70588235 0.70588235
v -0.01310000 -0.03844440 0.06427511 0.70588235 0.70588235 0.70588235
v -0.01310000 -0.04078908 0.06132144 0.70588235 0.70588235 0.70588235
v -0.01310001 -0.04057370 0.06207542 0.70588235 0.70588235 0.70588235
v -0.01310000 -0.04021536 0.06277289 0.70588235 0.70588235 0.70588235
v -0.01310000 -0.03972782 0.06338703 0.70588235 0.70588235 0.70588235
v -0.01310001 -0.03111784 0.06463559 0.70588235 0.70588235 0.70588235
v -0.01310000 -0.03042905 0.06445916 0.70588235 0.70588235 0.70588235
v -0.01309999 -0.02978238 0.06416360 0.70588235 0.70588235 0.70588235
v 0.01309999 -0.00021436 0.01879522 0.70588235 0.70588235 0.70588235
v 0.01309999 -0.02869514 0.06325577 0.70588235 0.70588235 0.70588235
v 0.01310000 -0.00125108 0.03048085 0.70588235 0.70588235 0.70588235
v 0.01309999 -0.00086040 0.02992426 0.70588235 0.70588235 0.70588235
v 0.01310000 -0.04021536 0.06277288 0.70588235 0.70588235 0.70588235
v 0.01310001 -0.04078908 0.06132144 0.70588235 0.70588235 0.70588235
v 0.01310000 -0.04057370 0.06207542 0.70588235 0.70588235 0.70588235
v 0.01310001 -0.00038724 0.02865441 0.70588235 0.70588235 0.70588235
v 0.01310000 -0.00056966 0.02930952 0.70588235 0.70588235 0.70588235
v 0.01309999 -0.03972782 0.06338703 0.70588235 0.70588235 0.70588235
v 0.01309999 -0.03912985 0.06389428 0.70588235 0.70588235 0.70588235
v 0.01309999 -0.03844440 0.06427511 0.70588235 0.70588235 0.70588235
v 0.01309999 -0.03769784 0.06451491 0.70588235 0.70588235 0.70588235
v 0.01310000 -0.03691882 0.06460445 0.70588235 0.70588235 0.70588235
v 0.01309999 -0.02919826 0.06375820 0.70588235 0.70588235 0.70588235
v 0.01310000 -0.03182699 0.06468725 0.70588235 0.70588235 0.70588235
v 0.01309999 -0.03111784 0.06463559 0.70588235 0.70588235 0.70588235
v 0.01310000 -0.03042905 0.06445917 0.70588235 0.70588235 0.70588235
v 0.01310000 -0.02978238 0.06416360 0.70588235 0.70588235 0.70588235
v 0.01650000 -0.03208035 0.05754671 0.70588235 0.70588235 0.70588235
v 0.01650000 -0.03520036 0.05567709 0.70588235 0.70588235 0.70588235
v 0.01650000 -0.03837952 0.05744428 0.70588235 0.70588235 0.70588235
v 0.01650000 -0.03843866 0.06108111 0.70588235 0.70588235 0.70588235
v 0.01650000 -0.03531864 0.06295073 0.70588235 0.70588235 0.70588235
v 0.01649999 -0.03213950 0.06118354 0.70588235 0.70588235 0.70588235
v 0.01649999 -0.03208035 0.02254671 0.70588235 0.70588235 0.70588235
v 0.01649999 -0.03520036 0.02067709 0.70588235 0.70588235 0.70588235
v 0.01649999 -0.03837952 0.02244426 0.70588235 0.70588235 0.70588235
v 0.01650000 -0.03843866 0.02608109 0.70588235 0.70588235 0.70588235
v 0.01649999 -0.03531864 0.02795074 0.70588235 0.70588235 0.70588235
v 0.01649999 -0.03213950 0.02618353 0.70588235 0.70588235 0.70588235
v 0.01049999 -0.01947495 0.00032959 0.70588235 0.70588235 0.70588235
v 0.01049999 -0.01863539 0.00119691 0.70588235 0.70588235 0.70588235
v 0.01049999 -0.02462904 0.00024578 0.70588235 0.70588235 0.70588235
v 0.01050000 -0.01868248 0.00409297 0.70588235 0.70588235 0.70588235
v 0.01049999 -0.02856451 0.00393228 0.70588235 0.70588235 0.70588235
v 0.01519999 -0.00393444 0.00433281 0.70588235 0.70588235 0.70588235
v -0.01520000 -0.00024302 0.01861437 0.70588235 0.70588235 0.70588235
v -0.01520001 -0.00045842 0.01786039 0.70588235 0.70588235 0.70588235
v -0.01519999 -0.00081676 0.01716292 0.70588235 0.70588235 0.70588235
v -0.01520000 -0.00130429 0.01654876 0.70588235 0.70588235 0.70588235
v -0.01520001 -0.00315543 0.00442234 0.70588235 0.70588235 0.70588235
v -0.01520000 -0.00393444 0.00433281 0.70588235 0.70588235 0.70588235
v -0.01520000 -0.00190227 0.01604152 0.70588235 0.70588235 0.70588235
v -0.01520000 -0.00258771 0.01566069 0.70588235 0.70588235 0.70588235
v -0.01520000 -0.00006416 0.00761582 0.70588235 0.70588235 0.70588235
v -0.01520000 -0.00333428 0.01542089 0.70588235 0.70588235 0.70588235
v -0.01520000 -0.00027955 0.00686184 0.70588235 0.70588235 0.70588235
v -0.01520001 -0.00063790 0.00616436 0.70588235 0.70588235 0.70588235
v -0.01520000 -0.00240885 0.00466214 0.70588235 0.70588235 0.70588235
v -0.01520001 -0.00172341 0.00504297 0.70588235 0.70588235 0.70588235
v -0.01520001 -0.00112543 0.00555022 0.70588235 0.70588235 0.70588235
v 0.01519999 -0.00258771 0.01566069 0.70588235 0.70588235 0.70588235
v 0.01520000 -0.00190227 0.01604152 0.70588235 0.70588235 0.70588235
v 0.01520000 -0.00130429 0.01654877 0.70588235 0.70588235 0.70588235
v 0.01520000 -0.00081676 0.01716292 0.70588235 0.70588235 0.70588235
v 0.01520000 -0.00045842 0.01786038 0.70588235 0.70588235 0.70588235
v 0.01519999 -0.00024302 0.01861436 0.70588235 0.70588235 0.70588235
v 0.01519999 -0.00315543 0.00442235 0.70588235 0.70588235 0.70588235
v 0.01520000 -0.00240885 0.00466214 0.70588235 0.70588235 0.70588235
v 0.01520000 -0.00027955 0.00686184 0.70588235 0.70588235 0.70588235
v 0.01519999 -0.00063790 0.00616438 0.70588235 0.70588235 0.70588235
v 0.01520000 -0.00333428 0.01542090 0.70588235 0.70588235 0.70588235
v 0.01520000 -0.00112543 0.00555021 0.70588235 0.70588235 0.70588235
v 0.01519999 -0.00172341 0.00504297 0.70588235 0.70588235 0.70588235
v 0.01519999 -0.00006416 0.00761582 0.70588235 0.70588235 0.70588235
v -0.01025001 -0.01936735 0.00008130 0.70588235 0.70588235 0.70588235
v 0.01025000 -0.01936735 0.00008130 0.70588235 0.70588235 0.70588235
v 0.01025000 -0.02436668 0.00000000 0.70588235 0.70588235 0.70588235
v -0.01050000 -0.01947495 0.00032960 0.70588235 0.70588235 0.70588235
v -0.01050001 -0.02462904 0.00024577 0.70588235 0.70588235 0.70588235
v -0.01025000 -0.02436668 0.00000000 0.70588235 0.70588235 0.70588235
v -0.01050000 -0.01863539 0.00119691 0.70588235 0.70588235 0.70588235
v -0.01050001 -0.01868248 0.00409297 0.70588235 0.70588235 0.70588235
v -0.01050001 -0.02856451 0.00393227 0.70588235 0.70588235 0.70588235
v 0.01649999 -0.00520036 0.02067709 0.70588235 0.70588235 0.70588235
v 0.01650000 -0.00837952 0.02244428 0.70588235 0.70588235 0.70588235
v 0.01649999 -0.00531865 0.02795074 0.70588235 0.70588235 0.70588235
v 0.01649999 -0.00213949 0.02618353 0.70588235 0.70588235 0.70588235
v 0.01649999 -0.00208035 0.02254671 0.70588235 0.70588235 0.70588235
v 0.01650000 -0.00843866 0.02608109 0.70588235 0.70588235 0.70588235
v -0.01310001 -0.03525950 0.02631391 0.70588235 0.70588235 0.70588235
v 0.01270000 -0.03525950 0.02631390 0.70588235 0.70588235 0.70588235
v -0.01310001 -0.03568944 0.02626715 0.70588235 0.70588235 0.70588235
v 0.01269999 -0.03568944 0.02626714 0.70588235 0.70588235 0.70588235
v -0.01310000 -0.03609928 0.02612906 0.70588235 0.70588235 0.70588235
v 0.01269999 -0.03609928 0.02612905 0.70588235 0.70588235 0.70588235
v -0.01310001 -0.03646985 0.02590609 0.70588235 0.70588235 0.70588235
v 0.01270000 -0.03646985 0.02590609 0.70588235 0.70588235 0.70588235
v -0.01310001 -0.03678383 0.02560868 0.70588235 0.70588235 0.70588235
v 0.01270000 -0.03678383 0.02560868 0.70588235 0.70588235 0.70588235
v -0.01310000 -0.03702652 0.02525071 0.70588235 0.70588235 0.70588235
v 0.01269999 -0.03702652 0.02525073 0.70588235 0.70588235 0.70588235
v -0.01310000 -0.03718661 0.02484896 0.70588235 0.70588235 0.70588235
v 0.01270000 -0.03718661 0.02484897 0.70588235 0.70588235 0.70588235
v -0.01310001 -0.03725657 0.02442219 0.70588235 0.70588235 0.70588235
v 0.01269999 -0.03725657 0.02442218 0.70588235 0.70588235 0.70588235
v -0.01310000 -0.03723316 0.02399035 0.70588235 0.70588235 0.70588235
v 0.01269999 -0.03723316 0.02399035 0.70588235 0.70588235 0.70588235
v -0.01310000 -0.03711747 0.02357363 0.70588235 0.70588235 0.70588235
v 0.01269999 -0.03711747 0.02357362 0.70588235 0.70588235 0.70588235
v -0.01310000 -0.03691489 0.02319153 0.70588235 0.70588235 0.70588235
v 0.01269999 -0.03691489 0.02319152 0.70588235 0.70588235 0.70588235
v -0.01310000 -0.03663491 0.02286191 0.70588235 0.70588235 0.70588235
v 0.01269999 -0.03663491 0.02286191 0.70588235 0.70588235 0.70588235
v -0.01310000 -0.03629062 0.02260019 0.70588235 0.70588235 0.70588235
v 0.01269999 -0.03629062 0.02260019 0.70588235 0.70588235 0.70588235
v -0.01310000 -0.03589810 0.02241860 0.70588235 0.70588235 0.70588235
v 0.01270000 -0.03589810 0.02241860 0.70588235 0.70588235 0.70588235
v -0.01310000 -0.03547575 0.02232563 0.70588235 0.70588235 0.70588235
v 0.01270000 -0.03547575 0.02232563 0.70588235 0.70588235 0.70588235
v -0.01310000 -0.03525950 0.02231391 0.70588235 0.70588235 0.70588235
v 0.01269999 -0.03525950 0.02231390 0.70588235 0.70588235 0.70588235
v -0.01310000 -0.03504327 0.02232563 0.70588235 0.70588235 0.70588235
v 0.01270000 -0.03504327 0.02232563 0.70588235 0.70588235 0.70588235
v -0.01310000 -0.03462090 0.02241860 0.70588235 0.70588235 0.70588235
v 0.01270000 -0.03462090 0.02241860 0.70588235 0.70588235 0.70588235
v -0.01310000 -0.03422840 0.02260019 0.70588235 0.70588235 0.70588235
v 0.01269999 -0.03422840 0.02260019 0.70588235 0.70588235 0.70588235
v -0.01310000 -0.03388411 0.02286191 0.70588235 0.70588235 0.70588235
v 0.01269999 -0.03388411 0.02286191 0.70588235 0.70588235 0.70588235
v -0.01310000 -0.03360413 0.02319153 0.70588235 0.70588235 0.70588235
v 0.01269999 -0.03360413 0.02319152 0.70588235 0.70588235 0.70588235
v -0.01310000 -0.03340155 0.02357363 0.70588235 0.70588235 0.70588235
v 0.01269999 -0.03340155 0.02357362 0.70588235 0.70588235 0.70588235
v -0.01310000 -0.03328586 0.02399035 0.70588235 0.70588235 0.70588235
v 0.01269999 -0.03328586 0.02399035 0.70588235 0.70588235 0.70588235
v -0.01310001 -0.03326243 0.02442219 0.70588235 0.70588235 0.70588235
v 0.01269999 -0.03326243 0.02442218 0.70588235 0.70588235 0.70588235
v -0.01310000 -0.03333241 0.02484896 0.70588235 0.70588235 0.70588235
v 0.01270000 -0.03333241 0.02484897 0.70588235 0.70588235 0.70588235
v -0.01310000 -0.03349248 0.02525071 0.70588235 0.70588235 0.70588235
v 0.01269999 -0.03349248 0.02525073 0.70588235 0.70588235 0.70588235
v -0.01310001 -0.03373519 0.02560868 0.70588235 0.70588235 0.70588235
v 0.01270000 -0.03373519 0.02560868 0.70588235 0.70588235 0.70588235
v -0.01310001 -0.03404915 0.02590609 0.70588235 0.70588235 0.70588235
v 0.01270000 -0.03404915 0.02590609 0.70588235 0.70588235 0.70588235
v -0.01310000 -0.03441973 0.02612906 0.70588235 0.70588235 0.70588235
v 0.01269999 -0.03441973 0.02612905 0.70588235 0.70588235 0.70588235
v -0.01310001 -0.03482957 0.02626715 0.70588235 0.70588235 0.70588235
v 0.01269999 -0.03482957 0.02626714 0.70588235 0.70588235 0.70588235
v -0.01310001 -0.00525951 0.02631391 0.70588235 0.70588235 0.70588235
v 0.01270000 -0.00525951 0.02631390 0.70588235 0.70588235 0.70588235
v -0.01310001 -0.00568944 0.02626715 0.70588235 0.70588235 0.70588235
v 0.01269999 -0.00568944 0.02626714 0.70588235 0.70588235 0.70588235
v -0.01310000 -0.00609928 0.02612906 0.70588235 0.70588235 0.70588235
v 0.01269999 -0.00609928 0.02612905 0.70588235 0.70588235 0.70588235
v -0.01310001 -0.00646985 0.02590609 0.70588235 0.70588235 0.70588235
v 0.01270000 -0.00646985 0.02590609 0.70588235 0.70588235 0.70588235
v -0.01310001 -0.00678383 0.02560868 0.70588235 0.70588235 0.70588235
v 0.01270000 -0.00678383 0.02560868 0.70588235 0.70588235 0.70588235
v -0.01310000 -0.00702653 0.02525071 0.70588235 0.70588235 0.70588235
v 0.01269999 -0.00702653 0.02525073 0.70588235 0.70588235 0.70588235
v -0.01310000 -0.00718661 0.02484896 0.70588235 0.70588235 0.70588235
v 0.01270000 -0.00718661 0.02484897 0.70588235 0.70588235 0.70588235
v -0.01310001 -0.00725657 0.02442219 0.70588235 0.70588235 0.70588235
v 0.01269999 -0.00725657 0.02442218 0.70588235 0.70588235 0.70588235
v -0.01310000 -0.00723316 0.02399035 0.70588235 0.70588235 0.70588235
v 0.01269999 -0.00723316 0.02399035 0.70588235 0.70588235 0.70588235
v -0.01310000 -0.00711746 0.02357363 0.70588235 0.70588235 0.70588235
v 0.01269999 -0.00711746 0.02357362 0.70588235 0.70588235 0.70588235
v -0.01310000 -0.00691488 0.02319153 0.70588235 0.70588235 0.70588235
v 0.01269999 -0.00691488 0.02319152 0.70588235 0.70588235 0.70588235
v -0.01310000 -0.00663491 0.02286191 0.70588235 0.70588235 0.70588235
v 0.01269999 -0.00663491 0.02286191 0.70588235 0.70588235 0.70588235
v -0.01310000 -0.00629061 0.02260019 0.70588235 0.70588235 0.70588235
v 0.01269999 -0.00629061 0.02260019 0.70588235 0.70588235 0.70588235
v -0.01310000 -0.00589811 0.02241860 0.70588235 0.70588235 0.70588235
v 0.01270000 -0.00589811 0.02241860 0.70588235 0.70588235 0.70588235
v -0.01310000 -0.00547574 0.02232563 0.70588235 0.70588235 0.70588235
v 0.01270000 -0.00547574 0.02232563 0.70588235 0.70588235 0.70588235
v -0.01310000 -0.00525951 0.02231391 0.70588235 0.70588235 0.70588235
v 0.01269999 -0.00525951 0.02231390 0.70588235 0.70588235 0.70588235
v -0.01310000 -0.00504327 0.02232563 0.70588235 0.70588235 0.70588235
v 0.01270000 -0.00504327 0.02232563 0.70588235 0.70588235 0.70588235
v -0.01310000 -0.00462090 0.02241860 0.70588235 0.70588235 0.70588235
v 0.01270000 -0.00462090 0.02241860 0.70588235 0.70588235 0.70588235
v -0.01310000 -0.00422840 0.02260019 0.70588235 0.70588235 0.70588235
v 0.01269999 -0.00422840 0.02260019 0.70588235 0.70588235 0.70588235
v -0.01310000 -0.00388411 0.02286191 0.70588235 0.70588235 0.70588235
v 0.01269999 -0.00388411 0.02286191 0.70588235 0.70588235 0.70588235
v -0.01310000 -0.00360413 0.02319153 0.70588235 0.70588235 0.70588235
v 0.01269999 -0.00360413 0.02319152 0.70588235 0.70588235 0.70588235
v -0.01310000 -0.00340155 0.02357363 0.70588235 0.70588235 0.70588235
v 0.01269999 -0.00340155 0.02357362 0.70588235 0.70588235 0.70588235
v -0.01310000 -0.00328586 0.02399035 0.70588235 0.70588235 0.70588235
v 0.01269999 -0.00328586 0.02399035 0.70588235 0.70588235 0.70588235
v -0.01310001 -0.00326244 0.02442219 0.70588235 0.70588235 0.70588235
v 0.01269999 -0.00326244 0.02442218 0.70588235 0.70588235 0.70588235
v -0.01310000 -0.00333241 0.02484896 0.70588235 0.70588235 0.70588235
v 0.01270000 -0.00333241 0.02484897 0.70588235 0.70588235 0.70588235
v -0.01310000 -0.00349248 0.02525071 0.70588235 0.70588235 0.70588235
v 0.01269999 -0.00349248 0.02525073 0.70588235 0.70588235 0.70588235
v -0.01310001 -0.00373518 0.02560868 0.70588235 0.70588235 0.70588235
v 0.01270000 -0.00373518 0.02560868 0.70588235 0.70588235 0.70588235
v -0.01310001 -0.00404916 0.02590609 0.70588235 0.70588235 0.70588235
v 0.01270000 -0.00404916 0.02590609 0.70588235 0.70588235 0.70588235
v -0.01310000 -0.00441973 0.02612906 0.70588235 0.70588235 0.70588235
v 0.01269999 -0.00441973 0.02612905 0.70588235 0.70588235 0.70588235
v -0.01310001 -0.00482956 0.02626715 0.70588235 0.70588235 0.70588235
v 0.01269999 -0.00482956 0.02626714 0.70588235 0.70588235 0.70588235
v -0.01310001 -0.03525950 0.06131391 0.70588235 0.70588235 0.70588235
v 0.01270000 -0.03525950 0.06131390 0.70588235 0.70588235 0.70588235
v -0.01310000 -0.03568944 0.06126715 0.70588235 0.70588235 0.70588235
v 0.01270000 -0.03568944 0.06126714 0.70588235 0.70588235 0.70588235
v -0.01310001 -0.03609928 0.06112905 0.70588235 0.70588235 0.70588235
v 0.01270001 -0.03609928 0.06112906 0.70588235 0.70588235 0.70588235
v -0.01310001 -0.03646985 0.06090608 0.70588235 0.70588235 0.70588235
v 0.01270000 -0.03646985 0.06090609 0.70588235 0.70588235 0.70588235
v -0.01310001 -0.03678383 0.06060867 0.70588235 0.70588235 0.70588235
v 0.01269999 -0.03678383 0.06060867 0.70588235 0.70588235 0.70588235
v -0.01310000 -0.03702652 0.06025073 0.70588235 0.70588235 0.70588235
v 0.01270000 -0.03702652 0.06025072 0.70588235 0.70588235 0.70588235
v -0.01310000 -0.03718661 0.05984897 0.70588235 0.70588235 0.70588235
v 0.01270000 -0.03718661 0.05984896 0.70588235 0.70588235 0.70588235
v -0.01309999 -0.03725657 0.05942219 0.70588235 0.70588235 0.70588235
v 0.01270000 -0.03725657 0.05942218 0.70588235 0.70588235 0.70588235
v -0.01309999 -0.03723316 0.05899034 0.70588235 0.70588235 0.70588235
v 0.01270000 -0.03723316 0.05899034 0.70588235 0.70588235 0.70588235
v -0.01310000 -0.03711747 0.05857363 0.70588235 0.70588235 0.70588235
v 0.01269999 -0.03711747 0.05857362 0.70588235 0.70588235 0.70588235
v -0.01310000 -0.03691489 0.05819153 0.70588235 0.70588235 0.70588235
v 0.01269999 -0.03691489 0.05819154 0.70588235 0.70588235 0.70588235
v -0.01310000 -0.03663491 0.05786191 0.70588235 0.70588235 0.70588235
v 0.01270000 -0.03663491 0.05786192 0.70588235 0.70588235 0.70588235
v -0.01310001 -0.03629062 0.05760020 0.70588235 0.70588235 0.70588235
v 0.01270001 -0.03629062 0.05760019 0.70588235 0.70588235 0.70588235
v -0.01310000 -0.03589810 0.05741859 0.70588235 0.70588235 0.70588235
v 0.01270000 -0.03589810 0.05741860 0.70588235 0.70588235 0.70588235
v -0.01310001 -0.03547575 0.05732563 0.70588235 0.70588235 0.70588235
v 0.01270001 -0.03547575 0.05732563 0.70588235 0.70588235 0.70588235
v -0.01310000 -0.03525950 0.05731390 0.70588235 0.70588235 0.70588235
v 0.01269999 -0.03525950 0.05731390 0.70588235 0.70588235 0.70588235
v -0.01310001 -0.03504327 0.05732563 0.70588235 0.70588235 0.70588235
v 0.01270001 -0.03504327 0.05732563 0.70588235 0.70588235 0.70588235
v -0.01310000 -0.03462090 0.05741859 0.70588235 0.70588235 0.70588235
v 0.01270000 -0.03462090 0.05741860 0.70588235 0.70588235 0.70588235
v -0.01310001 -0.03422840 0.05760020 0.70588235 0.70588235 0.70588235
v 0.01270001 -0.03422840 0.05760019 0.70588235 0.70588235 0.70588235
v -0.01310000 -0.03388411 0.05786191 0.70588235 0.70588235 0.70588235
v 0.01270000 -0.03388411 0.05786192 0.70588235 0.70588235 0.70588235
v -0.01310000 -0.03360413 0.05819153 0.70588235 0.70588235 0.70588235
v 0.01269999 -0.03360413 0.05819154 0.70588235 0.70588235 0.70588235
v -0.01310000 -0.03340155 0.05857363 0.70588235 0.70588235 0.70588235
v 0.01269999 -0.03340155 0.05857362 0.70588235 0.70588235 0.70588235
v -0.01309999 -0.03328586 0.05899034 0.70588235 0.70588235 0.70588235
v 0.01270000 -0.03328586 0.05899034 0.70588235 0.70588235 0.70588235
v -0.01309999 -0.03326243 0.05942219 0.70588235 0.70588235 0.70588235
v 0.01270000 -0.03326243 0.05942218 0.70588235 0.70588235 0.70588235
v -0.01310000 -0.03333241 0.05984897 0.70588235 0.70588235 0.70588235
v 0.01270000 -0.03333241 0.05984896 0.70588235 0.70588235 0.70588235
v -0.01310000 -0.03349248 0.06025073 0.70588235 0.70588235 0.70588235
v 0.01270000 -0.03349248 0.06025072 0.70588235 0.70588235 0.70588235
v -0.01310001 -0.03373519 0.06060867 0.70588235 0.70588235 0.70588235
v 0.01269999 -0.03373519 0.06060867 0.70588235 0.70588235 0.70588235
v -0.01310001 -0.03404915 0.06090608 0.70588235 0.70588235 0.70588235
v 0.01270000 -0.03404915 0.06090609 0.70588235 0.70588235 0.70588235
v -0.01310001 -0.03441973 0.06112905 0.70588235 0.70588235 0.70588235
v 0.01270001 -0.03441973 0.06112906 0.70588235 0.70588235 0.70588235
v -0.01310000 -0.03482957 0.06126715 0.70588235 0.70588235 0.70588235
v 0.01270000 -0.03482957 0.06126714 0.70588235 0.70588235 0.70588235
v -0.01310001 -0.00210521 0.14221223 0.70588235 0.70588235 0.70588235
v 0.01269999 -0.00210521 0.14221223 0.70588235 0.70588235 0.70588235
v 0.01269999 -0.00180595 0.14251608 0.70588235 0.70588235 0.70588235
v -0.01310000 -0.00180595 0.14251607 0.70588235 0.70588235 0.70588235
v 0.01270000 -0.00140729 0.14266759 0.70588235 0.70588235 0.70588235
v -0.01310000 -0.00140729 0.14266760 0.70588235 0.70588235 0.70588235
v 0.01270000 -0.00098175 0.14263923 0.70588235 0.70588235 0.70588235
v -0.01310000 -0.00098175 0.14263923 0.70588235 0.70588235 0.70588235
v 0.01270001 -0.00060674 0.14243613 0.70588235 0.70588235 0.70588235
v -0.01309999 -0.00060674 0.14243613 0.70588235 0.70588235 0.70588235
v 0.01270000 -0.00035045 0.14209524 0.70588235 0.70588235 0.70588235
v -0.01310001 -0.00035045 0.14209525 0.70588235 0.70588235 0.70588235
v 0.01270000 -0.00025950 0.14167858 0.70588235 0.70588235 0.70588235
v -0.01310001 -0.00025950 0.14167858 0.70588235 0.70588235 0.70588235
v -0.01310000 -0.00025950 0.02231391 0.70588235 0.70588235 0.70588235
v 0.01269999 -0.00025950 0.02231390 0.70588235 0.70588235 0.70588235
v 0.01270000 -0.00031715 0.02172864 0.70588235 0.70588235 0.70588235
v -0.01310001 -0.00031715 0.02172863 0.70588235 0.70588235 0.70588235
v 0.01269999 -0.00048786 0.02116585 0.70588235 0.70588235 0.70588235
v -0.01310000 -0.00048786 0.02116586 0.70588235 0.70588235 0.70588235
v 0.01270000 -0.00076509 0.02064720 0.70588235 0.70588235 0.70588235
v -0.01310000 -0.00076509 0.02064719 0.70588235 0.70588235 0.70588235
v 0.01270000 -0.00113818 0.02019258 0.70588235 0.70588235 0.70588235
v -0.01310000 -0.00113818 0.02019259 0.70588235 0.70588235 0.70588235
v 0.01270000 -0.00159279 0.01981950 0.70588235 0.70588235 0.70588235
v -0.01310000 -0.00159279 0.01981950 0.70588235 0.70588235 0.70588235
v 0.01269999 -0.00211146 0.01954226 0.70588235 0.70588235 0.70588235
v -0.01310001 -0.00211146 0.01954226 0.70588235 0.70588235 0.70588235
v 0.01270000 -0.00267424 0.01937154 0.70588235 0.70588235 0.70588235
v -0.01310000 -0.00267424 0.01937155 0.70588235 0.70588235 0.70588235
v 0.01270000 -0.00325950 0.01931391 0.70588235 0.70588235 0.70588235
v -0.01310000 -0.00325950 0.01931390 0.70588235 0.70588235 0.70588235
v 0.01270000 -0.03698353 0.01931391 0.70588235 0.70588235 0.70588235
v -0.01310000 -0.03698353 0.01931390 0.70588235 0.70588235 0.70588235
v 0.01270000 -0.03317064 0.01931391 0.70588235 0.70588235 0.70588235
v -0.01310000 -0.03317064 0.01931390 0.70588235 0.70588235 0.70588235
v 0.01270000 -0.03272508 0.01931391 0.70588235 0.70588235 0.70588235
v -0.01310000 -0.03272508 0.01931390 0.70588235 0.70588235 0.70588235
v 0.01270000 -0.03194754 0.01931391 0.70588235 0.70588235 0.70588235
v -0.01310000 -0.03194754 0.01931390 0.70588235 0.70588235 0.70588235
v 0.01270000 -0.02744241 0.01931391 0.70588235 0.70588235 0.70588235
v -0.01310000 -0.02744241 0.01931390 0.70588235 0.70588235 0.70588235
v 0.01270000 -0.02590425 0.01931391 0.70588235 0.70588235 0.70588235
v -0.01310000 -0.02590425 0.01931390 0.70588235 0.70588235 0.70588235
v 0.01269999 -0.03758709 0.01937524 0.70588235 0.70588235 0.70588235
v -0.01310001 -0.03758709 0.01937525 0.70588235 0.70588235 0.70588235
v 0.01270000 -0.03816596 0.01955676 0.70588235 0.70588235 0.70588235
v -0.01310000 -0.03816596 0.01955676 0.70588235 0.70588235 0.70588235
v 0.01270001 -0.03869648 0.01985103 0.70588235 0.70588235 0.70588235
v -0.01310001 -0.03869648 0.01985102 0.70588235 0.70588235 0.70588235
v 0.01269999 -0.03915696 0.02024599 0.70588235 0.70588235 0.70588235
v -0.01310000 -0.03915696 0.02024600 0.70588235 0.70588235 0.70588235
v 0.01270001 -0.03952855 0.02072554 0.70588235 0.70588235 0.70588235
v -0.01310001 -0.03952855 0.02072553 0.70588235 0.70588235 0.70588235
v 0.01270000 -0.03979607 0.02127004 0.70588235 0.70588235 0.70588235
v -0.01310000 -0.03979607 0.02127005 0.70588235 0.70588235 0.70588235
v 0.01270000 -0.03994857 0.02185722 0.70588235 0.70588235 0.70588235
v -0.01310001 -0.03994857 0.02185722 0.70588235 0.70588235 0.70588235
v 0.01270000 -0.03997982 0.02246308 0.70588235 0.70588235 0.70588235
v -0.01310000 -0.03997982 0.02246309 0.70588235 0.70588235 0.70588235
v -0.01310000 -0.03965470 0.02782219 0.70588235 0.70588235 0.70588235
v 0.01270000 -0.03965470 0.02782219 0.70588235 0.70588235 0.70588235
v -0.01310001 -0.03878826 0.03734250 0.70588235 0.70588235 0.70588235
v 0.01269999 -0.03878826 0.03734250 0.70588235 0.70588235 0.70588235
v -0.01310000 -0.03842765 0.04042770 0.70588235 0.70588235 0.70588235
v 0.01269999 -0.03842765 0.04042769 0.70588235 0.70588235 0.70588235
v -0.01310000 -0.03773692 0.04558494 0.70588235 0.70588235 0.70588235
v 0.01270000 -0.03773692 0.04558495 0.70588235 0.70588235 0.70588235
v -0.01310000 -0.03729083 0.04854247 0.70588235 0.70588235 0.70588235
v 0.01270000 -0.03729083 0.04854248 0.70588235 0.70588235 0.70588235
v -0.01310000 -0.03670171 0.05212300 0.70588235 0.70588235 0.70588235
v 0.01270000 -0.03670171 0.05212301 0.70588235 0.70588235 0.70588235
v -0.01310001 -0.03665903 0.05270004 0.70588235 0.70588235 0.70588235
v 0.01270000 -0.03665903 0.05270005 0.70588235 0.70588235 0.70588235
v -0.01310000 -0.03672792 0.05327454 0.70588235 0.70588235 0.70588235
v 0.01270000 -0.03672792 0.05327454 0.70588235 0.70588235 0.70588235
v -0.01310001 -0.03690583 0.05382513 0.70588235 0.70588235 0.70588235
v 0.01270001 -0.03690583 0.05382514 0.70588235 0.70588235 0.70588235
v -0.01310000 -0.03718610 0.05433132 0.70588235 0.70588235 0.70588235
v 0.01269999 -0.03718610 0.05433132 0.70588235 0.70588235 0.70588235
v -0.01310001 -0.03755836 0.05477429 0.70588235 0.70588235 0.70588235
v 0.01269999 -0.03755836 0.05477430 0.70588235 0.70588235 0.70588235
v -0.01310000 -0.03800872 0.05513756 0.70588235 0.70588235 0.70588235
v 0.01269999 -0.03800872 0.05513755 0.70588235 0.70588235 0.70588235
v 0.01270000 -0.03884035 0.05582427 0.70588235 0.70588235 0.70588235
v -0.01309999 -0.03884035 0.05582427 0.70588235 0.70588235 0.70588235
v 0.01270001 -0.03950538 0.05667335 0.70588235 0.70588235 0.70588235
v -0.01310001 -0.03950538 0.05667334 0.70588235 0.70588235 0.70588235
v 0.01269999 -0.03997286 0.05764527 0.70588235 0.70588235 0.70588235
v -0.01310000 -0.03997286 0.05764527 0.70588235 0.70588235 0.70588235
v 0.01270000 -0.04022104 0.05869484 0.70588235 0.70588235 0.70588235
v -0.01310000 -0.04022104 0.05869483 0.70588235 0.70588235 0.70588235
v 0.01270000 -0.04023837 0.05977320 0.70588235 0.70588235 0.70588235
v -0.01310000 -0.04023837 0.05977320 0.70588235 0.70588235 0.70588235
v 0.01270001 -0.04002404 0.06083020 0.70588235 0.70588235 0.70588235
v -0.01310001 -0.04002404 0.06083021 0.70588235 0.70588235 0.70588235
v 0.01270000 -0.03958805 0.06181666 0.70588235 0.70588235 0.70588235
v -0.01310000 -0.03958805 0.06181666 0.70588235 0.70588235 0.70588235
v 0.01269999 -0.03895065 0.06268666 0.70588235 0.70588235 0.70588235
v -0.01310001 -0.03895065 0.06268667 0.70588235 0.70588235 0.70588235
v 0.01270001 -0.03814152 0.06339974 0.70588235 0.70588235 0.70588235
v -0.01310001 -0.03814152 0.06339973 0.70588235 0.70588235 0.70588235
v 0.01270000 -0.03719829 0.06392270 0.70588235 0.70588235 0.70588235
v -0.01310001 -0.03719829 0.06392271 0.70588235 0.70588235 0.70588235
v 0.01270000 -0.03616485 0.06423127 0.70588235 0.70588235 0.70588235
v -0.01310000 -0.03616485 0.06423126 0.70588235 0.70588235 0.70588235
v -0.01310000 -0.03560856 0.06439042 0.70588235 0.70588235 0.70588235
v 0.01269999 -0.03560856 0.06439041 0.70588235 0.70588235 0.70588235
v -0.01310000 -0.03509317 0.06465340 0.70588235 0.70588235 0.70588235
v 0.01270000 -0.03509317 0.06465341 0.70588235 0.70588235 0.70588235
v -0.01310001 -0.03463785 0.06501045 0.70588235 0.70588235 0.70588235
v 0.01270000 -0.03463785 0.06501044 0.70588235 0.70588235 0.70588235
v -0.01310000 -0.03425954 0.06544826 0.70588235 0.70588235 0.70588235
v 0.01270000 -0.03425954 0.06544825 0.70588235 0.70588235 0.70588235
v -0.01310000 -0.03397231 0.06595055 0.70588235 0.70588235 0.70588235
v 0.01270000 -0.03397231 0.06595054 0.70588235 0.70588235 0.70588235
v -0.01310000 -0.03378686 0.06649862 0.70588235 0.70588235 0.70588235
v 0.01269999 -0.03378686 0.06649863 0.70588235 0.70588235 0.70588235
v -0.01310000 -0.03325264 0.06873642 0.70588235 0.70588235 0.70588235
v 0.01270000 -0.03325264 0.06873641 0.70588235 0.70588235 0.70588235
v -0.01310001 -0.03287385 0.07026972 0.70588235 0.70588235 0.70588235
v 0.01270001 -0.03287385 0.07026972 0.70588235 0.70588235 0.70588235
v -0.01310000 -0.03285353 0.07035084 0.70588235 0.70588235 0.70588235
v 0.01270000 -0.03285353 0.07035084 0.70588235 0.70588235 0.70588235
v -0.01310000 -0.03213124 0.07316108 0.70588235 0.70588235 0.70588235
v 0.01269999 -0.03213124 0.07316107 0.70588235 0.70588235 0.70588235
v -0.01310001 -0.03117692 0.07668030 0.70588235 0.70588235 0.70588235
v 0.01270001 -0.03117692 0.07668030 0.70588235 0.70588235 0.70588235
v -0.01310001 -0.03024511 0.07993291 0.70588235 0.70588235 0.70588235
v 0.01269999 -0.03024511 0.07993291 0.70588235 0.70588235 0.70588235
v -0.01310001 -0.02826335 0.08635259 0.70588235 0.70588235 0.70588235
v 0.01269999 -0.02826335 0.08635259 0.70588235 0.70588235 0.70588235
v -0.01310001 -0.02752419 0.08859977 0.70588235 0.70588235 0.70588235
v 0.01269999 -0.02752419 0.08859977 0.70588235 0.70588235 0.70588235
v -0.01310000 -0.02694935 0.09029917 0.70588235 0.70588235 0.70588235
v 0.01270000 -0.02694935 0.09029916 0.70588235 0.70588235 0.70588235
v -0.01310001 -0.02608217 0.09278908 0.70588235 0.70588235 0.70588235
v 0.01270001 -0.02608217 0.09278908 0.70588235 0.70588235 0.70588235
v -0.01310001 -0.02404533 0.09832793 0.70588235 0.70588235 0.70588235
v 0.01269999 -0.02404533 0.09832794 0.70588235 0.70588235 0.70588235
v -0.01310001 -0.02110697 0.10567809 0.70588235 0.70588235 0.70588235
v 0.01270000 -0.02110697 0.10567810 0.70588235 0.70588235 0.70588235
v -0.01310001 -0.01417607 0.12079423 0.70588235 0.70588235 0.70588235
v 0.01270001 -0.01417607 0.12079423 0.70588235 0.70588235 0.70588235
v -0.01310000 -0.01236740 0.12434111 0.70588235 0.70588235 0.70588235
v 0.01270000 -0.01236740 0.12434112 0.70588235 0.70588235 0.70588235
v 0.01269999 -0.00025950 0.02781390 0.70588235 0.70588235 0.70588235
v -0.01310001 -0.00025950 0.02781391 0.70588235 0.70588235 0.70588235
v 0.01269999 -0.00025950 0.03629175 0.70588235 0.70588235 0.70588235
v -0.01310001 -0.00025950 0.03629174 0.70588235 0.70588235 0.70588235
v 0.01270000 -0.00025950 0.04041733 0.70588235 0.70588235 0.70588235
v -0.01310000 -0.00025950 0.04041732 0.70588235 0.70588235 0.70588235
v 0.01270000 -0.00025950 0.04556941 0.70588235 0.70588235 0.70588235
v -0.01309999 -0.00025950 0.04556941 0.70588235 0.70588235 0.70588235
v 0.01269999 -0.00025950 0.04853088 0.70588235 0.70588235 0.70588235
v -0.01310000 -0.00025950 0.04853089 0.70588235 0.70588235 0.70588235
v 0.01269999 -0.00025950 0.05722242 0.70588235 0.70588235 0.70588235
v -0.01310001 -0.00025950 0.05722241 0.70588235 0.70588235 0.70588235
v 0.01270000 -0.00025950 0.05861566 0.70588235 0.70588235 0.70588235
v -0.01310001 -0.00025950 0.05861566 0.70588235 0.70588235 0.70588235
v 0.01269999 -0.00025950 0.06423222 0.70588235 0.70588235 0.70588235
v -0.01310000 -0.00025950 0.06423222 0.70588235 0.70588235 0.70588235
v 0.01269999 -0.00025950 0.07023455 0.70588235 0.70588235 0.70588235
v -0.01310000 -0.00025950 0.07023456 0.70588235 0.70588235 0.70588235
v 0.01270000 -0.00025950 0.07662279 0.70588235 0.70588235 0.70588235
v -0.01310000 -0.00025950 0.07662280 0.70588235 0.70588235 0.70588235
v 0.01269999 -0.00025950 0.07988236 0.70588235 0.70588235 0.70588235
v -0.01310000 -0.00025950 0.07988235 0.70588235 0.70588235 0.70588235
v 0.01270000 -0.00025950 0.09025115 0.70588235 0.70588235 0.70588235
v -0.01310001 -0.00025950 0.09025115 0.70588235 0.70588235 0.70588235
v 0.01270001 -0.00025950 0.09825742 0.70588235 0.70588235 0.70588235
v -0.01310001 -0.00025950 0.09825741 0.70588235 0.70588235 0.70588235
v 0.01269999 -0.00025950 0.12073749 0.70588235 0.70588235 0.70588235
v -0.01310000 -0.00025950 0.12073749 0.70588235 0.70588235 0.70588235
v -0.01310000 -0.02744241 0.07988235 0.70588235 0.70588235 0.70588235
v -0.01310001 -0.02590425 0.09025115 0.70588235 0.70588235 0.70588235
v -0.01310001 -0.02590425 0.04005643 0.70588235 0.70588235 0.70588235
v -0.01310000 -0.02590425 0.03805082 0.70588235 0.70588235 0.70588235
v -0.01310001 -0.02744241 0.03816609 0.70588235 0.70588235 0.70588235
v -0.01310001 -0.02783349 0.05861566 0.70588235 0.70588235 0.70588235
v -0.01310000 -0.02744241 0.05849502 0.70588235 0.70588235 0.70588235
v -0.01310001 -0.02744241 0.05722241 0.70588235 0.70588235 0.70588235
v -0.01310001 -0.02331653 0.05722241 0.70588235 0.70588235 0.70588235
v -0.01310001 -0.02590425 0.05722241 0.70588235 0.70588235 0.70588235
v -0.01309999 -0.02590425 0.05802058 0.70588235 0.70588235 0.70588235
v -0.01310000 -0.02590425 0.06450750 0.70588235 0.70588235 0.70588235
v -0.01310000 -0.02590425 0.06423222 0.70588235 0.70588235 0.70588235
v -0.01310000 -0.02744241 0.06423222 0.70588235 0.70588235 0.70588235
v -0.01310000 -0.02520283 0.06423222 0.70588235 0.70588235 0.70588235
v -0.01310001 -0.00734139 0.05722241 0.70588235 0.70588235 0.70588235
v -0.01310001 -0.01281592 0.05722241 0.70588235 0.70588235 0.70588235
v -0.01310001 -0.01636599 0.05861566 0.70588235 0.70588235 0.70588235
v -0.01310000 -0.02348422 0.07023456 0.70588235 0.70588235 0.70588235
v -0.01310000 -0.02590425 0.07023456 0.70588235 0.70588235 0.70588235
v -0.01310000 -0.02590425 0.07139995 0.70588235 0.70588235 0.70588235
v -0.01310000 -0.00205950 0.05991740 0.70588235 0.70588235 0.70588235
v -0.01310000 -0.00205950 0.06274582 0.70588235 0.70588235 0.70588235
v -0.01310001 -0.02672139 0.07179343 0.70588235 0.70588235 0.70588235
v -0.01310000 -0.02508713 0.07834962 0.70588235 0.70588235 0.70588235
v -0.01310000 -0.02590425 0.07662280 0.70588235 0.70588235 0.70588235
v -0.01310000 -0.02590425 0.07988235 0.70588235 0.70588235 0.70588235
v -0.01310001 -0.02380842 0.08307809 0.70588235 0.70588235 0.70588235
v -0.01310000 -0.00205950 0.08285850 0.70588235 0.70588235 0.70588235
v -0.01310001 -0.00205950 0.08869327 0.70588235 0.70588235 0.70588235
v -0.01310000 -0.00205950 0.09044117 0.70588235 0.70588235 0.70588235
v -0.01310000 -0.00205950 0.09729171 0.70588235 0.70588235 0.70588235
v -0.01309999 -0.00205950 0.13851163 0.70588235 0.70588235 0.70588235
v -0.01310000 -0.00205950 0.12179105 0.70588235 0.70588235 0.70588235
v -0.01310000 -0.00281624 0.12073749 0.70588235 0.70588235 0.70588235
v -0.01310000 -0.00666410 0.12916165 0.70588235 0.70588235 0.70588235
v -0.01310000 -0.01020186 0.12073749 0.70588235 0.70588235 0.70588235
v -0.01310001 -0.01036820 0.12096830 0.70588235 0.70588235 0.70588235
v -0.01310000 -0.00726984 0.12786640 0.70588235 0.70588235 0.70588235
v -0.01310001 -0.00205950 0.10944015 0.70588235 0.70588235 0.70588235
v -0.01310001 -0.00205950 0.11952617 0.70588235 0.70588235 0.70588235
v -0.01310001 -0.01362045 0.11316571 0.70588235 0.70588235 0.70588235
v -0.01310001 -0.01092173 0.11968394 0.70588235 0.70588235 0.70588235
v -0.01310000 -0.00205950 0.10738780 0.70588235 0.70588235 0.70588235
v -0.01310001 -0.00205950 0.09917552 0.70588235 0.70588235 0.70588235
v -0.01310000 -0.01412591 0.11189359 0.70588235 0.70588235 0.70588235
v -0.01310001 -0.01648347 0.10571731 0.70588235 0.70588235 0.70588235
v -0.01310000 -0.01901037 0.09858597 0.70588235 0.70588235 0.70588235
v -0.01310000 -0.01694477 0.10445795 0.70588235 0.70588235 0.70588235
v -0.01310001 -0.01109011 0.09825741 0.70588235 0.70588235 0.70588235
v -0.01310001 -0.00943972 0.09825741 0.70588235 0.70588235 0.70588235
v -0.01310001 -0.00205950 0.08122154 0.70588235 0.70588235 0.70588235
v -0.01310001 -0.01002721 0.09025115 0.70588235 0.70588235 0.70588235
v -0.01310001 -0.01943101 0.09733929 0.70588235 0.70588235 0.70588235
v -0.01310001 -0.01865625 0.09825741 0.70588235 0.70588235 0.70588235
v -0.01310000 -0.00205950 0.07690622 0.70588235 0.70588235 0.70588235
v -0.01310000 -0.00205950 0.07988235 0.70588235 0.70588235 0.70588235
v -0.01310000 -0.02176394 0.09006113 0.70588235 0.70588235 0.70588235
v -0.01310000 -0.02112770 0.09211181 0.70588235 0.70588235 0.70588235
v -0.01310000 -0.00899951 0.07988235 0.70588235 0.70588235 0.70588235
v -0.01310000 -0.00579166 0.07988235 0.70588235 0.70588235 0.70588235
v -0.01310000 -0.00205950 0.07434818 0.70588235 0.70588235 0.70588235
v -0.01310001 -0.02323374 0.08510688 0.70588235 0.70588235 0.70588235
v -0.01310001 -0.00205950 0.07067120 0.70588235 0.70588235 0.70588235
v -0.01310000 -0.00496954 0.07023456 0.70588235 0.70588235 0.70588235
v -0.01310000 -0.01433980 0.07662280 0.70588235 0.70588235 0.70588235
v -0.01310000 -0.01078930 0.07662280 0.70588235 0.70588235 0.70588235
v -0.01310000 -0.01912093 0.07988235 0.70588235 0.70588235 0.70588235
v -0.01310001 -0.00205950 0.06825062 0.70588235 0.70588235 0.70588235
v -0.01309999 -0.00205950 0.06505520 0.70588235 0.70588235 0.70588235
v -0.01310000 -0.02744241 0.07023456 0.70588235 0.70588235 0.70588235
v -0.01310000 -0.02744241 0.07662280 0.70588235 0.70588235 0.70588235
v -0.01310000 -0.02560526 0.07633937 0.70588235 0.70588235 0.70588235
v -0.01310001 -0.00396597 0.05861566 0.70588235 0.70588235 0.70588235
v -0.01310000 -0.01101971 0.06423222 0.70588235 0.70588235 0.70588235
v -0.01310000 -0.01562940 0.06423222 0.70588235 0.70588235 0.70588235
v -0.01310000 -0.02590425 0.06918013 0.70588235 0.70588235 0.70588235
v -0.01310000 -0.02718717 0.06979792 0.70588235 0.70588235 0.70588235
v -0.01310000 -0.00205950 0.05300099 0.70588235 0.70588235 0.70588235
v -0.01310000 -0.00205950 0.05514952 0.70588235 0.70588235 0.70588235
v -0.01310001 -0.00205950 0.05722241 0.70588235 0.70588235 0.70588235
v -0.01310000 -0.00205950 0.05769759 0.70588235 0.70588235 0.70588235
v -0.01310001 -0.03194754 0.05861566 0.70588235 0.70588235 0.70588235
v -0.01310000 -0.03194754 0.06423222 0.70588235 0.70588235 0.70588235
v -0.01310000 -0.02858035 0.06340925 0.70588235 0.70588235 0.70588235
v -0.01310000 -0.02744241 0.06296264 0.70588235 0.70588235 0.70588235
v -0.01310000 -0.02590425 0.06235899 0.70588235 0.70588235 0.70588235
v -0.01310001 -0.01089147 0.05861566 0.70588235 0.70588235 0.70588235
v -0.01310001 -0.00205950 0.05066574 0.70588235 0.70588235 0.70588235
v -0.01310000 -0.00205950 0.04857276 0.70588235 0.70588235 0.70588235
v -0.01310001 -0.02590425 0.05592760 0.70588235 0.70588235 0.70588235
v -0.01310001 -0.02744241 0.05013787 0.70588235 0.70588235 0.70588235
v -0.01310001 -0.03087835 0.05092207 0.70588235 0.70588235 0.70588235
v -0.01310000 -0.03055160 0.05289893 0.70588235 0.70588235 0.70588235
v -0.01310001 -0.02943464 0.05910953 0.70588235 0.70588235 0.70588235
v -0.01310001 -0.03194754 0.05722241 0.70588235 0.70588235 0.70588235
v -0.01310000 -0.02980544 0.05713092 0.70588235 0.70588235 0.70588235
v -0.01310000 -0.00205950 0.04639605 0.70588235 0.70588235 0.70588235
v -0.01310000 -0.00205950 0.04853089 0.70588235 0.70588235 0.70588235
v -0.01309999 -0.00742590 0.04556941 0.70588235 0.70588235 0.70588235
v -0.01310000 -0.02040149 0.04853089 0.70588235 0.70588235 0.70588235
v -0.01310000 -0.01141325 0.04853089 0.70588235 0.70588235 0.70588235
v -0.01310000 -0.02590425 0.05183825 0.70588235 0.70588235 0.70588235
v -0.01310001 -0.02744241 0.05218931 0.70588235 0.70588235 0.70588235
v -0.01310000 -0.02590425 0.04978682 0.70588235 0.70588235 0.70588235
v -0.01310000 -0.03194754 0.04853089 0.70588235 0.70588235 0.70588235
v -0.01310000 -0.03152667 0.04672255 0.70588235 0.70588235 0.70588235
v -0.01309999 -0.03194754 0.04556941 0.70588235 0.70588235 0.70588235
v -0.01309999 -0.02744241 0.04556941 0.70588235 0.70588235 0.70588235
v -0.01310001 -0.00205950 0.04434462 0.70588235 0.70588235 0.70588235
v -0.01310000 -0.00205950 0.04228125 0.70588235 0.70588235 0.70588235
v -0.01310001 -0.02744241 0.04610697 0.70588235 0.70588235 0.70588235
v -0.01310001 -0.02590425 0.04587513 0.70588235 0.70588235 0.70588235
v -0.01309999 -0.02590425 0.04556941 0.70588235 0.70588235 0.70588235
v -0.01309999 -0.02387585 0.04556941 0.70588235 0.70588235 0.70588235
v -0.01309999 -0.03272508 0.04556941 0.70588235 0.70588235 0.70588235
v -0.01310001 -0.03181079 0.04474277 0.70588235 0.70588235 0.70588235
v -0.01310000 -0.03272508 0.04041732 0.70588235 0.70588235 0.70588235
v -0.01310000 -0.03236841 0.04054084 0.70588235 0.70588235 0.70588235
v -0.01310000 -0.03194754 0.04041732 0.70588235 0.70588235 0.70588235
v -0.01310000 -0.03194754 0.04050931 0.70588235 0.70588235 0.70588235
v -0.01310000 -0.03072010 0.04041732 0.70588235 0.70588235 0.70588235
v -0.01310001 -0.00243006 0.03629174 0.70588235 0.70588235 0.70588235
v -0.01310000 -0.00205950 0.03826958 0.70588235 0.70588235 0.70588235
v -0.01310000 -0.00205950 0.04025866 0.70588235 0.70588235 0.70588235
v -0.01310000 -0.00311217 0.04041732 0.70588235 0.70588235 0.70588235
v -0.01310000 -0.03317064 0.04041732 0.70588235 0.70588235 0.70588235
v -0.01310000 -0.03261070 0.03855338 0.70588235 0.70588235 0.70588235
v -0.01310001 -0.03317064 0.03629174 0.70588235 0.70588235 0.70588235
v -0.01310001 -0.03308177 0.03431391 0.70588235 0.70588235 0.70588235
v -0.01310001 -0.03317064 0.03231391 0.70588235 0.70588235 0.70588235
v -0.01310001 -0.03272508 0.03231391 0.70588235 0.70588235 0.70588235
v -0.01310001 -0.00205950 0.03626398 0.70588235 0.70588235 0.70588235
v -0.01310001 -0.00205950 0.03431391 0.70588235 0.70588235 0.70588235
v -0.01310001 -0.02590425 0.03431391 0.70588235 0.70588235 0.70588235
v -0.01310001 -0.00205950 0.03231391 0.70588235 0.70588235 0.70588235
v -0.01310001 -0.00205950 0.02931390 0.70588235 0.70588235 0.70588235
v -0.01310001 -0.02590425 0.02931390 0.70588235 0.70588235 0.70588235
v -0.01310001 -0.03272508 0.03431391 0.70588235 0.70588235 0.70588235
v -0.01310001 -0.03194754 0.03431391 0.70588235 0.70588235 0.70588235
v -0.01310001 -0.03194754 0.03231391 0.70588235 0.70588235 0.70588235
v -0.01310001 -0.02744241 0.03431391 0.70588235 0.70588235 0.70588235
v -0.01310001 -0.02744241 0.03231391 0.70588235 0.70588235 0.70588235
v -0.01310001 -0.02590425 0.03231391 0.70588235 0.70588235 0.70588235
v -0.01310001 -0.03317064 0.02781391 0.70588235 0.70588235 0.70588235
v -0.01310001 -0.03355750 0.02931390 0.70588235 0.70588235 0.70588235
v -0.01310001 -0.03328241 0.03231391 0.70588235 0.70588235 0.70588235
v -0.01310001 -0.03317064 0.05861566 0.70588235 0.70588235 0.70588235
v -0.01310001 -0.03317064 0.05722241 0.70588235 0.70588235 0.70588235
v -0.01310000 -0.03317064 0.06423222 0.70588235 0.70588235 0.70588235
v -0.01310000 -0.03194754 0.07023456 0.70588235 0.70588235 0.70588235
v -0.01310001 -0.02816343 0.06539412 0.70588235 0.70588235 0.70588235
v -0.01310001 -0.02744241 0.06511117 0.70588235 0.70588235 0.70588235
v -0.01310000 -0.03272508 0.06423222 0.70588235 0.70588235 0.70588235
v -0.01310000 -0.03272508 0.07023456 0.70588235 0.70588235 0.70588235
v -0.01309999 -0.03317064 0.04556941 0.70588235 0.70588235 0.70588235
v -0.01310000 -0.03317064 0.04853089 0.70588235 0.70588235 0.70588235
v -0.01310000 -0.03317064 0.02081391 0.70588235 0.70588235 0.70588235
v -0.01310000 -0.02590425 0.02081391 0.70588235 0.70588235 0.70588235
v -0.01310001 -0.02590425 0.02781391 0.70588235 0.70588235 0.70588235
v -0.01310001 -0.02744241 0.02781391 0.70588235 0.70588235 0.70588235
v -0.01310001 -0.02744241 0.02931390 0.70588235 0.70588235 0.70588235
v -0.01310001 -0.03194754 0.02781391 0.70588235 0.70588235 0.70588235
v -0.01310001 -0.03194754 0.02931390 0.70588235 0.70588235 0.70588235
v -0.01310001 -0.03272508 0.02781391 0.70588235 0.70588235 0.70588235
v -0.01310001 -0.03272508 0.02931390 0.70588235 0.70588235 0.70588235
v -0.01310001 -0.03317064 0.02931390 0.70588235 0.70588235 0.70588235
v -0.01310001 -0.02590425 0.04385254 0.70588235 0.70588235 0.70588235
v -0.01310001 -0.02744241 0.04408438 0.70588235 0.70588235 0.70588235
v -0.01310000 -0.03272508 0.04853089 0.70588235 0.70588235 0.70588235
v -0.01310001 -0.03272508 0.05722241 0.70588235 0.70588235 0.70588235
v -0.01310001 -0.03272508 0.05861566 0.70588235 0.70588235 0.70588235
v -0.01310001 -0.03194754 0.03850370 0.70588235 0.70588235 0.70588235
v -0.01310000 -0.02744241 0.04017170 0.70588235 0.70588235 0.70588235
v -0.01310000 -0.03272508 0.02081391 0.70588235 0.70588235 0.70588235
v -0.01310000 -0.03194754 0.02081391 0.70588235 0.70588235 0.70588235
v -0.01310000 -0.02744241 0.02081391 0.70588235 0.70588235 0.70588235
v 0.01270000 -0.03328241 0.03231390 0.70588235 0.70588235 0.70588235
v 0.01270000 -0.03317064 0.03231390 0.70588235 0.70588235 0.70588235
v 0.01269999 -0.03317064 0.03629175 0.70588235 0.70588235 0.70588235
v 0.01270000 -0.00205950 0.06505520 0.70588235 0.70588235 0.70588235
v 0.01270000 -0.02508713 0.07834961 0.70588235 0.70588235 0.70588235
v 0.01270000 -0.02560526 0.07633936 0.70588235 0.70588235 0.70588235
v 0.01270000 -0.02590425 0.07662279 0.70588235 0.70588235 0.70588235
v 0.01269999 -0.02672139 0.07179343 0.70588235 0.70588235 0.70588235
v 0.01270001 -0.00205950 0.10944015 0.70588235 0.70588235 0.70588235
v 0.01270000 -0.00205950 0.09917552 0.70588235 0.70588235 0.70588235
v 0.01270000 -0.00205950 0.10738780 0.70588235 0.70588235 0.70588235
v 0.01270000 -0.01092173 0.11968393 0.70588235 0.70588235 0.70588235
v 0.01270001 -0.01865625 0.09825742 0.70588235 0.70588235 0.70588235
v 0.01270000 -0.01901037 0.09858597 0.70588235 0.70588235 0.70588235
v 0.01270000 -0.01694477 0.10445795 0.70588235 0.70588235 0.70588235
v 0.01270000 -0.00205950 0.13851163 0.70588235 0.70588235 0.70588235
v 0.01270000 -0.00205950 0.12179104 0.70588235 0.70588235 0.70588235
v 0.01269999 -0.01020186 0.12073749 0.70588235 0.70588235 0.70588235
v 0.01269999 -0.01036820 0.12096829 0.70588235 0.70588235 0.70588235
v 0.01270000 -0.00726984 0.12786640 0.70588235 0.70588235 0.70588235
v 0.01270000 -0.00666410 0.12916166 0.70588235 0.70588235 0.70588235
v 0.01269999 -0.00281624 0.12073749 0.70588235 0.70588235 0.70588235
v 0.01269999 -0.00205950 0.11952616 0.70588235 0.70588235 0.70588235
v 0.01270001 -0.01412591 0.11189358 0.70588235 0.70588235 0.70588235
v 0.01269999 -0.01648347 0.10571732 0.70588235 0.70588235 0.70588235
v 0.01270001 -0.00943972 0.09825742 0.70588235 0.70588235 0.70588235
v 0.01270001 -0.01109011 0.09825742 0.70588235 0.70588235 0.70588235
v 0.01270000 -0.00205950 0.09044119 0.70588235 0.70588235 0.70588235
v 0.01270001 -0.00205950 0.08869327 0.70588235 0.70588235 0.70588235
v 0.01270000 -0.01362045 0.11316571 0.70588235 0.70588235 0.70588235
v 0.01270000 -0.00205950 0.09729171 0.70588235 0.70588235 0.70588235
v 0.01270000 -0.00205950 0.08285850 0.70588235 0.70588235 0.70588235
v 0.01269999 -0.00205950 0.08122153 0.70588235 0.70588235 0.70588235
v 0.01270000 -0.01002721 0.09025115 0.70588235 0.70588235 0.70588235
v 0.01270001 -0.01943101 0.09733930 0.70588235 0.70588235 0.70588235
v 0.01270000 -0.02112770 0.09211182 0.70588235 0.70588235 0.70588235
v 0.01269999 -0.02323374 0.08510687 0.70588235 0.70588235 0.70588235
v 0.01269999 -0.02176394 0.09006113 0.70588235 0.70588235 0.70588235
v 0.01270000 -0.02590425 0.09025115 0.70588235 0.70588235 0.70588235
v 0.01269999 -0.00579166 0.07988236 0.70588235 0.70588235 0.70588235
v 0.01269999 -0.00899951 0.07988236 0.70588235 0.70588235 0.70588235
v 0.01270000 -0.00205950 0.07690622 0.70588235 0.70588235 0.70588235
v 0.01270000 -0.00205950 0.07434818 0.70588235 0.70588235 0.70588235
v 0.01269999 -0.00205950 0.07988236 0.70588235 0.70588235 0.70588235
v 0.01269999 -0.00205950 0.07067120 0.70588235 0.70588235 0.70588235
v 0.01270000 -0.00205950 0.06274583 0.70588235 0.70588235 0.70588235
v 0.01269999 -0.00205950 0.05991740 0.70588235 0.70588235 0.70588235
v 0.01269999 -0.02590425 0.07023455 0.70588235 0.70588235 0.70588235
v 0.01269999 -0.02744241 0.07023455 0.70588235 0.70588235 0.70588235
v 0.01269999 -0.02590425 0.06918013 0.70588235 0.70588235 0.70588235
v 0.01270000 -0.02718717 0.06979793 0.70588235 0.70588235 0.70588235
v 0.01269999 -0.03194754 0.06423222 0.70588235 0.70588235 0.70588235
v 0.01269999 -0.02744241 0.06423222 0.70588235 0.70588235 0.70588235
v 0.01270001 -0.02744241 0.06511116 0.70588235 0.70588235 0.70588235
v 0.01270000 -0.02590425 0.06450750 0.70588235 0.70588235 0.70588235
v 0.01269999 -0.02590425 0.06423222 0.70588235 0.70588235 0.70588235
v 0.01269999 -0.02520283 0.06423222 0.70588235 0.70588235 0.70588235
v 0.01270000 -0.02590425 0.06235899 0.70588235 0.70588235 0.70588235
v 0.01270000 -0.01089147 0.05861566 0.70588235 0.70588235 0.70588235
v 0.01270000 -0.01636599 0.05861566 0.70588235 0.70588235 0.70588235
v 0.01269999 -0.01281592 0.05722242 0.70588235 0.70588235 0.70588235
v 0.01269999 -0.00205950 0.05514951 0.70588235 0.70588235 0.70588235
v 0.01270000 -0.00205950 0.05066575 0.70588235 0.70588235 0.70588235
v 0.01270000 -0.00205950 0.05300099 0.70588235 0.70588235 0.70588235
v 0.01269999 -0.00734139 0.05722242 0.70588235 0.70588235 0.70588235
v 0.01269999 -0.02744241 0.06296265 0.70588235 0.70588235 0.70588235
v 0.01270000 -0.02858035 0.06340924 0.70588235 0.70588235 0.70588235
v 0.01270000 -0.02943464 0.05910953 0.70588235 0.70588235 0.70588235
v 0.01270000 -0.03194754 0.05861566 0.70588235 0.70588235 0.70588235
v 0.01270000 -0.02783349 0.05861566 0.70588235 0.70588235 0.70588235
v 0.01269999 -0.03194754 0.05722242 0.70588235 0.70588235 0.70588235
v 0.01269999 -0.02744241 0.05722242 0.70588235 0.70588235 0.70588235
v 0.01269999 -0.02590425 0.05592761 0.70588235 0.70588235 0.70588235
v 0.01269999 -0.02590425 0.05722242 0.70588235 0.70588235 0.70588235
v 0.01270000 -0.02744241 0.05849502 0.70588235 0.70588235 0.70588235
v 0.01270000 -0.02744241 0.05218931 0.70588235 0.70588235 0.70588235
v 0.01270000 -0.03055160 0.05289893 0.70588235 0.70588235 0.70588235
v 0.01269999 -0.03087835 0.05092207 0.70588235 0.70588235 0.70588235
v 0.01270000 -0.02980544 0.05713092 0.70588235 0.70588235 0.70588235
v 0.01269999 -0.02744241 0.05013788 0.70588235 0.70588235 0.70588235
v 0.01269999 -0.02590425 0.04978681 0.70588235 0.70588235 0.70588235
v 0.01270000 -0.02590425 0.05183824 0.70588235 0.70588235 0.70588235
v 0.01269999 -0.02040149 0.04853088 0.70588235 0.70588235 0.70588235
v 0.01269999 -0.01141325 0.04853088 0.70588235 0.70588235 0.70588235
v 0.01270000 -0.00742590 0.04556941 0.70588235 0.70588235 0.70588235
v 0.01270000 -0.00205950 0.04639604 0.70588235 0.70588235 0.70588235
v 0.01269999 -0.00205950 0.04853088 0.70588235 0.70588235 0.70588235
v 0.01269999 -0.00205950 0.04857277 0.70588235 0.70588235 0.70588235
v 0.01269999 -0.02331653 0.05722242 0.70588235 0.70588235 0.70588235
v 0.01270000 -0.02590425 0.05802057 0.70588235 0.70588235 0.70588235
v 0.01270000 -0.00205950 0.04228125 0.70588235 0.70588235 0.70588235
v 0.01270000 -0.00205950 0.04434461 0.70588235 0.70588235 0.70588235
v 0.01269999 -0.03194754 0.04853088 0.70588235 0.70588235 0.70588235
v 0.01270000 -0.03152667 0.04672254 0.70588235 0.70588235 0.70588235
v 0.01270000 -0.03194754 0.04556941 0.70588235 0.70588235 0.70588235
v 0.01270000 -0.02744241 0.04610696 0.70588235 0.70588235 0.70588235
v 0.01270000 -0.00205950 0.03826959 0.70588235 0.70588235 0.70588235
v 0.01270000 -0.00205950 0.04025867 0.70588235 0.70588235 0.70588235
v 0.01270000 -0.00311217 0.04041733 0.70588235 0.70588235 0.70588235
v 0.01270001 -0.02590425 0.04385254 0.70588235 0.70588235 0.70588235
v 0.01270000 -0.02387585 0.04556941 0.70588235 0.70588235 0.70588235
v 0.01270000 -0.02590425 0.04556941 0.70588235 0.70588235 0.70588235
v 0.01270000 -0.02744241 0.04556941 0.70588235 0.70588235 0.70588235
v 0.01270000 -0.02744241 0.04408437 0.70588235 0.70588235 0.70588235
v 0.01270000 -0.02590425 0.04587514 0.70588235 0.70588235 0.70588235
v 0.01270001 -0.03181079 0.04474278 0.70588235 0.70588235 0.70588235
v 0.01270000 -0.03194754 0.04050930 0.70588235 0.70588235 0.70588235
v 0.01269999 -0.03236841 0.04054084 0.70588235 0.70588235 0.70588235
v 0.01270000 -0.03272508 0.04041733 0.70588235 0.70588235 0.70588235
v 0.01270000 -0.03272508 0.04556941 0.70588235 0.70588235 0.70588235
v 0.01270000 -0.03194754 0.04041733 0.70588235 0.70588235 0.70588235
v 0.01270001 -0.03194754 0.03850370 0.70588235 0.70588235 0.70588235
v 0.01270000 -0.03072010 0.04041733 0.70588235 0.70588235 0.70588235
v 0.01269999 -0.02744241 0.03816609 0.70588235 0.70588235 0.70588235
v 0.01270000 -0.02744241 0.04017169 0.70588235 0.70588235 0.70588235
v 0.01270000 -0.02590425 0.03805082 0.70588235 0.70588235 0.70588235
v 0.01270001 -0.02590425 0.04005644 0.70588235 0.70588235 0.70588235
v 0.01269999 -0.00243006 0.03629175 0.70588235 0.70588235 0.70588235
v 0.01269999 -0.00205950 0.03431390 0.70588235 0.70588235 0.70588235
v 0.01270000 -0.00205950 0.03626397 0.70588235 0.70588235 0.70588235
v 0.01270000 -0.03261070 0.03855339 0.70588235 0.70588235 0.70588235
v 0.01270000 -0.03355750 0.02931391 0.70588235 0.70588235 0.70588235
v 0.01269999 -0.03317064 0.02781390 0.70588235 0.70588235 0.70588235
v 0.01269999 -0.03317064 0.05722242 0.70588235 0.70588235 0.70588235
v 0.01270000 -0.03317064 0.05861566 0.70588235 0.70588235 0.70588235
v 0.01269999 -0.03317064 0.06423222 0.70588235 0.70588235 0.70588235
v 0.01270000 -0.03317064 0.02081391 0.70588235 0.70588235 0.70588235
v 0.01270000 -0.03317064 0.04041733 0.70588235 0.70588235 0.70588235
v 0.01270000 -0.03317064 0.04556941 0.70588235 0.70588235 0.70588235
v 0.01269999 -0.03317064 0.04853088 0.70588235 0.70588235 0.70588235
v 0.01269999 -0.03272508 0.07023455 0.70588235 0.70588235 0.70588235
v 0.01269999 -0.03272508 0.06423222 0.70588235 0.70588235 0.70588235
v 0.01269999 -0.03194754 0.07023455 0.70588235 0.70588235 0.70588235
v 0.01270000 -0.02816343 0.06539412 0.70588235 0.70588235 0.70588235
v 0.01270000 -0.02744241 0.07662279 0.70588235 0.70588235 0.70588235
v 0.01269999 -0.02744241 0.07988236 0.70588235 0.70588235 0.70588235
v 0.01269999 -0.02590425 0.07988236 0.70588235 0.70588235 0.70588235
v 0.01269999 -0.02590425 0.02781390 0.70588235 0.70588235 0.70588235
v 0.01270000 -0.02590425 0.02081391 0.70588235 0.70588235 0.70588235
v 0.01269999 -0.03272508 0.04853088 0.70588235 0.70588235 0.70588235
v 0.01269999 -0.03272508 0.05722242 0.70588235 0.70588235 0.70588235
v 0.01270000 -0.03272508 0.05861566 0.70588235 0.70588235 0.70588235
v 0.01269999 -0.03308177 0.03431390 0.70588235 0.70588235 0.70588235
v 0.01269999 -0.03272508 0.03431390 0.70588235 0.70588235 0.70588235
v 0.01270000 -0.03272508 0.03231390 0.70588235 0.70588235 0.70588235
v 0.01269999 -0.03194754 0.03431390 0.70588235 0.70588235 0.70588235
v 0.01270000 -0.03194754 0.03231390 0.70588235 0.70588235 0.70588235
v 0.01269999 -0.02744241 0.03431390 0.70588235 0.70588235 0.70588235
v 0.01270000 -0.02744241 0.03231390 0.70588235 0.70588235 0.70588235
v 0.01269999 -0.02590425 0.03431390 0.70588235 0.70588235 0.70588235
v 0.01270000 -0.02590425 0.03231390 0.70588235 0.70588235 0.70588235
v 0.01270000 -0.00205950 0.03231390 0.70588235 0.70588235 0.70588235
v 0.01270000 -0.00205950 0.02931391 0.70588235 0.70588235 0.70588235
v 0.01270000 -0.02590425 0.02931391 0.70588235 0.70588235 0.70588235
v 0.01269999 -0.02744241 0.02781390 0.70588235 0.70588235 0.70588235
v 0.01270000 -0.02744241 0.02931391 0.70588235 0.70588235 0.70588235
v 0.01269999 -0.03194754 0.02781390 0.70588235 0.70588235 0.70588235
v 0.01270000 -0.03194754 0.02931391 0.70588235 0.70588235 0.70588235
v 0.01269999 -0.03272508 0.02781390 0.70588235 0.70588235 0.70588235
v 0.01270000 -0.03272508 0.02931391 0.70588235 0.70588235 0.70588235
v 0.01270000 -0.03317064 0.02931391 0.70588235 0.70588235 0.70588235
v 0.01270000 -0.00205950 0.06825062 0.70588235 0.70588235 0.70588235
v 0.01269999 -0.00496954 0.07023455 0.70588235 0.70588235 0.70588235
v 0.01270000 -0.01433980 0.07662279 0.70588235 0.70588235 0.70588235
v 0.01270000 -0.01078930 0.07662279 0.70588235 0.70588235 0.70588235
v 0.01269999 -0.01912093 0.07988236 0.70588235 0.70588235 0.70588235
v 0.01269999 -0.02380842 0.08307808 0.70588235 0.70588235 0.70588235
v 0.01270000 -0.02590425 0.07139994 0.70588235 0.70588235 0.70588235
v 0.01269999 -0.02348422 0.07023455 0.70588235 0.70588235 0.70588235
v 0.01269999 -0.01101971 0.06423222 0.70588235 0.70588235 0.70588235
v 0.01269999 -0.01562940 0.06423222 0.70588235 0.70588235 0.70588235
v 0.01270000 -0.00396597 0.05861566 0.70588235 0.70588235 0.70588235
v 0.01269999 -0.00205950 0.05769759 0.70588235 0.70588235 0.70588235
v 0.01269999 -0.00205950 0.05722242 0.70588235 0.70588235 0.70588235
v 0.01270000 -0.03272508 0.02081391 0.70588235 0.70588235 0.70588235
v 0.01270000 -0.03194754 0.02081391 0.70588235 0.70588235 0.70588235
v 0.01270000 -0.02744241 0.02081391 0.70588235 0.70588235 0.70588235
f 1 2 3
f 1 3 4
f 5 6 1
f 6 7 1
f 1 7 2
f 8 9 5
f 9 10 5
f 5 10 6
f 11 12 8
f 12 13 8
f 8 13 9
f 8 14 11
f 14 15 11
f 11 15 16
f 15 17 16
f 16 17 18
f 17 19 18
f 18 19 20
f 19 21 20
f 20 21 22
f 21 23 22
f 22 23 24
f 23 25 24
f 24 25 26
f 25 27 26
f 26 27 28
f 27 29 28
f 28 29 30
f 31 32 33
f 33 34 31
f 34 35 31
f 31 35 29
f 35 36 29
f 29 36 30
f 37 38 39
f 38 40 39
f 39 40 32
f 40 41 32
f 32 41 33
f 42 43 37
f 43 44 37
f 37 44 38
f 45 46 47
f 46 48 47
f 47 48 49
f 48 50 49
f 49 50 51
f 50 52 51
f 51 52 53
f 52 54 53
f 53 54 55
f 54 56 55
f 55 56 57
f 56 58 57
f 57 58 59
f 58 60 59
f 59 60 61
f 60 62 61
f 61 62 63
f 62 64 63
f 63 64 42
f 64 65 42
f 42 65 43
f 66 67 45
f 67 68 45
f 45 68 46
f 3 69 4
f 69 70 4
f 4 70 66
f 70 71 66
f 66 71 67
f 72 73 74
f 73 75 74
f 74 75 76
f 75 77 76
f 76 77 78
f 77 79 78
f 78 79 80
f 79 81 80
f 80 81 82
f 81 83 82
f 82 83 84
f 83 85 84
f 84 85 86
f 85 87 86
f 86 87 88
f 87 89 88
f 88 89 90
f 89 91 90
f 90 91 92
f 91 93 92
f 92 93 94
f 93 95 94
f 94 95 96
f 95 97 96
f 96 97 98
f 97 99 98
f 98 99 100
f 99 101 100
f 100 101 102
f 101 103 102
f 102 103 104
f 103 105 104
f 104 105 106
f 105 107 106
f 106 107 108
f 107 109 108
f 108 109 110
f 109 111 110
f 110 111 112
f 111 113 112
f 112 113 114
f 113 115 114
f 114 115 116
f 115 117 116
f 116 117 118
f 117 119 118
f 118 119 120
f 119 121 120
f 120 121 122
f 121 123 122
f 122 123 124
f 123 125 124
f 124 125 126
f 125 127 126
f 126 127 128
f 127 129 128
f 128 129 130
f 129 72 130
f 130 72 74
f 131 132 133
f 131 133 134
f 135 136 131
f 136 137 131
f 131 137 132
f 138 139 135
f 139 140 135
f 135 140 136
f 141 142 138
f 142 143 138
f 138 143 139
f 138 144 141
f 144 145 141
f 141 145 146
f 145 147 146
f 146 147 148
f 147 149 148
f 148 149 150
f 149 151 150
f 150 151 152
f 151 153 152
f 152 153 154
f 153 155 154
f 154 155 156
f 155 157 156
f 156 157 158
f 157 159 158
f 158 159 160
f 161 162 163
f 163 164 161
f 164 165 161
f 161 165 159
f 165 166 159
f 159 166 160
f 167 168 169
f 168 170 169
f 169 170 162
f 170 171 162
f 162 171 163
f 172 173 167
f 173 174 167
f 167 174 168
f 175 176 177
f 176 178 177
f 177 178 179
f 178 180 179
f 179 180 181
f 180 182 181
f 181 182 183
f 182 184 183
f 183 184 185
f 184 186 185
f 185 186 187
f 186 188 187
f 187 188 189
f 188 190 189
f 189 190 191
f 190 192 191
f 191 192 193
f 192 194 193
f 193 194 172
f 194 195 172
f 172 195 173
f 196 197 175
f 197 198 175
f 175 198 176
f 133 199 134
f 199 200 134
f 134 200 196
f 200 201 196
f 196 201 197
f 202 203 204
f 203 205 204
f 204 205 206
f 205 207 206
f 206 207 208
f 207 209 208
f 208 209 210
f 209 211 210
f 210 211 212
f 211 213 212
f 212 213 214
f 213 215 214
f 214 215 216
f 215 217 216
f 216 217 218
f 217 219 218
f 218 219 220
f 219 221 220
f 220 221 222
f 221 223 222
f 222 223 224
f 223 225 224
f 224 225 226
f 225 227 226
f 226 227 228
f 227 229 228
f 228 229 230
f 229 231 230
f 230 231 232
f 231 233 232
f 232 233 234
f 233 235 234
f 234 235 236
f 235 237 236
f 236 237 238
f 237 239 238
f 238 239 240
f 239 241 240
f 240 241 242
f 241 243 242
f 242 243 244
f 243 245 244
f 244 245 246
f 245 247 246
f 246 247 248
f 247 249 248
f 248 249 250
f 249 251 250
f 250 251 252
f 251 253 252
f 252 253 254
f 253 255 254
f 254 255 256
f 255 257 256
f 256 257 258
f 257 259 258
f 258 259 260
f 259 202 260
f 260 202 204
f 261 262 263
f 262 264 263
f 263 264 265
f 264 266 265
f 265 266 267
f 266 268 267
f 267 268 269
f 268 270 269
f 269 270 271
f 270 272 271
f 271 272 273
f 272 274 273
f 273 274 275
f 274 276 275
f 275 276 277
f 276 278 277
f 277 278 279
f 278 280 279
f 279 280 281
f 280 282 281
f 281 282 283
f 282 284 283
f 283 284 285
f 284 286 285
f 285 286 287
f 286 288 287
f 287 288 289
f 288 290 289
f 289 290 291
f 290 292 291
f 291 292 293
f 292 294 293
f 293 294 295
f 294 296 295
f 295 296 297
f 296 298 297
f 297 298 299
f 298 300 299
f 299 300 301
f 300 302 301
f 301 302 303
f 302 304 303
f 303 304 305
f 304 306 305
f 305 306 307
f 306 308 307
f 307 308 309
f 308 310 309
f 309 310 311
f 310 312 311
f 311 312 313
f 312 314 313
f 313 314 315
f 314 316 315
f 315 316 317
f 316 318 317
f 317 318 319
f 318 261 319
f 319 261 263
f 320 321 322
f 321 323 322
f 322 323 324
f 323 325 324
f 324 325 326
f 325 327 326
f 326 327 328
f 327 329 328
f 328 329 330
f 329 331 330
f 330 331 332
f 331 333 332
f 332 333 334
f 333 335 334
f 334 335 336
f 335 337 336
f 336 337 338
f 337 339 338
f 338 339 340
f 339 341 340
f 340 341 342
f 341 343 342
f 342 343 344
f 343 345 344
f 344 345 346
f 345 347 346
f 346 347 348
f 347 349 348
f 348 349 350
f 349 351 350
f 350 351 352
f 351 353 352
f 352 353 354
f 353 355 354
f 354 355 356
f 355 357 356
f 356 357 358
f 357 359 358
f 358 359 360
f 359 361 360
f 360 361 362
f 361 363 362
f 362 363 364
f 363 365 364
f 364 365 366
f 365 367 366
f 366 367 368
f 367 369 368
f 368 369 370
f 369 371 370
f 370 371 372
f 371 373 372
f 372 373 374
f 373 375 374
f 374 375 376
f 375 377 376
f 376 377 378
f 377 320 378
f 378 320 322
f 379 380 381
f 380 382 381
f 381 382 383
f 382 384 383
f 383 384 385
f 384 386 385
f 385 386 387
f 386 388 387
f 387 388 389
f 388 390 389
f 389 390 391
f 390 392 391
f 391 392 393
f 392 394 393
f 393 394 395
f 394 396 395
f 395 396 397
f 396 398 397
f 397 398 399
f 398 400 399
f 399 400 401
f 400 402 401
f 401 402 403
f 402 404 403
f 403 404 405
f 404 406 405
f 405 406 407
f 406 408 407
f 407 408 409
f 408 410 409
f 409 410 411
f 410 412 411
f 411 412 413
f 412 414 413
f 413 414 415
f 414 416 415
f 415 416 417
f 416 418 417
f 417 418 419
f 418 420 419
f 419 420 421
f 420 422 421
f 421 422 423
f 422 424 423
f 423 424 425
f 424 426 425
f 425 426 427
f 426 428 427
f 427 428 429
f 428 430 429
f 429 430 431
f 430 432 431
f 431 432 433
f 432 434 433
f 433 434 435
f 434 436 435
f 435 436 437
f 436 379 437
f 437 379 381
f 438 439 440
f 439 441 440
f 440 441 442
f 441 443 442
f 442 443 444
f 443 445 444
f 444 445 446
f 445 447 446
f 446 447 448
f 447 449 448
f 448 449 450
f 449 451 450
f 450 451 452
f 451 453 452
f 452 453 454
f 453 455 454
f 454 455 456
f 455 457 456
f 456 457 458
f 457 459 458
f 458 459 460
f 459 461 460
f 460 461 462
f 461 463 462
f 462 463 464
f 463 465 464
f 464 465 466
f 465 467 466
f 466 467 468
f 467 469 468
f 468 469 470
f 469 471 470
f 470 471 472
f 471 473 472
f 472 473 474
f 473 475 474
f 474 475 476
f 475 477 476
f 476 477 478
f 477 479 478
f 478 479 480
f 479 481 480
f 480 481 482
f 481 483 482
f 482 483 484
f 483 485 484
f 484 485 486
f 485 487 486
f 486 487 488
f 487 489 488
f 488 489 490
f 489 491 490
f 490 491 492
f 491 493 492
f 492 493 494
f 493 495 494
f 494 495 438
f 495 439 438
f 496 497 498
f 497 499 498
f 498 499 500
f 499 501 500
f 500 501 502
f 501 503 502
f 502 503 504
f 503 505 504
f 504 505 506
f 505 507 506
f 506 507 508
f 507 509 508
f 508 509 510
f 509 511 510
f 510 511 512
f 511 513 512
f 512 513 514
f 513 515 514
f 514 515 516
f 515 517 516
f 516 517 518
f 517 519 518
f 518 519 520
f 519 521 520
f 520 521 522
f 521 523 522
f 522 523 524
f 523 525 524
f 524 525 526
f 525 527 526
f 526 527 528
f 527 529 528
f 528 529 530
f 529 531 530
f 530 531 532
f 531 533 532
f 532 533 534
f 533 535 534
f 534 535 536
f 535 537 536
f 536 537 538
f 537 539 538
f 538 539 540
f 539 541 540
f 540 541 542
f 541 543 542
f 542 543 544
f 543 545 544
f 544 545 546
f 545 547 546
f 546 547 548
f 547 549 548
f 548 549 550
f 549 551 550
f 550 551 552
f 551 553 552
f 552 553 554
f 553 555 554
f 554 555 496
f 555 497 496
f 556 557 558
f 557 559 558
f 558 559 560
f 559 561 560
f 560 561 562
f 561 563 562
f 562 563 564
f 563 565 564
f 564 565 566
f 565 567 566
f 566 567 568
f 567 569 568
f 568 569 570
f 569 571 570
f 570 571 572
f 571 573 572
f 572 573 574
f 573 575 574
f 574 575 576
f 575 577 576
f 576 577 578
f 577 579 578
f 578 579 580
f 579 581 580
f 580 581 582
f 581 583 582
f 582 583 584
f 583 585 584
f 584 585 586
f 585 587 586
f 586 587 588
f 587 589 588
f 588 589 590
f 589 591 590
f 590 591 592
f 591 593 592
f 592 593 594
f 593 595 594
f 594 595 596
f 595 597 596
f 596 597 598
f 597 599 598
f 598 599 600
f 599 601 600
f 600 601 602
f 601 603 602
f 602 603 604
f 603 605 604
f 604 605 606
f 605 607 606
f 606 607 608
f 607 609 608
f 608 609 610
f 609 611 610
f 610 611 612
f 611 613 612
f 612 613 556
f 613 557 556
f 614 615 616
f 615 617 616
f 616 617 618
f 617 619 618
f 618 619 620
f 619 621 620
f 620 621 622
f 621 623 622
f 622 623 624
f 623 625 624
f 624 625 626
f 625 627 626
f 626 627 628
f 627 629 628
f 628 629 630
f 629 631 630
f 630 631 632
f 631 633 632
f 632 633 634
f 633 635 634
f 634 635 636
f 635 637 636
f 636 637 638
f 637 639 638
f 638 639 640
f 639 641 640
f 640 641 642
f 641 643 642
f 642 643 644
f 643 645 644
f 644 645 646
f 645 647 646
f 646 647 648
f 647 649 648
f 648 649 650
f 649 651 650
f 650 651 652
f 651 653 652
f 652 653 654
f 653 655 654
f 654 655 656
f 655 657 656
f 656 657 658
f 657 659 658
f 658 659 660
f 659 661 660
f 660 661 662
f 661 663 662
f 662 663 664
f 663 665 664
f 664 665 666
f 665 667 666
f 666 667 668
f 667 669 668
f 668 669 670
f 669 671 670
f 670 671 672
f 671 673 672
f 672 673 614
f 673 615 614
f 674 675 676
f 675 677 676
f 676 677 678
f 677 679 678
f 678 679 680
f 679 681 680
f 680 681 682
f 681 683 682
f 682 683 684
f 683 685 684
f 684 685 686
f 685 687 686
f 686 687 688
f 687 689 688
f 688 689 690
f 689 691 690
f 690 691 692
f 691 693 692
f 692 693 694
f 693 695 694
f 694 695 696
f 695 697 696
f 696 697 698
f 697 699 698
f 698 699 700
f 699 701 700
f 700 701 702
f 701 703 702
f 702 703 704
f 703 705 704
f 704 705 706
f 705 707 706
f 706 707 708
f 707 709 708
f 708 709 710
f 709 711 710
f 710 711 712
f 711 713 712
f 712 713 714
f 713 715 714
f 714 715 716
f 715 717 716
f 716 717 718
f 717 719 718
f 718 719 720
f 719 721 720
f 720 721 722
f 721 723 722
f 722 723 724
f 723 725 724
f 724 725 726
f 725 727 726
f 726 727 728
f 727 729 728
f 728 729 730
f 729 731 730
f 730 731 674
f 731 675 674
f 732 733 734
f 733 735 734
f 734 735 736
f 735 737 736
f 736 737 738
f 737 739 738
f 738 739 740
f 739 741 740
f 740 741 742
f 741 743 742
f 742 743 744
f 743 745 744
f 744 745 746
f 745 747 746
f 746 747 748
f 747 749 748
f 748 749 750
f 749 751 750
f 750 751 752
f 751 753 752
f 752 753 754
f 753 755 754
f 754 755 756
f 755 757 756
f 756 757 758
f 757 759 758
f 758 759 760
f 759 761 760
f 760 761 762
f 761 763 762
f 762 763 764
f 763 765 764
f 764 765 766
f 765 767 766
f 766 767 768
f 767 769 768
f 768 769 770
f 769 771 770
f 770 771 772
f 771 773 772
f 772 773 774
f 773 775 774
f 774 775 776
f 775 777 776
f 776 777 778
f 777 779 778
f 778 779 780
f 779 781 780
f 780 781 782
f 781 783 782
f 782 783 784
f 783 785 784
f 784 785 786
f 785 787 786
f 786 787 788
f 787 789 788
f 788 789 790
f 789 791 790
f 790 791 732
f 791 733 732
f 792 793 794
f 793 795 794
f 794 795 796
f 795 797 796
f 798 799 800
f 799 801 800
f 89 87 801
f 802 253 251
f 87 85 801
f 85 83 801
f 801 83 81
f 81 79 801
f 79 77 801
f 801 77 803
f 77 75 803
f 803 75 804
f 75 73 804
f 804 73 72
f 72 129 804
f 129 127 804
f 804 127 805
f 127 125 805
f 805 125 123
f 217 801 219
f 801 799 219
f 219 799 221
f 205 117 115
f 123 121 805
f 121 119 805
f 805 119 117
f 115 113 205
f 113 111 205
f 205 111 109
f 205 203 117
f 203 202 117
f 117 202 805
f 202 259 805
f 805 259 257
f 802 806 253
f 806 805 253
f 253 805 255
f 805 257 255
f 251 249 802
f 249 247 802
f 802 247 245
f 227 799 229
f 799 231 229
f 217 215 103
f 215 213 103
f 103 213 211
f 103 101 217
f 101 99 217
f 217 99 97
f 239 807 241
f 807 802 241
f 241 802 243
f 802 245 243
f 239 237 807
f 237 235 807
f 807 235 799
f 235 233 799
f 799 233 231
f 227 225 799
f 225 223 799
f 799 223 221
f 97 95 217
f 95 93 217
f 217 93 801
f 93 91 801
f 801 91 89
f 109 107 205
f 107 105 205
f 205 105 207
f 105 103 207
f 207 103 209
f 103 211 209
f 613 611 808
f 611 609 808
f 808 609 607
f 809 731 808
f 731 729 808
f 808 729 727
f 727 725 808
f 725 723 808
f 808 723 721
f 693 691 810
f 681 679 811
f 607 605 808
f 605 603 808
f 808 603 812
f 603 601 812
f 812 601 599
f 489 487 813
f 487 485 813
f 813 485 483
f 457 455 814
f 701 699 815
f 599 597 812
f 597 595 812
f 812 595 813
f 595 593 813
f 813 593 591
f 489 813 491
f 813 591 491
f 491 591 493
f 709 573 711
f 573 713 711
f 815 699 816
f 810 691 817
f 811 679 818
f 679 677 818
f 818 677 809
f 677 675 809
f 809 675 731
f 481 819 483
f 819 820 483
f 483 820 813
f 814 455 709
f 721 559 808
f 559 557 808
f 808 557 613
f 455 453 709
f 453 451 709
f 709 451 449
f 719 717 573
f 717 715 573
f 573 715 713
f 709 707 814
f 707 705 814
f 814 705 815
f 705 703 815
f 815 703 701
f 693 810 695
f 810 821 695
f 695 821 697
f 821 822 697
f 697 822 699
f 822 823 699
f 699 823 816
f 691 689 817
f 689 687 817
f 817 687 824
f 687 685 824
f 479 477 793
f 477 475 793
f 793 475 473
f 457 814 459
f 814 825 459
f 459 825 461
f 573 571 719
f 571 569 719
f 719 569 721
f 569 567 721
f 721 567 565
f 565 563 721
f 563 561 721
f 721 561 559
f 826 827 481
f 577 443 579
f 443 581 579
f 811 828 681
f 828 829 681
f 681 829 683
f 829 830 683
f 683 830 685
f 830 831 685
f 685 831 824
f 827 832 481
f 832 833 481
f 481 833 819
f 473 471 793
f 471 469 793
f 793 469 795
f 469 467 795
f 577 575 443
f 575 573 443
f 443 573 445
f 573 709 445
f 445 709 447
f 709 449 447
f 479 793 481
f 793 834 481
f 481 834 826
f 493 591 495
f 591 589 495
f 495 589 439
f 589 587 439
f 439 587 441
f 587 585 441
f 441 585 443
f 585 583 443
f 443 583 581
f 467 465 795
f 465 463 795
f 795 463 835
f 463 461 835
f 835 461 836
f 461 825 836
f 837 809 838
f 809 808 838
f 838 808 839
f 808 840 839
f 839 840 841
f 840 842 841
f 843 844 845
f 844 846 845
f 845 846 847
f 846 848 847
f 849 850 851
f 846 852 853
f 852 854 853
f 854 855 853
f 853 855 856
f 857 858 851
f 858 859 851
f 857 851 860
f 851 861 860
f 860 861 840
f 861 862 840
f 840 862 863
f 842 840 864
f 840 863 864
f 864 863 865
f 863 866 865
f 842 864 867
f 864 868 867
f 867 868 869
f 870 871 868
f 872 853 873
f 853 856 873
f 873 856 874
f 856 875 874
f 851 850 876
f 850 872 876
f 876 872 866
f 872 873 866
f 866 873 865
f 859 877 851
f 877 878 851
f 851 878 849
f 878 879 849
f 849 879 880
f 880 881 849
f 881 848 849
f 849 848 882
f 848 846 882
f 882 846 883
f 846 853 883
f 871 884 868
f 884 885 868
f 868 885 869
f 875 886 874
f 886 887 874
f 874 887 888
f 888 889 874
f 889 890 874
f 874 890 891
f 890 892 891
f 891 892 868
f 892 893 868
f 868 893 870
f 894 895 817
f 895 810 817
f 896 897 815
f 897 814 815
f 735 733 896
f 547 545 898
f 513 511 896
f 896 511 897
f 537 535 838
f 501 499 797
f 499 497 797
f 797 497 796
f 497 555 796
f 545 543 898
f 543 541 898
f 898 541 838
f 541 539 838
f 838 539 537
f 673 671 531
f 629 627 779
f 555 553 796
f 553 551 796
f 796 551 898
f 551 549 898
f 898 549 547
f 531 671 533
f 659 657 838
f 657 655 838
f 838 655 653
f 653 651 838
f 651 649 838
f 838 649 647
f 899 505 797
f 505 503 797
f 797 503 501
f 511 509 897
f 509 507 897
f 897 507 900
f 507 505 900
f 900 505 901
f 505 899 901
f 639 637 837
f 637 635 837
f 837 635 633
f 519 517 896
f 517 515 896
f 896 515 513
f 749 747 894
f 533 671 535
f 671 669 535
f 535 669 667
f 667 665 535
f 665 663 535
f 535 663 838
f 663 661 838
f 838 661 659
f 647 645 838
f 645 643 838
f 838 643 837
f 643 641 837
f 837 641 639
f 519 619 617
f 894 747 895
f 785 783 627
f 783 781 627
f 627 781 779
f 773 771 633
f 771 769 633
f 633 769 837
f 769 767 837
f 837 767 765
f 902 739 896
f 739 737 896
f 896 737 735
f 733 791 896
f 791 789 896
f 896 789 627
f 789 787 627
f 627 787 785
f 615 523 617
f 523 521 617
f 617 521 519
f 903 755 753
f 749 894 751
f 894 904 751
f 751 904 753
f 904 905 753
f 753 905 903
f 531 529 673
f 529 527 673
f 673 527 615
f 527 525 615
f 615 525 523
f 629 779 631
f 779 777 631
f 631 777 633
f 777 775 633
f 633 775 773
f 627 625 896
f 625 623 896
f 896 623 519
f 623 621 519
f 519 621 619
f 765 763 837
f 763 761 837
f 837 761 906
f 761 759 906
f 906 759 907
f 759 757 907
f 907 757 908
f 757 755 908
f 908 755 909
f 755 903 909
f 747 745 895
f 745 743 895
f 895 743 910
f 743 741 910
f 910 741 911
f 741 739 911
f 911 739 912
f 739 902 912
f 898 838 913
f 838 839 913
f 278 276 914
f 321 320 839
f 318 316 839
f 308 306 913
f 384 382 841
f 320 377 839
f 377 375 839
f 839 375 373
f 316 314 839
f 314 312 839
f 839 312 913
f 312 310 913
f 913 310 308
f 335 333 841
f 333 331 841
f 841 331 329
f 329 327 841
f 327 325 841
f 841 325 839
f 325 323 839
f 839 323 321
f 373 371 839
f 371 369 839
f 839 369 367
f 343 341 914
f 306 304 913
f 304 302 913
f 913 302 843
f 302 300 843
f 915 916 286
f 382 380 841
f 380 379 841
f 841 379 335
f 379 436 335
f 335 436 434
f 300 298 843
f 298 296 843
f 843 296 844
f 296 294 844
f 844 294 292
f 286 284 915
f 284 282 915
f 915 282 914
f 282 280 914
f 914 280 278
f 274 272 365
f 272 270 365
f 365 270 268
f 359 357 276
f 917 390 388
f 384 841 386
f 841 918 386
f 386 918 388
f 918 919 388
f 388 919 917
f 292 290 844
f 290 288 844
f 844 288 920
f 288 286 920
f 920 286 921
f 286 916 921
f 268 266 365
f 266 264 365
f 365 264 367
f 264 262 367
f 367 262 839
f 262 261 839
f 839 261 318
f 359 276 361
f 357 355 276
f 355 353 276
f 276 353 351
f 274 365 276
f 365 363 276
f 276 363 361
f 917 922 390
f 922 923 390
f 390 923 392
f 923 924 392
f 392 924 394
f 924 925 394
f 394 925 396
f 925 926 396
f 351 349 276
f 349 347 276
f 276 347 914
f 347 345 914
f 914 345 343
f 434 432 335
f 432 430 335
f 335 430 337
f 430 428 337
f 337 428 339
f 420 418 341
f 418 416 341
f 341 416 914
f 416 414 914
f 914 414 412
f 412 410 914
f 410 408 914
f 914 408 927
f 408 406 927
f 404 402 928
f 402 400 928
f 928 400 926
f 400 398 926
f 926 398 396
f 428 426 339
f 426 424 339
f 339 424 341
f 424 422 341
f 341 422 420
f 928 929 404
f 929 930 404
f 404 930 406
f 930 931 406
f 406 931 927
f 875 856 914
f 856 915 914
f 928 926 890
f 926 892 890
f 932 933 873
f 933 865 873
f 933 934 865
f 934 864 865
f 934 935 864
f 935 868 864
f 935 936 868
f 936 891 868
f 936 937 891
f 937 874 891
f 937 932 874
f 932 873 874
f 933 423 425
f 395 397 936
f 405 407 937
f 934 433 435
f 407 409 937
f 409 411 937
f 937 411 932
f 411 413 932
f 932 413 415
f 425 427 933
f 427 429 933
f 933 429 934
f 429 431 934
f 934 431 433
f 935 385 387
f 415 417 932
f 417 419 932
f 932 419 933
f 419 421 933
f 933 421 423
f 435 437 934
f 437 381 934
f 934 381 935
f 381 383 935
f 935 383 385
f 387 389 935
f 389 391 935
f 935 391 936
f 391 393 936
f 936 393 395
f 397 399 936
f 399 401 936
f 936 401 937
f 401 403 937
f 937 403 405
f 938 939 851
f 939 861 851
f 939 940 861
f 940 862 861
f 940 941 862
f 941 863 862
f 941 942 863
f 942 866 863
f 942 943 866
f 943 876 866
f 943 938 876
f 938 851 876
f 939 364 366
f 336 338 942
f 346 348 943
f 940 374 376
f 348 350 943
f 350 352 943
f 943 352 938
f 352 354 938
f 938 354 356
f 366 368 939
f 368 370 939
f 939 370 940
f 370 372 940
f 940 372 374
f 941 326 328
f 356 358 938
f 358 360 938
f 938 360 939
f 360 362 939
f 939 362 364
f 376 378 940
f 378 322 940
f 940 322 941
f 322 324 941
f 941 324 326
f 328 330 941
f 330 332 941
f 941 332 942
f 332 334 942
f 942 334 336
f 338 340 942
f 340 342 942
f 942 342 943
f 342 344 943
f 943 344 346
f 944 945 946
f 945 947 946
f 946 947 948
f 949 857 807
f 857 860 807
f 860 948 807
f 948 947 807
f 807 947 802
f 208 181 206
f 181 183 206
f 206 183 204
f 183 185 204
f 204 185 260
f 185 187 260
f 260 187 258
f 187 189 258
f 258 189 256
f 189 191 256
f 256 191 254
f 191 193 254
f 254 193 252
f 193 172 252
f 252 172 250
f 172 167 250
f 250 167 248
f 167 169 248
f 248 169 246
f 169 162 246
f 246 162 244
f 162 161 244
f 244 161 242
f 161 159 242
f 242 159 240
f 159 157 240
f 240 157 238
f 157 155 238
f 238 155 236
f 155 153 236
f 236 153 234
f 153 151 234
f 234 151 232
f 151 149 232
f 232 149 230
f 149 147 230
f 230 147 228
f 147 145 228
f 228 145 226
f 145 144 226
f 226 144 224
f 144 138 224
f 224 138 222
f 138 135 222
f 222 135 220
f 135 131 220
f 220 131 218
f 131 134 218
f 218 134 216
f 134 196 216
f 216 196 214
f 196 175 214
f 214 175 212
f 175 177 212
f 212 177 210
f 177 179 210
f 210 179 208
f 179 181 208
f 78 51 76
f 51 53 76
f 76 53 74
f 53 55 74
f 74 55 130
f 55 57 130
f 130 57 128
f 57 59 128
f 128 59 126
f 59 61 126
f 126 61 124
f 61 63 124
f 124 63 122
f 63 42 122
f 122 42 120
f 42 37 120
f 120 37 118
f 37 39 118
f 118 39 116
f 39 32 116
f 116 32 114
f 32 31 114
f 114 31 112
f 31 29 112
f 112 29 110
f 29 27 110
f 110 27 108
f 27 25 108
f 108 25 106
f 25 23 106
f 106 23 104
f 23 21 104
f 104 21 102
f 21 19 102
f 102 19 100
f 19 17 100
f 100 17 98
f 17 15 98
f 98 15 96
f 15 14 96
f 96 14 94
f 14 8 94
f 94 8 92
f 8 5 92
f 92 5 90
f 5 1 90
f 90 1 88
f 1 4 88
f 88 4 86
f 4 66 86
f 86 66 84
f 66 45 84
f 84 45 82
f 45 47 82
f 82 47 80
f 47 49 80
f 80 49 78
f 49 51 78
f 792 794 950
f 950 951 792
f 951 952 792
f 792 952 953
f 954 800 955
f 800 801 955
f 955 801 803
f 953 956 792
f 956 957 792
f 792 957 958
f 957 959 958
f 958 959 960
f 959 961 960
f 954 962 800
f 962 963 800
f 800 963 959
f 963 964 959
f 959 964 961
f 965 966 847
f 966 967 847
f 847 967 968
f 968 969 847
f 969 970 847
f 847 970 845
f 807 799 949
f 799 798 949
f 949 798 971
f 798 972 971
f 973 974 975
f 974 976 975
f 975 976 798
f 976 977 798
f 798 977 972
f 965 847 975
f 847 978 975
f 975 978 973
f 794 796 950
f 796 898 950
f 843 845 913
f 845 970 913
f 913 970 898
f 898 970 950
f 970 969 950
f 950 969 951
f 969 968 951
f 951 968 952
f 968 967 952
f 952 967 953
f 967 966 953
f 953 966 956
f 966 965 956
f 956 965 957
f 965 975 957
f 957 975 959
f 975 798 959
f 959 798 800
f 857 949 971
f 857 971 858
f 971 972 858
f 858 972 859
f 972 977 859
f 859 977 877
f 977 976 877
f 877 976 878
f 976 974 878
f 878 974 879
f 974 973 879
f 879 973 880
f 973 978 880
f 880 978 881
f 978 847 881
f 881 847 848
f 955 813 820
f 955 820 954
f 820 819 954
f 954 819 962
f 819 833 962
f 962 833 963
f 833 832 963
f 963 832 964
f 832 827 964
f 964 827 961
f 827 826 961
f 961 826 960
f 826 834 960
f 960 834 958
f 834 793 958
f 958 793 792
f 805 806 979
f 806 980 979
f 944 980 945
f 980 806 945
f 980 944 981
f 944 946 981
f 945 806 947
f 806 802 947
f 982 979 983
f 979 984 983
f 979 982 805
f 982 985 805
f 805 985 804
f 985 986 804
f 985 982 986
f 982 983 986
f 986 983 987
f 986 987 812
f 804 986 803
f 986 812 803
f 803 812 955
f 812 813 955
f 979 980 984
f 980 981 984
f 48 46 808
f 46 68 808
f 808 176 198
f 154 156 860
f 156 158 860
f 860 158 948
f 137 136 840
f 68 67 808
f 67 71 808
f 808 71 70
f 70 69 808
f 69 3 808
f 808 3 2
f 171 170 981
f 198 197 808
f 197 201 808
f 808 201 200
f 38 44 987
f 44 43 987
f 987 43 65
f 987 60 812
f 60 58 812
f 812 58 56
f 200 199 808
f 199 133 808
f 808 133 840
f 133 132 840
f 840 132 137
f 136 140 840
f 140 139 840
f 840 139 143
f 65 64 987
f 64 62 987
f 987 62 60
f 170 168 981
f 168 174 981
f 981 174 984
f 174 173 984
f 984 173 195
f 987 983 38
f 983 984 38
f 38 984 40
f 984 41 40
f 143 142 840
f 142 141 840
f 840 141 146
f 146 148 840
f 148 150 840
f 840 150 860
f 150 152 860
f 860 152 154
f 195 194 984
f 194 192 984
f 984 192 190
f 10 176 6
f 176 808 6
f 6 808 7
f 808 2 7
f 56 54 812
f 54 52 812
f 812 52 808
f 52 50 808
f 808 50 48
f 946 164 981
f 164 163 981
f 981 163 171
f 36 35 190
f 35 34 190
f 190 34 984
f 34 33 984
f 984 33 41
f 10 9 176
f 9 13 176
f 176 13 12
f 158 160 948
f 160 166 948
f 948 166 946
f 166 165 946
f 946 165 164
f 12 11 176
f 11 16 176
f 176 16 178
f 16 18 178
f 178 18 180
f 18 20 180
f 180 20 182
f 20 22 182
f 182 22 184
f 22 24 184
f 184 24 186
f 24 26 186
f 186 26 188
f 26 28 188
f 188 28 190
f 28 30 190
f 190 30 36
f 797 795 835
f 797 835 899
f 835 836 899
f 899 836 901
f 836 825 901
f 901 825 900
f 825 814 900
f 900 814 897
f 846 844 920
f 846 920 852
f 920 921 852
f 852 921 854
f 921 916 854
f 854 916 855
f 916 915 855
f 855 915 856
f 892 926 925
f 892 925 893
f 925 924 893
f 893 924 870
f 924 923 870
f 870 923 871
f 923 922 871
f 871 922 884
f 922 917 884
f 884 917 885
f 917 919 885
f 885 919 869
f 919 918 869
f 869 918 867
f 918 841 867
f 867 841 842
f 896 815 816
f 896 816 902
f 816 823 902
f 902 823 912
f 823 822 912
f 912 822 911
f 822 821 911
f 911 821 910
f 821 810 910
f 910 810 895
f 894 817 824
f 894 824 904
f 824 831 904
f 904 831 905
f 831 830 905
f 905 830 903
f 830 829 903
f 903 829 909
f 829 828 909
f 909 828 908
f 828 811 908
f 908 811 907
f 811 818 907
f 907 818 906
f 818 809 906
f 906 809 837
f 875 914 927
f 875 927 886
f 927 931 886
f 886 931 887
f 931 930 887
f 887 930 888
f 930 929 888
f 888 929 889
f 929 928 889
f 889 928 890
f 492 532 490
f 532 534 490
f 490 534 488
f 488 534 486
f 534 536 486
f 486 536 484
f 536 538 484
f 484 538 482
f 538 540 482
f 540 542 482
f 482 542 480
f 542 544 480
f 480 544 478
f 478 544 476
f 544 546 476
f 476 546 474
f 500 502 460
f 502 504 460
f 460 504 458
f 504 506 458
f 458 506 456
f 506 508 456
f 456 508 454
f 508 510 454
f 454 510 452
f 510 512 452
f 452 512 450
f 512 514 450
f 450 514 448
f 514 516 448
f 448 516 446
f 516 518 446
f 446 518 444
f 518 520 444
f 444 520 442
f 520 522 442
f 442 522 440
f 522 524 440
f 440 524 438
f 524 526 438
f 438 526 494
f 526 528 494
f 494 528 492
f 528 530 492
f 492 530 532
f 546 548 474
f 548 550 474
f 474 550 472
f 550 552 472
f 472 552 470
f 552 554 470
f 470 554 468
f 554 496 468
f 468 496 466
f 496 498 466
f 466 498 464
f 498 500 464
f 464 500 462
f 500 460 462
f 608 652 606
f 652 654 606
f 606 654 604
f 654 656 604
f 604 656 602
f 656 600 602
f 634 636 562
f 636 638 562
f 562 638 560
f 638 640 560
f 560 640 558
f 640 642 558
f 558 642 556
f 642 644 556
f 556 644 612
f 644 646 612
f 612 646 610
f 646 648 610
f 610 648 608
f 648 650 608
f 608 650 652
f 656 658 600
f 658 660 600
f 600 660 598
f 660 662 598
f 598 662 596
f 662 594 596
f 618 620 578
f 578 620 576
f 578 580 618
f 580 582 618
f 618 582 616
f 582 584 616
f 616 584 614
f 584 586 614
f 614 586 672
f 586 588 672
f 672 588 670
f 588 590 670
f 670 590 668
f 590 592 668
f 668 592 666
f 592 594 666
f 666 594 664
f 594 662 664
f 562 564 634
f 564 566 634
f 634 566 632
f 566 568 632
f 632 568 630
f 568 570 630
f 630 570 628
f 570 572 628
f 628 572 626
f 572 574 626
f 626 574 624
f 574 576 624
f 624 576 622
f 576 620 622
f 726 770 724
f 770 772 724
f 724 772 722
f 772 774 722
f 722 774 720
f 774 718 720
f 752 754 680
f 754 756 680
f 680 756 678
f 756 758 678
f 678 758 676
f 758 760 676
f 676 760 674
f 760 762 674
f 674 762 730
f 762 764 730
f 730 764 728
f 764 766 728
f 728 766 726
f 766 768 726
f 726 768 770
f 774 776 718
f 776 778 718
f 718 778 716
f 778 780 716
f 716 780 714
f 780 712 714
f 736 738 696
f 696 738 694
f 696 698 736
f 698 700 736
f 736 700 734
f 700 702 734
f 734 702 732
f 702 704 732
f 732 704 790
f 704 706 790
f 790 706 788
f 706 708 788
f 788 708 786
f 708 710 786
f 786 710 784
f 710 712 784
f 784 712 782
f 712 780 782
f 680 682 752
f 682 684 752
f 752 684 750
f 684 686 750
f 750 686 748
f 686 688 748
f 748 688 746
f 688 690 746
f 746 690 744
f 690 692 744
f 744 692 742
f 692 694 742
f 742 694 740
f 694 738 740
f 988 305 307
f 307 309 988
f 309 311 988
f 988 311 989
f 277 279 990
f 287 289 991
f 289 291 991
f 291 293 991
f 991 293 992
f 293 295 992
f 992 295 297
f 297 299 992
f 299 301 992
f 992 301 988
f 301 303 988
f 988 303 305
f 993 273 990
f 273 275 990
f 990 275 277
f 311 313 989
f 313 315 989
f 989 315 317
f 317 319 989
f 319 263 989
f 989 263 993
f 263 265 993
f 993 265 267
f 279 281 990
f 281 283 990
f 990 283 991
f 283 285 991
f 991 285 287
f 267 269 993
f 269 271 993
f 993 271 273
f 989 993 850
f 993 872 850
f 988 989 849
f 989 850 849
f 992 988 882
f 988 849 882
f 991 992 883
f 992 882 883
f 990 991 853
f 991 883 853
f 993 990 872
f 990 853 872
f 994 995 996
f 995 997 996
f 996 997 998
f 997 999 998
f 998 999 1000
f 999 1001 1000
f 1000 1001 1002
f 1001 1003 1002
f 1002 1003 1004
f 1003 1005 1004
f 1004 1005 1006
f 1005 1007 1006
f 1006 1007 1008
f 1007 1009 1008
f 1008 1009 1010
f 1009 1011 1010
f 1010 1011 1012
f 1011 1013 1012
f 1012 1013 1014
f 1013 1015 1014
f 1014 1015 1016
f 1015 1017 1016
f 1016 1017 1018
f 1017 1019 1018
f 1018 1019 1020
f 1019 1021 1020
f 1020 1021 1022
f 1021 1023 1022
f 1022 1023 1024
f 1023 1025 1024
f 1024 1025 1026
f 1025 1027 1026
f 1026 1027 1028
f 1027 1029 1028
f 1028 1029 1030
f 1029 1031 1030
f 1030 1031 1032
f 1031 1033 1032
f 1032 1033 1034
f 1033 1035 1034
f 1034 1035 1036
f 1035 1037 1036
f 1036 1037 1038
f 1037 1039 1038
f 1038 1039 1040
f 1039 1041 1040
f 1040 1041 1042
f 1041 1043 1042
f 1042 1043 1044
f 1043 1045 1044
f 1044 1045 1046
f 1045 1047 1046
f 1046 1047 1048
f 1047 1049 1048
f 1048 1049 1050
f 1049 1051 1050
f 1050 1051 1052
f 1051 1053 1052
f 1052 1053 994
f 1053 995 994
f 1054 1055 1056
f 1055 1057 1056
f 1056 1057 1058
f 1057 1059 1058
f 1058 1059 1060
f 1059 1061 1060
f 1060 1061 1062
f 1061 1063 1062
f 1062 1063 1064
f 1063 1065 1064
f 1064 1065 1066
f 1065 1067 1066
f 1066 1067 1068
f 1067 1069 1068
f 1068 1069 1070
f 1069 1071 1070
f 1070 1071 1072
f 1071 1073 1072
f 1072 1073 1074
f 1073 1075 1074
f 1074 1075 1076
f 1075 1077 1076
f 1076 1077 1078
f 1077 1079 1078
f 1078 1079 1080
f 1079 1081 1080
f 1080 1081 1082
f 1081 1083 1082
f 1082 1083 1084
f 1083 1085 1084
f 1084 1085 1086
f 1085 1087 1086
f 1086 1087 1088
f 1087 1089 1088
f 1088 1089 1090
f 1089 1091 1090
f 1090 1091 1092
f 1091 1093 1092
f 1092 1093 1094
f 1093 1095 1094
f 1094 1095 1096
f 1095 1097 1096
f 1096 1097 1098
f 1097 1099 1098
f 1098 1099 1100
f 1099 1101 1100
f 1100 1101 1102
f 1101 1103 1102
f 1102 1103 1104
f 1103 1105 1104
f 1104 1105 1106
f 1105 1107 1106
f 1106 1107 1108
f 1107 1109 1108
f 1108 1109 1110
f 1109 1111 1110
f 1110 1111 1112
f 1111 1113 1112
f 1112 1113 1054
f 1113 1055 1054
f 1114 1115 1116
f 1115 1117 1116
f 1116 1117 1118
f 1117 1119 1118
f 1118 1119 1120
f 1119 1121 1120
f 1120 1121 1122
f 1121 1123 1122
f 1122 1123 1124
f 1123 1125 1124
f 1124 1125 1126
f 1125 1127 1126
f 1126 1127 1128
f 1127 1129 1128
f 1128 1129 1130
f 1129 1131 1130
f 1130 1131 1132
f 1131 1133 1132
f 1132 1133 1134
f 1133 1135 1134
f 1134 1135 1136
f 1135 1137 1136
f 1136 1137 1138
f 1137 1139 1138
f 1138 1139 1140
f 1139 1141 1140
f 1140 1141 1142
f 1141 1143 1142
f 1142 1143 1144
f 1143 1145 1144
f 1144 1145 1146
f 1145 1147 1146
f 1146 1147 1148
f 1147 1149 1148
f 1148 1149 1150
f 1149 1151 1150
f 1150 1151 1152
f 1151 1153 1152
f 1152 1153 1154
f 1153 1155 1154
f 1154 1155 1156
f 1155 1157 1156
f 1156 1157 1158
f 1157 1159 1158
f 1158 1159 1160
f 1159 1161 1160
f 1160 1161 1162
f 1161 1163 1162
f 1162 1163 1164
f 1163 1165 1164
f 1164 1165 1166
f 1165 1167 1166
f 1166 1167 1168
f 1167 1169 1168
f 1168 1169 1170
f 1169 1171 1170
f 1170 1171 1172
f 1171 1173 1172
f 1172 1173 1114
f 1173 1115 1114
f 1174 1175 1176
f 1174 1176 1177
f 1176 1178 1177
f 1177 1178 1179
f 1178 1180 1179
f 1179 1180 1181
f 1180 1182 1181
f 1181 1182 1183
f 1182 1184 1183
f 1183 1184 1185
f 1184 1186 1185
f 1185 1186 1187
f 1188 1189 1190
f 1188 1190 1191
f 1190 1192 1191
f 1191 1192 1193
f 1192 1194 1193
f 1193 1194 1195
f 1194 1196 1195
f 1195 1196 1197
f 1196 1198 1197
f 1197 1198 1199
f 1198 1200 1199
f 1199 1200 1201
f 1200 1202 1201
f 1201 1202 1203
f 1202 1204 1203
f 1203 1204 1205
f 1206 1207 1208
f 1207 1209 1208
f 1208 1209 1210
f 1209 1211 1210
f 1210 1211 1212
f 1211 1213 1212
f 1212 1213 1214
f 1213 1215 1214
f 1214 1215 1216
f 1215 1217 1216
f 1216 1217 1204
f 1217 1205 1204
f 1207 1206 1218
f 1207 1218 1219
f 1218 1220 1219
f 1219 1220 1221
f 1220 1222 1221
f 1221 1222 1223
f 1222 1224 1223
f 1223 1224 1225
f 1224 1226 1225
f 1225 1226 1227
f 1226 1228 1227
f 1227 1228 1229
f 1228 1230 1229
f 1229 1230 1231
f 1230 1232 1231
f 1231 1232 1233
f 1233 1232 1234
f 1232 1235 1234
f 1234 1235 1236
f 1235 1237 1236
f 1236 1237 1238
f 1237 1239 1238
f 1238 1239 1240
f 1239 1241 1240
f 1240 1241 1242
f 1241 1243 1242
f 1242 1243 1244
f 1243 1245 1244
f 1244 1245 1246
f 1245 1247 1246
f 1246 1247 1248
f 1247 1249 1248
f 1248 1249 1250
f 1249 1251 1250
f 1250 1251 1252
f 1251 1253 1252
f 1252 1253 1254
f 1253 1255 1254
f 1254 1255 1256
f 1255 1257 1256
f 1256 1257 1258
f 1256 1258 1259
f 1258 1260 1259
f 1259 1260 1261
f 1260 1262 1261
f 1261 1262 1263
f 1262 1264 1263
f 1263 1264 1265
f 1264 1266 1265
f 1265 1266 1267
f 1266 1268 1267
f 1267 1268 1269
f 1268 1270 1269
f 1269 1270 1271
f 1270 1272 1271
f 1271 1272 1273
f 1272 1274 1273
f 1273 1274 1275
f 1274 1276 1275
f 1275 1276 1277
f 1276 1278 1277
f 1277 1278 1279
f 1279 1278 1280
f 1278 1281 1280
f 1280 1281 1282
f 1281 1283 1282
f 1282 1283 1284
f 1283 1285 1284
f 1284 1285 1286
f 1285 1287 1286
f 1286 1287 1288
f 1287 1289 1288
f 1288 1289 1290
f 1289 1291 1290
f 1290 1291 1292
f 1291 1293 1292
f 1292 1293 1294
f 1293 1295 1294
f 1294 1295 1296
f 1295 1297 1296
f 1296 1297 1298
f 1297 1299 1298
f 1298 1299 1300
f 1299 1301 1300
f 1300 1301 1302
f 1301 1303 1302
f 1302 1303 1304
f 1303 1305 1304
f 1304 1305 1306
f 1305 1307 1306
f 1306 1307 1308
f 1307 1309 1308
f 1308 1309 1310
f 1309 1311 1310
f 1310 1311 1312
f 1311 1313 1312
f 1312 1313 1314
f 1313 1315 1314
f 1314 1315 1316
f 1315 1317 1316
f 1316 1317 1318
f 1317 1319 1318
f 1319 1175 1318
f 1318 1175 1174
f 1189 1188 1320
f 1188 1321 1320
f 1320 1321 1322
f 1321 1323 1322
f 1322 1323 1324
f 1323 1325 1324
f 1324 1325 1326
f 1325 1327 1326
f 1326 1327 1328
f 1327 1329 1328
f 1328 1329 1330
f 1329 1331 1330
f 1330 1331 1332
f 1331 1333 1332
f 1332 1333 1334
f 1333 1335 1334
f 1334 1335 1336
f 1335 1337 1336
f 1336 1337 1338
f 1337 1339 1338
f 1338 1339 1340
f 1339 1341 1340
f 1340 1341 1342
f 1341 1343 1342
f 1342 1343 1344
f 1343 1345 1344
f 1344 1345 1346
f 1345 1347 1346
f 1346 1347 1186
f 1347 1187 1186
f 1304 1306 1348
f 1310 1349 1308
f 1350 1351 1352
f 1353 1354 1355
f 1356 1357 1358
f 1359 1360 1361
f 1360 1359 1362
f 1363 1364 1365
f 1366 1367 1368
f 1369 1370 1335
f 1368 1367 1371
f 1372 1373 1374
f 1372 1374 1375
f 1376 1377 1343
f 1378 1379 1345
f 1185 1187 1380
f 1380 1187 1381
f 1179 1181 1380
f 1181 1183 1380
f 1380 1183 1185
f 1187 1347 1381
f 1347 1382 1381
f 1381 1382 1383
f 1384 1316 1385
f 1316 1318 1385
f 1385 1318 1386
f 1318 1174 1386
f 1382 1386 1383
f 1386 1174 1383
f 1383 1174 1380
f 1174 1177 1380
f 1380 1177 1179
f 1345 1387 1347
f 1387 1388 1347
f 1347 1388 1382
f 1389 1316 1390
f 1316 1384 1390
f 1390 1384 1391
f 1384 1387 1391
f 1387 1345 1391
f 1391 1345 1392
f 1345 1379 1392
f 1392 1379 1389
f 1379 1393 1389
f 1389 1393 1316
f 1393 1394 1316
f 1312 1314 1395
f 1314 1396 1395
f 1314 1316 1396
f 1316 1394 1396
f 1396 1394 1397
f 1394 1398 1397
f 1397 1398 1377
f 1398 1378 1377
f 1377 1378 1343
f 1378 1345 1343
f 1343 1341 1376
f 1341 1399 1376
f 1376 1399 1400
f 1399 1401 1400
f 1400 1401 1402
f 1339 1403 1341
f 1403 1404 1341
f 1341 1404 1399
f 1405 1406 1407
f 1406 1408 1407
f 1407 1408 1409
f 1395 1402 1312
f 1402 1401 1312
f 1312 1401 1310
f 1401 1406 1310
f 1310 1406 1349
f 1406 1405 1349
f 1349 1405 1410
f 1408 1403 1409
f 1403 1339 1409
f 1409 1339 1411
f 1339 1337 1411
f 1412 1413 1414
f 1413 1415 1414
f 1414 1415 1410
f 1415 1375 1410
f 1410 1375 1349
f 1375 1374 1349
f 1414 1411 1412
f 1411 1337 1412
f 1412 1337 1416
f 1337 1417 1416
f 1367 1418 1371
f 1418 1419 1371
f 1371 1419 1420
f 1335 1333 1369
f 1333 1421 1369
f 1369 1421 1422
f 1421 1423 1422
f 1422 1423 1366
f 1423 1424 1366
f 1366 1424 1367
f 1424 1425 1367
f 1367 1425 1418
f 1364 1363 1426
f 1329 1427 1331
f 1427 1428 1331
f 1331 1428 1333
f 1428 1429 1333
f 1333 1429 1421
f 1430 1431 1432
f 1431 1361 1432
f 1432 1361 1433
f 1361 1360 1433
f 1433 1360 1434
f 1360 1362 1434
f 1434 1362 1365
f 1362 1435 1365
f 1365 1435 1363
f 1363 1427 1426
f 1427 1329 1426
f 1426 1329 1436
f 1329 1437 1436
f 1436 1437 1356
f 1437 1438 1356
f 1356 1438 1357
f 1438 1355 1357
f 1357 1355 1358
f 1355 1354 1358
f 1439 1440 1441
f 1432 1442 1430
f 1442 1353 1430
f 1430 1353 1443
f 1353 1355 1443
f 1443 1355 1444
f 1355 1438 1444
f 1327 1445 1329
f 1445 1446 1329
f 1329 1446 1437
f 1447 1448 1449
f 1449 1448 1450
f 1441 1451 1439
f 1451 1450 1439
f 1439 1450 1452
f 1450 1448 1452
f 1444 1441 1443
f 1441 1440 1443
f 1443 1440 1453
f 1440 1454 1453
f 1453 1454 1455
f 1454 1456 1455
f 1449 1445 1447
f 1445 1327 1447
f 1447 1327 1457
f 1327 1458 1457
f 1454 1459 1456
f 1459 1460 1456
f 1456 1460 1461
f 1460 1462 1461
f 1463 1464 1465
f 1464 1466 1465
f 1465 1466 1467
f 1466 1468 1467
f 1467 1468 1469
f 1351 1350 1470
f 1323 1471 1325
f 1471 1472 1325
f 1325 1472 1473
f 1474 1475 1476
f 1475 1477 1476
f 1476 1477 1478
f 1477 1479 1478
f 1350 1471 1470
f 1471 1323 1470
f 1470 1323 1480
f 1323 1481 1480
f 1482 1481 1483
f 1481 1323 1483
f 1483 1323 1484
f 1323 1321 1484
f 1484 1321 1485
f 1477 1486 1479
f 1486 1487 1479
f 1479 1487 1488
f 1487 1489 1488
f 1488 1489 1490
f 1489 1482 1490
f 1490 1482 1491
f 1482 1483 1491
f 1492 1234 1493
f 1493 1234 1494
f 1234 1236 1494
f 1494 1236 1478
f 1156 1495 1154
f 1495 1496 1154
f 1154 1496 1152
f 1496 1150 1152
f 1265 1132 1263
f 1132 1134 1263
f 1263 1134 1261
f 1134 1136 1261
f 1136 1138 1261
f 1138 1140 1261
f 1261 1140 1142
f 1144 1146 1496
f 1146 1148 1496
f 1496 1148 1150
f 1156 1158 1495
f 1158 1160 1495
f 1495 1160 1497
f 1160 1162 1497
f 1162 1164 1497
f 1497 1164 1166
f 1166 1168 1497
f 1168 1170 1497
f 1497 1170 1172
f 1172 1114 1279
f 1114 1116 1279
f 1279 1116 1277
f 1116 1118 1277
f 1277 1118 1275
f 1118 1120 1275
f 1275 1120 1273
f 1120 1122 1273
f 1273 1122 1271
f 1122 1124 1271
f 1271 1124 1269
f 1124 1126 1269
f 1269 1126 1267
f 1126 1128 1267
f 1267 1128 1265
f 1128 1130 1265
f 1265 1130 1132
f 1304 1348 1302
f 1348 1419 1302
f 1302 1419 1300
f 1300 1419 1298
f 1419 1418 1298
f 1298 1418 1498
f 1418 1425 1498
f 1498 1425 1431
f 1425 1499 1431
f 1431 1499 1361
f 1499 1500 1361
f 1361 1500 1359
f 1501 1292 1502
f 1292 1294 1502
f 1502 1294 1296
f 1282 1284 1497
f 1172 1279 1497
f 1279 1280 1497
f 1497 1280 1282
f 1284 1286 1497
f 1286 1288 1497
f 1497 1288 1290
f 1248 1250 1496
f 1250 1252 1496
f 1252 1254 1496
f 1496 1254 1256
f 1142 1144 1261
f 1144 1496 1261
f 1261 1496 1259
f 1496 1256 1259
f 1478 1236 1476
f 1236 1238 1476
f 1476 1238 1474
f 1238 1240 1474
f 1474 1240 1503
f 1240 1242 1503
f 1503 1242 1504
f 1242 1244 1504
f 1504 1244 1496
f 1244 1246 1496
f 1496 1246 1248
f 1022 1024 1505
f 1024 1026 1505
f 1505 1026 1028
f 1028 1030 1505
f 1030 1032 1505
f 1505 1032 1034
f 1034 1036 1505
f 1036 1038 1505
f 1505 1038 1040
f 1040 1042 1492
f 1042 1044 1492
f 998 1000 1234
f 1234 1006 1233
f 1006 1008 1233
f 1014 1016 1227
f 1016 1018 1227
f 1227 1018 1020
f 1000 1002 1234
f 1002 1004 1234
f 1234 1004 1006
f 1008 1010 1233
f 1010 1012 1233
f 1233 1012 1231
f 1012 1014 1231
f 1231 1014 1229
f 1014 1227 1229
f 1044 1046 1492
f 1046 1048 1492
f 1492 1048 1050
f 1050 1052 1492
f 1052 994 1492
f 1492 994 1234
f 994 996 1234
f 1234 996 998
f 1209 1207 1227
f 1207 1219 1227
f 1227 1219 1225
f 1219 1221 1225
f 1225 1221 1223
f 1197 1199 1201
f 1506 1195 1205
f 1197 1201 1195
f 1201 1203 1195
f 1195 1203 1205
f 1506 1070 1072
f 1321 1110 1112
f 1054 1056 1507
f 1056 1058 1507
f 1068 1507 1066
f 1507 1064 1066
f 1086 1088 1195
f 1104 1106 1321
f 1106 1108 1321
f 1321 1108 1110
f 1112 1054 1321
f 1054 1507 1321
f 1321 1507 1485
f 1507 1508 1485
f 1485 1508 1509
f 1508 1510 1509
f 1509 1510 1511
f 1510 1512 1511
f 1511 1512 1513
f 1512 1492 1513
f 1513 1492 1514
f 1492 1493 1514
f 1058 1060 1507
f 1060 1062 1507
f 1507 1062 1064
f 1072 1074 1506
f 1074 1076 1506
f 1506 1076 1078
f 1088 1090 1195
f 1090 1092 1195
f 1195 1092 1193
f 1092 1094 1193
f 1193 1094 1191
f 1094 1096 1191
f 1191 1096 1188
f 1096 1098 1188
f 1098 1100 1188
f 1188 1100 1321
f 1100 1102 1321
f 1321 1102 1104
f 1078 1080 1506
f 1080 1082 1506
f 1506 1082 1195
f 1082 1084 1195
f 1195 1084 1086
f 1337 1335 1417
f 1335 1370 1417
f 1417 1370 1372
f 1370 1420 1372
f 1372 1420 1373
f 1420 1419 1373
f 1373 1419 1374
f 1419 1348 1374
f 1374 1348 1349
f 1348 1306 1349
f 1349 1306 1308
f 1327 1325 1458
f 1325 1473 1458
f 1458 1473 1462
f 1473 1515 1462
f 1462 1515 1461
f 1515 1516 1461
f 1461 1516 1456
f 1516 1464 1456
f 1456 1464 1455
f 1464 1463 1455
f 1455 1463 1453
f 1463 1517 1453
f 1453 1517 1443
f 1517 1518 1443
f 1443 1518 1430
f 1518 1519 1430
f 1430 1519 1431
f 1519 1501 1431
f 1431 1501 1498
f 1501 1502 1498
f 1498 1502 1298
f 1502 1296 1298
f 1290 1292 1497
f 1292 1501 1497
f 1497 1501 1495
f 1501 1519 1495
f 1495 1519 1496
f 1519 1518 1496
f 1496 1518 1504
f 1518 1517 1504
f 1504 1517 1503
f 1517 1463 1503
f 1503 1463 1474
f 1463 1465 1474
f 1474 1465 1475
f 1465 1467 1475
f 1475 1467 1520
f 1467 1469 1520
f 1520 1469 1352
f 1469 1521 1352
f 1352 1521 1350
f 1040 1492 1505
f 1492 1512 1505
f 1505 1512 1522
f 1512 1510 1522
f 1522 1510 1523
f 1510 1508 1523
f 1523 1508 1524
f 1508 1507 1524
f 1524 1507 1506
f 1507 1068 1506
f 1506 1068 1070
f 1020 1022 1227
f 1022 1505 1227
f 1227 1505 1209
f 1505 1522 1209
f 1209 1522 1211
f 1522 1523 1211
f 1211 1523 1213
f 1523 1524 1213
f 1213 1524 1215
f 1524 1506 1215
f 1215 1506 1217
f 1506 1205 1217
f 1525 1526 1527
f 1528 1529 1530
f 1529 1531 1530
f 1530 1531 1532
f 1178 1176 1175
f 1533 1344 1346
f 1534 1344 1535
f 1344 1533 1535
f 1535 1533 1536
f 1313 1537 1538
f 1313 1538 1315
f 1538 1539 1315
f 1315 1539 1317
f 1540 1541 1346
f 1317 1542 1543
f 1182 1180 1184
f 1180 1540 1184
f 1184 1540 1186
f 1540 1346 1186
f 1317 1543 1319
f 1543 1544 1319
f 1319 1544 1175
f 1180 1178 1540
f 1178 1175 1540
f 1540 1175 1545
f 1175 1544 1545
f 1545 1544 1541
f 1544 1546 1541
f 1541 1546 1346
f 1546 1547 1346
f 1346 1547 1533
f 1548 1317 1549
f 1317 1539 1549
f 1549 1539 1550
f 1539 1551 1550
f 1550 1551 1552
f 1551 1553 1552
f 1533 1542 1536
f 1542 1317 1536
f 1536 1317 1554
f 1317 1548 1554
f 1554 1548 1534
f 1548 1555 1534
f 1534 1555 1344
f 1555 1552 1344
f 1344 1552 1342
f 1552 1553 1342
f 1342 1553 1340
f 1553 1556 1340
f 1340 1556 1557
f 1556 1558 1557
f 1557 1558 1559
f 1558 1537 1559
f 1537 1313 1559
f 1313 1311 1559
f 1559 1311 1560
f 1561 1562 1563
f 1311 1563 1560
f 1563 1562 1560
f 1560 1562 1564
f 1562 1565 1564
f 1564 1565 1566
f 1565 1567 1566
f 1557 1568 1340
f 1568 1566 1340
f 1340 1566 1338
f 1566 1567 1338
f 1338 1567 1336
f 1567 1569 1336
f 1334 1570 1332
f 1570 1571 1332
f 1572 1573 1574
f 1573 1575 1574
f 1576 1577 1578
f 1579 1580 1581
f 1580 1582 1581
f 1581 1582 1583
f 1582 1584 1583
f 1583 1584 1585
f 1586 1328 1330
f 1587 1328 1588
f 1328 1586 1588
f 1588 1586 1585
f 1586 1589 1585
f 1585 1589 1583
f 1579 1578 1580
f 1578 1577 1580
f 1580 1577 1582
f 1577 1590 1582
f 1590 1577 1591
f 1577 1576 1591
f 1591 1576 1592
f 1576 1593 1592
f 1592 1593 1594
f 1593 1595 1594
f 1594 1595 1596
f 1597 1598 1596
f 1598 1599 1596
f 1596 1599 1594
f 1600 1601 1602
f 1597 1596 1603
f 1596 1595 1603
f 1603 1595 1601
f 1602 1604 1600
f 1604 1605 1600
f 1600 1605 1606
f 1605 1607 1606
f 1606 1607 1608
f 1607 1609 1608
f 1610 1326 1611
f 1326 1328 1611
f 1611 1328 1612
f 1328 1587 1612
f 1612 1587 1597
f 1587 1613 1597
f 1597 1613 1598
f 1613 1614 1598
f 1598 1614 1599
f 1615 1324 1616
f 1324 1326 1616
f 1616 1326 1609
f 1326 1610 1609
f 1609 1610 1608
f 1601 1595 1602
f 1595 1617 1602
f 1602 1617 1618
f 1617 1619 1618
f 1618 1619 1620
f 1621 1322 1622
f 1322 1324 1622
f 1622 1324 1623
f 1324 1615 1623
f 1623 1615 1624
f 1615 1625 1624
f 1625 1626 1624
f 1626 1627 1624
f 1624 1627 1628
f 1625 1629 1626
f 1629 1620 1626
f 1626 1620 1627
f 1620 1619 1627
f 1627 1619 1628
f 1619 1630 1628
f 1631 1632 1633
f 1632 1630 1634
f 1635 1636 1637
f 1636 1638 1637
f 1637 1638 1639
f 1638 1640 1639
f 1639 1640 1641
f 1640 1642 1641
f 1641 1642 1621
f 1643 1320 1322
f 1621 1642 1322
f 1642 1644 1322
f 1322 1644 1643
f 1637 1631 1635
f 1631 1633 1635
f 1635 1633 1636
f 1633 1645 1636
f 1525 1237 1646
f 1237 1235 1646
f 1646 1235 1647
f 1648 1649 1157
f 1157 1155 1648
f 1155 1153 1648
f 1648 1153 1151
f 1145 1143 1260
f 1143 1141 1260
f 1260 1141 1139
f 1151 1149 1648
f 1149 1147 1648
f 1648 1147 1145
f 1165 1163 1650
f 1163 1161 1650
f 1650 1161 1649
f 1161 1159 1649
f 1649 1159 1157
f 1139 1137 1260
f 1137 1135 1260
f 1260 1135 1262
f 1135 1133 1262
f 1262 1133 1264
f 1133 1131 1264
f 1264 1131 1266
f 1131 1129 1266
f 1266 1129 1268
f 1129 1127 1268
f 1268 1127 1270
f 1127 1125 1270
f 1270 1125 1272
f 1125 1123 1272
f 1272 1123 1274
f 1123 1121 1274
f 1274 1121 1276
f 1121 1119 1276
f 1276 1119 1278
f 1119 1117 1278
f 1117 1115 1278
f 1278 1115 1650
f 1115 1173 1650
f 1650 1173 1171
f 1171 1169 1650
f 1169 1167 1650
f 1650 1167 1165
f 1049 1647 1051
f 1647 1053 1051
f 1049 1047 1647
f 1047 1045 1647
f 1647 1045 1043
f 1041 1039 1651
f 1039 1037 1651
f 1651 1037 1035
f 1007 1235 1009
f 1235 1232 1009
f 1007 1005 1235
f 1005 1003 1235
f 1235 1003 1001
f 1035 1033 1651
f 1033 1031 1651
f 1651 1031 1029
f 1021 1019 1226
f 1019 1017 1226
f 1226 1017 1228
f 1017 1015 1228
f 1228 1015 1230
f 1015 1013 1230
f 1230 1013 1232
f 1013 1011 1232
f 1232 1011 1009
f 1001 999 1235
f 999 997 1235
f 1235 997 1647
f 997 995 1647
f 1647 995 1053
f 1029 1027 1651
f 1027 1025 1651
f 1651 1025 1226
f 1025 1023 1226
f 1226 1023 1021
f 1525 1527 1237
f 1527 1652 1237
f 1237 1652 1239
f 1652 1653 1239
f 1239 1653 1241
f 1653 1654 1241
f 1241 1654 1243
f 1251 1249 1648
f 1249 1247 1648
f 1648 1247 1654
f 1247 1245 1654
f 1654 1245 1243
f 1257 1255 1648
f 1255 1253 1648
f 1648 1253 1251
f 1145 1260 1648
f 1260 1258 1648
f 1648 1258 1257
f 1291 1289 1650
f 1289 1287 1650
f 1650 1287 1285
f 1285 1283 1650
f 1283 1281 1650
f 1650 1281 1278
f 1655 1295 1656
f 1295 1293 1656
f 1657 1299 1297
f 1578 1658 1576
f 1658 1575 1576
f 1576 1575 1657
f 1575 1573 1657
f 1657 1573 1299
f 1573 1659 1299
f 1307 1305 1660
f 1305 1303 1660
f 1660 1303 1301
f 1311 1309 1563
f 1309 1307 1563
f 1563 1307 1661
f 1307 1660 1661
f 1661 1660 1659
f 1660 1301 1659
f 1659 1301 1299
f 1113 1320 1055
f 1320 1662 1055
f 1055 1662 1057
f 1095 1093 1194
f 1063 1061 1662
f 1061 1059 1662
f 1662 1059 1057
f 1113 1111 1320
f 1111 1109 1320
f 1320 1109 1107
f 1107 1105 1320
f 1105 1103 1320
f 1320 1103 1189
f 1103 1101 1189
f 1071 1069 1662
f 1069 1067 1662
f 1067 1065 1662
f 1662 1065 1063
f 1101 1099 1189
f 1099 1097 1189
f 1189 1097 1190
f 1097 1095 1190
f 1190 1095 1192
f 1095 1194 1192
f 1093 1091 1194
f 1091 1089 1194
f 1194 1089 1087
f 1079 1077 1663
f 1077 1075 1663
f 1663 1075 1073
f 1087 1085 1194
f 1085 1083 1194
f 1194 1083 1663
f 1083 1081 1663
f 1663 1081 1079
f 1198 1196 1200
f 1196 1194 1200
f 1200 1194 1202
f 1652 1634 1653
f 1634 1664 1653
f 1653 1664 1654
f 1664 1665 1654
f 1654 1665 1648
f 1665 1666 1648
f 1648 1666 1649
f 1666 1656 1649
f 1649 1656 1650
f 1656 1293 1650
f 1650 1293 1291
f 1632 1634 1633
f 1634 1652 1633
f 1633 1652 1645
f 1652 1527 1645
f 1645 1527 1667
f 1527 1526 1667
f 1667 1526 1668
f 1526 1669 1668
f 1668 1669 1670
f 1669 1671 1670
f 1670 1671 1672
f 1671 1673 1672
f 1672 1673 1674
f 1673 1675 1674
f 1674 1675 1643
f 1675 1676 1643
f 1643 1676 1320
f 1676 1677 1320
f 1320 1677 1662
f 1677 1678 1662
f 1662 1678 1679
f 1678 1680 1679
f 1679 1680 1681
f 1680 1682 1681
f 1681 1682 1683
f 1682 1684 1683
f 1683 1684 1647
f 1684 1685 1647
f 1647 1685 1646
f 1630 1619 1634
f 1619 1617 1634
f 1634 1617 1664
f 1617 1595 1664
f 1664 1595 1665
f 1595 1593 1665
f 1665 1593 1666
f 1593 1576 1666
f 1666 1576 1656
f 1576 1657 1656
f 1656 1657 1655
f 1657 1297 1655
f 1655 1297 1295
f 1530 1570 1528
f 1570 1334 1528
f 1528 1334 1686
f 1334 1336 1686
f 1686 1336 1687
f 1336 1569 1687
f 1687 1569 1688
f 1569 1689 1688
f 1688 1689 1690
f 1689 1561 1690
f 1690 1561 1691
f 1561 1563 1691
f 1691 1563 1529
f 1563 1661 1529
f 1529 1661 1531
f 1661 1659 1531
f 1531 1659 1532
f 1659 1573 1532
f 1532 1573 1692
f 1573 1572 1692
f 1692 1572 1693
f 1572 1574 1693
f 1693 1574 1694
f 1574 1695 1694
f 1694 1695 1571
f 1695 1696 1571
f 1571 1696 1332
f 1696 1697 1332
f 1332 1697 1330
f 1697 1698 1330
f 1330 1698 1586
f 1043 1041 1647
f 1041 1651 1647
f 1647 1651 1683
f 1651 1699 1683
f 1683 1699 1681
f 1699 1700 1681
f 1681 1700 1679
f 1700 1701 1679
f 1679 1701 1662
f 1701 1663 1662
f 1662 1663 1071
f 1663 1073 1071
f 1222 1220 1224
f 1220 1218 1224
f 1224 1218 1226
f 1218 1206 1226
f 1226 1206 1651
f 1206 1208 1651
f 1651 1208 1699
f 1208 1210 1699
f 1699 1210 1700
f 1210 1212 1700
f 1700 1212 1701
f 1212 1214 1701
f 1701 1214 1663
f 1214 1216 1663
f 1663 1216 1194
f 1216 1204 1194
f 1194 1204 1202
f 1494 1525 1493
f 1525 1646 1493
f 1525 1494 1526
f 1494 1478 1526
f 1526 1478 1669
f 1478 1479 1669
f 1669 1479 1671
f 1479 1488 1671
f 1671 1488 1673
f 1488 1490 1673
f 1673 1490 1675
f 1490 1491 1675
f 1675 1491 1676
f 1491 1483 1676
f 1483 1484 1676
f 1484 1677 1676
f 1677 1484 1678
f 1484 1485 1678
f 1678 1485 1680
f 1485 1509 1680
f 1680 1509 1682
f 1509 1511 1682
f 1682 1511 1684
f 1511 1513 1684
f 1684 1513 1685
f 1513 1514 1685
f 1685 1514 1646
f 1514 1493 1646
f 1480 1481 1644
f 1481 1643 1644
f 1643 1481 1674
f 1481 1482 1674
f 1674 1482 1672
f 1482 1489 1672
f 1672 1489 1670
f 1489 1487 1670
f 1670 1487 1668
f 1487 1486 1668
f 1668 1486 1667
f 1486 1477 1667
f 1475 1645 1477
f 1645 1667 1477
f 1480 1644 1470
f 1644 1642 1470
f 1470 1642 1351
f 1642 1640 1351
f 1351 1640 1352
f 1640 1638 1352
f 1352 1638 1520
f 1638 1636 1520
f 1520 1636 1475
f 1636 1645 1475
f 1472 1471 1622
f 1471 1621 1622
f 1466 1632 1468
f 1632 1631 1468
f 1468 1631 1469
f 1631 1637 1469
f 1469 1637 1521
f 1637 1639 1521
f 1521 1639 1350
f 1639 1641 1350
f 1350 1641 1471
f 1641 1621 1471
f 1464 1630 1466
f 1630 1632 1466
f 1472 1622 1473
f 1622 1623 1473
f 1473 1623 1515
f 1623 1624 1515
f 1515 1624 1516
f 1624 1628 1516
f 1516 1628 1464
f 1628 1630 1464
f 1457 1458 1616
f 1458 1615 1616
f 1454 1618 1459
f 1618 1620 1459
f 1459 1620 1460
f 1620 1629 1460
f 1460 1629 1462
f 1629 1625 1462
f 1462 1625 1458
f 1625 1615 1458
f 1440 1602 1454
f 1602 1618 1454
f 1457 1616 1447
f 1616 1609 1447
f 1447 1609 1448
f 1609 1607 1448
f 1448 1607 1452
f 1607 1605 1452
f 1452 1605 1439
f 1605 1604 1439
f 1439 1604 1440
f 1604 1602 1440
f 1612 1437 1611
f 1437 1446 1611
f 1611 1446 1610
f 1446 1445 1610
f 1441 1601 1451
f 1601 1600 1451
f 1451 1600 1450
f 1600 1606 1450
f 1450 1606 1449
f 1606 1608 1449
f 1449 1608 1445
f 1608 1610 1445
f 1444 1603 1441
f 1603 1601 1441
f 1437 1612 1438
f 1612 1597 1438
f 1438 1597 1444
f 1597 1603 1444
f 1426 1436 1588
f 1436 1587 1588
f 1442 1592 1353
f 1592 1594 1353
f 1353 1594 1354
f 1594 1599 1354
f 1354 1599 1358
f 1599 1614 1358
f 1358 1614 1356
f 1614 1613 1356
f 1356 1613 1436
f 1613 1587 1436
f 1432 1591 1442
f 1591 1592 1442
f 1426 1588 1364
f 1588 1585 1364
f 1364 1585 1365
f 1585 1584 1365
f 1365 1584 1434
f 1584 1582 1434
f 1434 1582 1433
f 1582 1590 1433
f 1433 1590 1432
f 1590 1591 1432
f 1697 1429 1698
f 1429 1428 1698
f 1698 1428 1586
f 1428 1427 1586
f 1499 1658 1500
f 1658 1578 1500
f 1500 1578 1359
f 1578 1579 1359
f 1359 1579 1362
f 1579 1581 1362
f 1362 1581 1435
f 1581 1583 1435
f 1435 1583 1363
f 1583 1589 1363
f 1363 1589 1427
f 1589 1586 1427
f 1425 1575 1499
f 1575 1658 1499
f 1377 1553 1397
f 1553 1551 1397
f 1397 1551 1396
f 1551 1539 1396
f 1379 1378 1555
f 1378 1552 1555
f 1394 1549 1398
f 1549 1550 1398
f 1398 1550 1378
f 1550 1552 1378
f 1393 1548 1394
f 1548 1549 1394
f 1393 1379 1548
f 1379 1555 1548
f 1391 1392 1535
f 1392 1534 1535
f 1392 1389 1534
f 1389 1554 1534
f 1390 1536 1389
f 1536 1554 1389
f 1390 1391 1536
f 1391 1535 1536
f 1388 1387 1547
f 1387 1533 1547
f 1381 1383 1541
f 1383 1545 1541
f 1380 1540 1383
f 1540 1545 1383
f 1380 1381 1540
f 1381 1541 1540
f 1388 1547 1382
f 1547 1546 1382
f 1382 1546 1386
f 1546 1544 1386
f 1386 1544 1385
f 1544 1543 1385
f 1385 1543 1384
f 1543 1542 1384
f 1384 1542 1387
f 1542 1533 1387
f 1396 1539 1395
f 1539 1538 1395
f 1395 1538 1402
f 1538 1537 1402
f 1402 1537 1400
f 1537 1558 1400
f 1400 1558 1376
f 1558 1556 1376
f 1377 1376 1553
f 1376 1556 1553
f 1401 1399 1559
f 1399 1557 1559
f 1401 1559 1406
f 1559 1560 1406
f 1406 1560 1408
f 1560 1564 1408
f 1408 1564 1403
f 1564 1566 1403
f 1557 1399 1568
f 1399 1404 1568
f 1568 1404 1566
f 1404 1403 1566
f 1409 1567 1407
f 1567 1565 1407
f 1407 1565 1405
f 1565 1562 1405
f 1405 1562 1410
f 1562 1561 1410
f 1410 1561 1414
f 1561 1689 1414
f 1414 1689 1411
f 1689 1569 1411
f 1409 1411 1567
f 1411 1569 1567
f 1416 1686 1412
f 1686 1687 1412
f 1412 1687 1413
f 1687 1688 1413
f 1413 1688 1415
f 1688 1690 1415
f 1415 1690 1375
f 1690 1691 1375
f 1375 1691 1372
f 1691 1529 1372
f 1417 1372 1528
f 1372 1529 1528
f 1416 1417 1686
f 1417 1528 1686
f 1420 1370 1530
f 1370 1570 1530
f 1420 1530 1371
f 1530 1532 1371
f 1371 1532 1368
f 1532 1692 1368
f 1368 1692 1366
f 1692 1693 1366
f 1366 1693 1422
f 1693 1694 1422
f 1422 1694 1369
f 1694 1571 1369
f 1370 1369 1570
f 1369 1571 1570
f 1429 1697 1421
f 1697 1696 1421
f 1421 1696 1423
f 1696 1695 1423
f 1423 1695 1424
f 1695 1574 1424
f 1424 1574 1425
f 1574 1575 1425

